<?xml version="1.0" encoding="utf-8" ?>
<kml xmlns="http://www.opengis.net/kml/2.2">
<Document id="root_doc">
<Schema name="buildings" id="buildings">
	<SimpleField name="full_id" type="string"></SimpleField>
	<SimpleField name="osm_id" type="string"></SimpleField>
	<SimpleField name="osm_type" type="string"></SimpleField>
	<SimpleField name="building" type="string"></SimpleField>
	<SimpleField name="guest_hous" type="string"></SimpleField>
	<SimpleField name="internet_a" type="string"></SimpleField>
	<SimpleField name="barrier" type="string"></SimpleField>
	<SimpleField name="access" type="string"></SimpleField>
	<SimpleField name="min_height" type="string"></SimpleField>
	<SimpleField name="name_si" type="string"></SimpleField>
	<SimpleField name="layer" type="string"></SimpleField>
	<SimpleField name="building_m" type="string"></SimpleField>
	<SimpleField name="roof_mater" type="string"></SimpleField>
	<SimpleField name="int_name" type="string"></SimpleField>
	<SimpleField name="education" type="string"></SimpleField>
	<SimpleField name="tower_type" type="string"></SimpleField>
	<SimpleField name="building_1" type="string"></SimpleField>
	<SimpleField name="healthcare" type="string"></SimpleField>
	<SimpleField name="emergency" type="string"></SimpleField>
	<SimpleField name="government" type="string"></SimpleField>
	<SimpleField name="atm" type="string"></SimpleField>
	<SimpleField name="brand_wiki" type="string"></SimpleField>
	<SimpleField name="brand_wi_1" type="string"></SimpleField>
	<SimpleField name="brand" type="string"></SimpleField>
	<SimpleField name="stars" type="string"></SimpleField>
	<SimpleField name="descriptio" type="string"></SimpleField>
	<SimpleField name="capacity" type="string"></SimpleField>
	<SimpleField name="ruins" type="string"></SimpleField>
	<SimpleField name="email" type="string"></SimpleField>
	<SimpleField name="name_alt" type="string"></SimpleField>
	<SimpleField name="man_made" type="string"></SimpleField>
	<SimpleField name="cuisine" type="string"></SimpleField>
	<SimpleField name="roof_level" type="string"></SimpleField>
	<SimpleField name="start_date" type="string"></SimpleField>
	<SimpleField name="roof_orien" type="string"></SimpleField>
	<SimpleField name="fax" type="string"></SimpleField>
	<SimpleField name="fair_trade" type="string"></SimpleField>
	<SimpleField name="smoking" type="string"></SimpleField>
	<SimpleField name="rooms" type="string"></SimpleField>
	<SimpleField name="internet_1" type="string"></SimpleField>
	<SimpleField name="internet_2" type="string"></SimpleField>
	<SimpleField name="level" type="string"></SimpleField>
	<SimpleField name="phone" type="string"></SimpleField>
	<SimpleField name="wikipedia" type="string"></SimpleField>
	<SimpleField name="wikimedia_" type="string"></SimpleField>
	<SimpleField name="wikidata" type="string"></SimpleField>
	<SimpleField name="website" type="string"></SimpleField>
	<SimpleField name="operator" type="string"></SimpleField>
	<SimpleField name="opening_ho" type="string"></SimpleField>
	<SimpleField name="office" type="string"></SimpleField>
	<SimpleField name="addr_house" type="string"></SimpleField>
	<SimpleField name="check_date" type="string"></SimpleField>
	<SimpleField name="roof_colou" type="string"></SimpleField>
	<SimpleField name="floor_mate" type="string"></SimpleField>
	<SimpleField name="building_c" type="string"></SimpleField>
	<SimpleField name="roof_shape" type="string"></SimpleField>
	<SimpleField name="roof_heigh" type="string"></SimpleField>
	<SimpleField name="height" type="string"></SimpleField>
	<SimpleField name="addr_postc" type="string"></SimpleField>
	<SimpleField name="addr_hou_1" type="string"></SimpleField>
	<SimpleField name="shop" type="string"></SimpleField>
	<SimpleField name="is_in" type="string"></SimpleField>
	<SimpleField name="tourism" type="string"></SimpleField>
	<SimpleField name="name_zh" type="string"></SimpleField>
	<SimpleField name="historic" type="string"></SimpleField>
	<SimpleField name="alt_name" type="string"></SimpleField>
	<SimpleField name="building_l" type="string"></SimpleField>
	<SimpleField name="name_en" type="string"></SimpleField>
	<SimpleField name="image" type="string"></SimpleField>
	<SimpleField name="denominati" type="string"></SimpleField>
	<SimpleField name="addr_stree" type="string"></SimpleField>
	<SimpleField name="addr_city" type="string"></SimpleField>
	<SimpleField name="religion" type="string"></SimpleField>
	<SimpleField name="amenity" type="string"></SimpleField>
	<SimpleField name="type" type="string"></SimpleField>
</Schema>
<Folder><name>buildings</name>
  <Placemark id="buildings.1">
	<Style><LineStyle><color>ff0000ff</color></LineStyle><PolyStyle><fill>0</fill></PolyStyle></Style>
	<ExtendedData><SchemaData schemaUrl="#buildings">
		<SimpleData name="full_id">w533297625</SimpleData>
		<SimpleData name="osm_id">533297625</SimpleData>
		<SimpleData name="osm_type">way</SimpleData>
		<SimpleData name="building">yes</SimpleData>
	</SchemaData></ExtendedData>
      <MultiGeometry><Polygon><outerBoundaryIs><LinearRing><coordinates>80.2108048,6.0345829 80.2107612,6.0346129 80.2107846,6.0346465 80.2108282,6.0346165 80.2108048,6.0345829</coordinates></LinearRing></outerBoundaryIs></Polygon></MultiGeometry>
  </Placemark>
  <Placemark id="buildings.2">
	<Style><LineStyle><color>ff0000ff</color></LineStyle><PolyStyle><fill>0</fill></PolyStyle></Style>
	<ExtendedData><SchemaData schemaUrl="#buildings">
		<SimpleData name="full_id">w533297624</SimpleData>
		<SimpleData name="osm_id">533297624</SimpleData>
		<SimpleData name="osm_type">way</SimpleData>
		<SimpleData name="building">yes</SimpleData>
	</SchemaData></ExtendedData>
      <MultiGeometry><Polygon><outerBoundaryIs><LinearRing><coordinates>80.2108128,6.0345322 80.2107626,6.0344686 80.2107029,6.0345153 80.2107532,6.0345789 80.2108128,6.0345322</coordinates></LinearRing></outerBoundaryIs></Polygon></MultiGeometry>
  </Placemark>
  <Placemark id="buildings.3">
	<Style><LineStyle><color>ff0000ff</color></LineStyle><PolyStyle><fill>0</fill></PolyStyle></Style>
	<ExtendedData><SchemaData schemaUrl="#buildings">
		<SimpleData name="full_id">w533297623</SimpleData>
		<SimpleData name="osm_id">533297623</SimpleData>
		<SimpleData name="osm_type">way</SimpleData>
		<SimpleData name="building">yes</SimpleData>
	</SchemaData></ExtendedData>
      <MultiGeometry><Polygon><outerBoundaryIs><LinearRing><coordinates>80.210725,6.0345715 80.210676,6.0344829 80.2106371,6.0345041 80.2106861,6.0345928 80.210725,6.0345715</coordinates></LinearRing></outerBoundaryIs></Polygon></MultiGeometry>
  </Placemark>
  <Placemark id="buildings.4">
	<Style><LineStyle><color>ff0000ff</color></LineStyle><PolyStyle><fill>0</fill></PolyStyle></Style>
	<ExtendedData><SchemaData schemaUrl="#buildings">
		<SimpleData name="full_id">w533297622</SimpleData>
		<SimpleData name="osm_id">533297622</SimpleData>
		<SimpleData name="osm_type">way</SimpleData>
		<SimpleData name="building">yes</SimpleData>
	</SchemaData></ExtendedData>
      <MultiGeometry><Polygon><outerBoundaryIs><LinearRing><coordinates>80.2106398,6.0345442 80.2105748,6.0344368 80.2105317,6.0344626 80.2105968,6.03457 80.2106398,6.0345442</coordinates></LinearRing></outerBoundaryIs></Polygon></MultiGeometry>
  </Placemark>
  <Placemark id="buildings.5">
	<Style><LineStyle><color>ff0000ff</color></LineStyle><PolyStyle><fill>0</fill></PolyStyle></Style>
	<ExtendedData><SchemaData schemaUrl="#buildings">
		<SimpleData name="full_id">w533297621</SimpleData>
		<SimpleData name="osm_id">533297621</SimpleData>
		<SimpleData name="osm_type">way</SimpleData>
		<SimpleData name="building">yes</SimpleData>
	</SchemaData></ExtendedData>
      <MultiGeometry><Polygon><outerBoundaryIs><LinearRing><coordinates>80.2107243,6.0344388 80.2106848,6.0344689 80.210709,6.0345005 80.2107486,6.0344705 80.2107243,6.0344388</coordinates></LinearRing></outerBoundaryIs></Polygon></MultiGeometry>
  </Placemark>
  <Placemark id="buildings.6">
	<Style><LineStyle><color>ff0000ff</color></LineStyle><PolyStyle><fill>0</fill></PolyStyle></Style>
	<ExtendedData><SchemaData schemaUrl="#buildings">
		<SimpleData name="full_id">w533297620</SimpleData>
		<SimpleData name="osm_id">533297620</SimpleData>
		<SimpleData name="osm_type">way</SimpleData>
		<SimpleData name="building">yes</SimpleData>
	</SchemaData></ExtendedData>
      <MultiGeometry><Polygon><outerBoundaryIs><LinearRing><coordinates>80.2107438,6.0344195 80.2106821,6.0343362 80.2106363,6.0343697 80.210698,6.034453 80.2107438,6.0344195</coordinates></LinearRing></outerBoundaryIs></Polygon></MultiGeometry>
  </Placemark>
  <Placemark id="buildings.7">
	<Style><LineStyle><color>ff0000ff</color></LineStyle><PolyStyle><fill>0</fill></PolyStyle></Style>
	<ExtendedData><SchemaData schemaUrl="#buildings">
		<SimpleData name="full_id">w533297618</SimpleData>
		<SimpleData name="osm_id">533297618</SimpleData>
		<SimpleData name="osm_type">way</SimpleData>
		<SimpleData name="building">yes</SimpleData>
	</SchemaData></ExtendedData>
      <MultiGeometry><Polygon><outerBoundaryIs><LinearRing><coordinates>80.2100483,6.0351109 80.2100927,6.0351844 80.210191,6.0351257 80.2100787,6.0349397 80.2100159,6.0349772 80.209897,6.0347803 80.2098412,6.0348136 80.210028,6.035123 80.2100483,6.0351109</coordinates></LinearRing></outerBoundaryIs></Polygon></MultiGeometry>
  </Placemark>
  <Placemark id="buildings.8">
	<Style><LineStyle><color>ff0000ff</color></LineStyle><PolyStyle><fill>0</fill></PolyStyle></Style>
	<ExtendedData><SchemaData schemaUrl="#buildings">
		<SimpleData name="full_id">w533297633</SimpleData>
		<SimpleData name="osm_id">533297633</SimpleData>
		<SimpleData name="osm_type">way</SimpleData>
		<SimpleData name="building">yes</SimpleData>
	</SchemaData></ExtendedData>
      <MultiGeometry><Polygon><outerBoundaryIs><LinearRing><coordinates>80.2106197,6.034887 80.2104963,6.0346876 80.2104226,6.0347327 80.2105272,6.0349441 80.2106197,6.034887</coordinates></LinearRing></outerBoundaryIs></Polygon></MultiGeometry>
  </Placemark>
  <Placemark id="buildings.9">
	<Style><LineStyle><color>ff0000ff</color></LineStyle><PolyStyle><fill>0</fill></PolyStyle></Style>
	<ExtendedData><SchemaData schemaUrl="#buildings">
		<SimpleData name="full_id">w533297632</SimpleData>
		<SimpleData name="osm_id">533297632</SimpleData>
		<SimpleData name="osm_type">way</SimpleData>
		<SimpleData name="building">yes</SimpleData>
	</SchemaData></ExtendedData>
      <MultiGeometry><Polygon><outerBoundaryIs><LinearRing><coordinates>80.2107143,6.0348203 80.2105962,6.0346216 80.2105035,6.034676 80.2106215,6.0348747 80.2107143,6.0348203</coordinates></LinearRing></outerBoundaryIs></Polygon></MultiGeometry>
  </Placemark>
  <Placemark id="buildings.10">
	<Style><LineStyle><color>ff0000ff</color></LineStyle><PolyStyle><fill>0</fill></PolyStyle></Style>
	<ExtendedData><SchemaData schemaUrl="#buildings">
		<SimpleData name="full_id">w533297631</SimpleData>
		<SimpleData name="osm_id">533297631</SimpleData>
		<SimpleData name="osm_type">way</SimpleData>
		<SimpleData name="building">yes</SimpleData>
	</SchemaData></ExtendedData>
      <MultiGeometry><Polygon><outerBoundaryIs><LinearRing><coordinates>80.2109664,6.0347143 80.2108765,6.0345822 80.2108322,6.0346121 80.210922,6.0347441 80.2109664,6.0347143</coordinates></LinearRing></outerBoundaryIs></Polygon></MultiGeometry>
  </Placemark>
  <Placemark id="buildings.11">
	<Style><LineStyle><color>ff0000ff</color></LineStyle><PolyStyle><fill>0</fill></PolyStyle></Style>
	<ExtendedData><SchemaData schemaUrl="#buildings">
		<SimpleData name="full_id">w533297630</SimpleData>
		<SimpleData name="osm_id">533297630</SimpleData>
		<SimpleData name="osm_type">way</SimpleData>
		<SimpleData name="building">yes</SimpleData>
	</SchemaData></ExtendedData>
      <MultiGeometry><Polygon><outerBoundaryIs><LinearRing><coordinates>80.2109047,6.0347449 80.2108303,6.0346296 80.2107863,6.0346576 80.2108607,6.034773 80.2109047,6.0347449</coordinates></LinearRing></outerBoundaryIs></Polygon></MultiGeometry>
  </Placemark>
  <Placemark id="buildings.12">
	<Style><LineStyle><color>ff0000ff</color></LineStyle><PolyStyle><fill>0</fill></PolyStyle></Style>
	<ExtendedData><SchemaData schemaUrl="#buildings">
		<SimpleData name="full_id">w533297629</SimpleData>
		<SimpleData name="osm_id">533297629</SimpleData>
		<SimpleData name="osm_type">way</SimpleData>
		<SimpleData name="building">yes</SimpleData>
	</SchemaData></ExtendedData>
      <MultiGeometry><Polygon><outerBoundaryIs><LinearRing><coordinates>80.2108444,6.0347796 80.2107847,6.0346749 80.2107451,6.0346972 80.2108048,6.0348019 80.2108444,6.0347796</coordinates></LinearRing></outerBoundaryIs></Polygon></MultiGeometry>
  </Placemark>
  <Placemark id="buildings.13">
	<Style><LineStyle><color>ff0000ff</color></LineStyle><PolyStyle><fill>0</fill></PolyStyle></Style>
	<ExtendedData><SchemaData schemaUrl="#buildings">
		<SimpleData name="full_id">w533297628</SimpleData>
		<SimpleData name="osm_id">533297628</SimpleData>
		<SimpleData name="osm_type">way</SimpleData>
		<SimpleData name="building">yes</SimpleData>
	</SchemaData></ExtendedData>
      <MultiGeometry><Polygon><outerBoundaryIs><LinearRing><coordinates>80.2107934,6.0348056 80.2107572,6.0347429 80.2107148,6.0347671 80.210751,6.0348298 80.2107934,6.0348056</coordinates></LinearRing></outerBoundaryIs></Polygon></MultiGeometry>
  </Placemark>
  <Placemark id="buildings.14">
	<Style><LineStyle><color>ff0000ff</color></LineStyle><PolyStyle><fill>0</fill></PolyStyle></Style>
	<ExtendedData><SchemaData schemaUrl="#buildings">
		<SimpleData name="full_id">w533297627</SimpleData>
		<SimpleData name="osm_id">533297627</SimpleData>
		<SimpleData name="osm_type">way</SimpleData>
		<SimpleData name="building">yes</SimpleData>
	</SchemaData></ExtendedData>
      <MultiGeometry><Polygon><outerBoundaryIs><LinearRing><coordinates>80.2107478,6.0347303 80.210721,6.0346869 80.210683,6.0347101 80.2107099,6.0347535 80.2107478,6.0347303</coordinates></LinearRing></outerBoundaryIs></Polygon></MultiGeometry>
  </Placemark>
  <Placemark id="buildings.15">
	<Style><LineStyle><color>ff0000ff</color></LineStyle><PolyStyle><fill>0</fill></PolyStyle></Style>
	<ExtendedData><SchemaData schemaUrl="#buildings">
		<SimpleData name="full_id">w533297626</SimpleData>
		<SimpleData name="osm_id">533297626</SimpleData>
		<SimpleData name="osm_type">way</SimpleData>
		<SimpleData name="building">yes</SimpleData>
	</SchemaData></ExtendedData>
      <MultiGeometry><Polygon><outerBoundaryIs><LinearRing><coordinates>80.210729,6.0346062 80.2106814,6.0346356 80.2107094,6.0346805 80.210757,6.0346511 80.210729,6.0346062</coordinates></LinearRing></outerBoundaryIs></Polygon></MultiGeometry>
  </Placemark>
  <Placemark id="buildings.16">
	<Style><LineStyle><color>ff0000ff</color></LineStyle><PolyStyle><fill>0</fill></PolyStyle></Style>
	<ExtendedData><SchemaData schemaUrl="#buildings">
		<SimpleData name="full_id">w516537165</SimpleData>
		<SimpleData name="osm_id">516537165</SimpleData>
		<SimpleData name="osm_type">way</SimpleData>
		<SimpleData name="building">yes</SimpleData>
	</SchemaData></ExtendedData>
      <MultiGeometry><Polygon><outerBoundaryIs><LinearRing><coordinates>80.2162611,6.0258573 80.2161699,6.0258359 80.2161501,6.0259195 80.2162413,6.0259408 80.2162611,6.0258573</coordinates></LinearRing></outerBoundaryIs></Polygon></MultiGeometry>
  </Placemark>
  <Placemark id="buildings.17">
	<Style><LineStyle><color>ff0000ff</color></LineStyle><PolyStyle><fill>0</fill></PolyStyle></Style>
	<ExtendedData><SchemaData schemaUrl="#buildings">
		<SimpleData name="full_id">w516537164</SimpleData>
		<SimpleData name="osm_id">516537164</SimpleData>
		<SimpleData name="osm_type">way</SimpleData>
		<SimpleData name="building">yes</SimpleData>
	</SchemaData></ExtendedData>
      <MultiGeometry><Polygon><outerBoundaryIs><LinearRing><coordinates>80.2162537,6.0259439 80.2163511,6.025963 80.2163692,6.0258717 80.2162718,6.0258526 80.2162537,6.0259439</coordinates></LinearRing></outerBoundaryIs></Polygon></MultiGeometry>
  </Placemark>
  <Placemark id="buildings.18">
	<Style><LineStyle><color>ff0000ff</color></LineStyle><PolyStyle><fill>0</fill></PolyStyle></Style>
	<ExtendedData><SchemaData schemaUrl="#buildings">
		<SimpleData name="full_id">w516537163</SimpleData>
		<SimpleData name="osm_id">516537163</SimpleData>
		<SimpleData name="osm_type">way</SimpleData>
		<SimpleData name="building">yes</SimpleData>
	</SchemaData></ExtendedData>
      <MultiGeometry><Polygon><outerBoundaryIs><LinearRing><coordinates>80.2163586,6.0259633 80.2164168,6.0259727 80.2164319,6.0258803 80.2163737,6.0258709 80.2163586,6.0259633</coordinates></LinearRing></outerBoundaryIs></Polygon></MultiGeometry>
  </Placemark>
  <Placemark id="buildings.19">
	<Style><LineStyle><color>ff0000ff</color></LineStyle><PolyStyle><fill>0</fill></PolyStyle></Style>
	<ExtendedData><SchemaData schemaUrl="#buildings">
		<SimpleData name="full_id">w516537162</SimpleData>
		<SimpleData name="osm_id">516537162</SimpleData>
		<SimpleData name="osm_type">way</SimpleData>
		<SimpleData name="building">yes</SimpleData>
	</SchemaData></ExtendedData>
      <MultiGeometry><Polygon><outerBoundaryIs><LinearRing><coordinates>80.2164575,6.0257612 80.2164254,6.0258693 80.2165059,6.025893 80.2165381,6.025785 80.2164575,6.0257612</coordinates></LinearRing></outerBoundaryIs></Polygon></MultiGeometry>
  </Placemark>
  <Placemark id="buildings.20">
	<Style><LineStyle><color>ff0000ff</color></LineStyle><PolyStyle><fill>0</fill></PolyStyle></Style>
	<ExtendedData><SchemaData schemaUrl="#buildings">
		<SimpleData name="full_id">w516537161</SimpleData>
		<SimpleData name="osm_id">516537161</SimpleData>
		<SimpleData name="osm_type">way</SimpleData>
		<SimpleData name="building">yes</SimpleData>
	</SchemaData></ExtendedData>
      <MultiGeometry><Polygon><outerBoundaryIs><LinearRing><coordinates>80.2163871,6.0257912 80.2163724,6.0258613 80.2164199,6.0258712 80.2164347,6.0258011 80.2163871,6.0257912</coordinates></LinearRing></outerBoundaryIs></Polygon></MultiGeometry>
  </Placemark>
  <Placemark id="buildings.21">
	<Style><LineStyle><color>ff0000ff</color></LineStyle><PolyStyle><fill>0</fill></PolyStyle></Style>
	<ExtendedData><SchemaData schemaUrl="#buildings">
		<SimpleData name="full_id">w516537160</SimpleData>
		<SimpleData name="osm_id">516537160</SimpleData>
		<SimpleData name="osm_type">way</SimpleData>
		<SimpleData name="building">yes</SimpleData>
	</SchemaData></ExtendedData>
      <MultiGeometry><Polygon><outerBoundaryIs><LinearRing><coordinates>80.2163355,6.0257926 80.2162832,6.025785 80.2162738,6.025849 80.2163261,6.0258566 80.2163355,6.0257926</coordinates></LinearRing></outerBoundaryIs></Polygon></MultiGeometry>
  </Placemark>
  <Placemark id="buildings.22">
	<Style><LineStyle><color>ff0000ff</color></LineStyle><PolyStyle><fill>0</fill></PolyStyle></Style>
	<ExtendedData><SchemaData schemaUrl="#buildings">
		<SimpleData name="full_id">w516537159</SimpleData>
		<SimpleData name="osm_id">516537159</SimpleData>
		<SimpleData name="osm_type">way</SimpleData>
		<SimpleData name="building">yes</SimpleData>
	</SchemaData></ExtendedData>
      <MultiGeometry><Polygon><outerBoundaryIs><LinearRing><coordinates>80.2162517,6.0257052 80.2161999,6.0256928 80.2161684,6.0258228 80.2162202,6.0258353 80.2162517,6.0257052</coordinates></LinearRing></outerBoundaryIs></Polygon></MultiGeometry>
  </Placemark>
  <Placemark id="buildings.23">
	<Style><LineStyle><color>ff0000ff</color></LineStyle><PolyStyle><fill>0</fill></PolyStyle></Style>
	<ExtendedData><SchemaData schemaUrl="#buildings">
		<SimpleData name="full_id">w516537158</SimpleData>
		<SimpleData name="osm_id">516537158</SimpleData>
		<SimpleData name="osm_type">way</SimpleData>
		<SimpleData name="building">yes</SimpleData>
	</SchemaData></ExtendedData>
      <MultiGeometry><Polygon><outerBoundaryIs><LinearRing><coordinates>80.2162711,6.0256672 80.2162503,6.0257406 80.2162837,6.0257499 80.2163045,6.0256766 80.2162711,6.0256672</coordinates></LinearRing></outerBoundaryIs></Polygon></MultiGeometry>
  </Placemark>
  <Placemark id="buildings.24">
	<Style><LineStyle><color>ff0000ff</color></LineStyle><PolyStyle><fill>0</fill></PolyStyle></Style>
	<ExtendedData><SchemaData schemaUrl="#buildings">
		<SimpleData name="full_id">w516537173</SimpleData>
		<SimpleData name="osm_id">516537173</SimpleData>
		<SimpleData name="osm_type">way</SimpleData>
		<SimpleData name="building">yes</SimpleData>
	</SchemaData></ExtendedData>
      <MultiGeometry><Polygon><outerBoundaryIs><LinearRing><coordinates>80.2127159,6.034843 80.2126139,6.0348409 80.2126124,6.0349168 80.2127144,6.0349188 80.2127159,6.034843</coordinates></LinearRing></outerBoundaryIs></Polygon></MultiGeometry>
  </Placemark>
  <Placemark id="buildings.25">
	<Style><LineStyle><color>ff0000ff</color></LineStyle><PolyStyle><fill>0</fill></PolyStyle></Style>
	<ExtendedData><SchemaData schemaUrl="#buildings">
		<SimpleData name="full_id">w516537172</SimpleData>
		<SimpleData name="osm_id">516537172</SimpleData>
		<SimpleData name="osm_type">way</SimpleData>
		<SimpleData name="building">yes</SimpleData>
	</SchemaData></ExtendedData>
      <MultiGeometry><Polygon><outerBoundaryIs><LinearRing><coordinates>80.2127112,6.0341368 80.2126669,6.0340547 80.2125975,6.0340918 80.2126417,6.0341738 80.2127112,6.0341368</coordinates></LinearRing></outerBoundaryIs></Polygon></MultiGeometry>
  </Placemark>
  <Placemark id="buildings.26">
	<Style><LineStyle><color>ff0000ff</color></LineStyle><PolyStyle><fill>0</fill></PolyStyle></Style>
	<ExtendedData><SchemaData schemaUrl="#buildings">
		<SimpleData name="full_id">w516537171</SimpleData>
		<SimpleData name="osm_id">516537171</SimpleData>
		<SimpleData name="osm_type">way</SimpleData>
		<SimpleData name="building">yes</SimpleData>
	</SchemaData></ExtendedData>
      <MultiGeometry><Polygon><outerBoundaryIs><LinearRing><coordinates>80.2126314,6.0342181 80.2125643,6.0340941 80.2124797,6.0341393 80.2125467,6.0342634 80.2126314,6.0342181</coordinates></LinearRing></outerBoundaryIs></Polygon></MultiGeometry>
  </Placemark>
  <Placemark id="buildings.27">
	<Style><LineStyle><color>ff0000ff</color></LineStyle><PolyStyle><fill>0</fill></PolyStyle></Style>
	<ExtendedData><SchemaData schemaUrl="#buildings">
		<SimpleData name="full_id">w516537170</SimpleData>
		<SimpleData name="osm_id">516537170</SimpleData>
		<SimpleData name="osm_type">way</SimpleData>
		<SimpleData name="building">yes</SimpleData>
	</SchemaData></ExtendedData>
      <MultiGeometry><Polygon><outerBoundaryIs><LinearRing><coordinates>80.2126495,6.0342581 80.2126005,6.0342848 80.2126268,6.0343326 80.2126758,6.0343059 80.2126495,6.0342581</coordinates></LinearRing></outerBoundaryIs></Polygon></MultiGeometry>
  </Placemark>
  <Placemark id="buildings.28">
	<Style><LineStyle><color>ff0000ff</color></LineStyle><PolyStyle><fill>0</fill></PolyStyle></Style>
	<ExtendedData><SchemaData schemaUrl="#buildings">
		<SimpleData name="full_id">w516537169</SimpleData>
		<SimpleData name="osm_id">516537169</SimpleData>
		<SimpleData name="osm_type">way</SimpleData>
		<SimpleData name="building">yes</SimpleData>
	</SchemaData></ExtendedData>
      <MultiGeometry><Polygon><outerBoundaryIs><LinearRing><coordinates>80.2126481,6.0344175 80.2126025,6.0343322 80.2125432,6.0343635 80.2125888,6.0344488 80.2126481,6.0344175</coordinates></LinearRing></outerBoundaryIs></Polygon></MultiGeometry>
  </Placemark>
  <Placemark id="buildings.29">
	<Style><LineStyle><color>ff0000ff</color></LineStyle><PolyStyle><fill>0</fill></PolyStyle></Style>
	<ExtendedData><SchemaData schemaUrl="#buildings">
		<SimpleData name="full_id">w516537168</SimpleData>
		<SimpleData name="osm_id">516537168</SimpleData>
		<SimpleData name="osm_type">way</SimpleData>
		<SimpleData name="building">yes</SimpleData>
	</SchemaData></ExtendedData>
      <MultiGeometry><Polygon><outerBoundaryIs><LinearRing><coordinates>80.2126615,6.0343948 80.2127108,6.0343996 80.2127162,6.0343449 80.2126669,6.0343402 80.2126615,6.0343948</coordinates></LinearRing></outerBoundaryIs></Polygon></MultiGeometry>
  </Placemark>
  <Placemark id="buildings.30">
	<Style><LineStyle><color>ff0000ff</color></LineStyle><PolyStyle><fill>0</fill></PolyStyle></Style>
	<ExtendedData><SchemaData schemaUrl="#buildings">
		<SimpleData name="full_id">w516537167</SimpleData>
		<SimpleData name="osm_id">516537167</SimpleData>
		<SimpleData name="osm_type">way</SimpleData>
		<SimpleData name="building">yes</SimpleData>
	</SchemaData></ExtendedData>
      <MultiGeometry><Polygon><outerBoundaryIs><LinearRing><coordinates>80.2123725,6.0344835 80.2123149,6.0343935 80.2122472,6.0344364 80.2123048,6.0345264 80.2123725,6.0344835</coordinates></LinearRing></outerBoundaryIs></Polygon></MultiGeometry>
  </Placemark>
  <Placemark id="buildings.31">
	<Style><LineStyle><color>ff0000ff</color></LineStyle><PolyStyle><fill>0</fill></PolyStyle></Style>
	<ExtendedData><SchemaData schemaUrl="#buildings">
		<SimpleData name="full_id">w516537166</SimpleData>
		<SimpleData name="osm_id">516537166</SimpleData>
		<SimpleData name="osm_type">way</SimpleData>
		<SimpleData name="building">yes</SimpleData>
	</SchemaData></ExtendedData>
      <MultiGeometry><Polygon><outerBoundaryIs><LinearRing><coordinates>80.2122941,6.0343568 80.2122532,6.0342941 80.2121826,6.0343397 80.2122235,6.0344024 80.2122941,6.0343568</coordinates></LinearRing></outerBoundaryIs></Polygon></MultiGeometry>
  </Placemark>
  <Placemark id="buildings.32">
	<Style><LineStyle><color>ff0000ff</color></LineStyle><PolyStyle><fill>0</fill></PolyStyle></Style>
	<ExtendedData><SchemaData schemaUrl="#buildings">
		<SimpleData name="full_id">w516537181</SimpleData>
		<SimpleData name="osm_id">516537181</SimpleData>
		<SimpleData name="osm_type">way</SimpleData>
		<SimpleData name="building">yes</SimpleData>
	</SchemaData></ExtendedData>
      <MultiGeometry><Polygon><outerBoundaryIs><LinearRing><coordinates>80.2124222,6.0350203 80.212392,6.034985 80.2123411,6.035028 80.2123712,6.0350633 80.2124222,6.0350203</coordinates></LinearRing></outerBoundaryIs></Polygon></MultiGeometry>
  </Placemark>
  <Placemark id="buildings.33">
	<Style><LineStyle><color>ff0000ff</color></LineStyle><PolyStyle><fill>0</fill></PolyStyle></Style>
	<ExtendedData><SchemaData schemaUrl="#buildings">
		<SimpleData name="full_id">w516537180</SimpleData>
		<SimpleData name="osm_id">516537180</SimpleData>
		<SimpleData name="osm_type">way</SimpleData>
		<SimpleData name="building">yes</SimpleData>
	</SchemaData></ExtendedData>
      <MultiGeometry><Polygon><outerBoundaryIs><LinearRing><coordinates>80.2124242,6.0350597 80.2123908,6.0350831 80.2124183,6.0351218 80.2124517,6.0350983 80.2124242,6.0350597</coordinates></LinearRing></outerBoundaryIs></Polygon></MultiGeometry>
  </Placemark>
  <Placemark id="buildings.34">
	<Style><LineStyle><color>ff0000ff</color></LineStyle><PolyStyle><fill>0</fill></PolyStyle></Style>
	<ExtendedData><SchemaData schemaUrl="#buildings">
		<SimpleData name="full_id">w516537179</SimpleData>
		<SimpleData name="osm_id">516537179</SimpleData>
		<SimpleData name="osm_type">way</SimpleData>
		<SimpleData name="building">yes</SimpleData>
	</SchemaData></ExtendedData>
      <MultiGeometry><Polygon><outerBoundaryIs><LinearRing><coordinates>80.2124872,6.035017 80.2124275,6.035037 80.2124428,6.0350821 80.2125025,6.0350621 80.2124872,6.035017</coordinates></LinearRing></outerBoundaryIs></Polygon></MultiGeometry>
  </Placemark>
  <Placemark id="buildings.35">
	<Style><LineStyle><color>ff0000ff</color></LineStyle><PolyStyle><fill>0</fill></PolyStyle></Style>
	<ExtendedData><SchemaData schemaUrl="#buildings">
		<SimpleData name="full_id">w516537178</SimpleData>
		<SimpleData name="osm_id">516537178</SimpleData>
		<SimpleData name="osm_type">way</SimpleData>
		<SimpleData name="building">yes</SimpleData>
	</SchemaData></ExtendedData>
      <MultiGeometry><Polygon><outerBoundaryIs><LinearRing><coordinates>80.212504,6.0350843 80.2125516,6.0350842 80.2125512,6.0349968 80.2125036,6.034997 80.212504,6.0350843</coordinates></LinearRing></outerBoundaryIs></Polygon></MultiGeometry>
  </Placemark>
  <Placemark id="buildings.36">
	<Style><LineStyle><color>ff0000ff</color></LineStyle><PolyStyle><fill>0</fill></PolyStyle></Style>
	<ExtendedData><SchemaData schemaUrl="#buildings">
		<SimpleData name="full_id">w516537177</SimpleData>
		<SimpleData name="osm_id">516537177</SimpleData>
		<SimpleData name="osm_type">way</SimpleData>
		<SimpleData name="building">yes</SimpleData>
	</SchemaData></ExtendedData>
      <MultiGeometry><Polygon><outerBoundaryIs><LinearRing><coordinates>80.2125553,6.0350827 80.2125975,6.035082 80.2125962,6.034999 80.2125539,6.0349997 80.2125553,6.0350827</coordinates></LinearRing></outerBoundaryIs></Polygon></MultiGeometry>
  </Placemark>
  <Placemark id="buildings.37">
	<Style><LineStyle><color>ff0000ff</color></LineStyle><PolyStyle><fill>0</fill></PolyStyle></Style>
	<ExtendedData><SchemaData schemaUrl="#buildings">
		<SimpleData name="full_id">w516537176</SimpleData>
		<SimpleData name="osm_id">516537176</SimpleData>
		<SimpleData name="osm_type">way</SimpleData>
		<SimpleData name="building">yes</SimpleData>
	</SchemaData></ExtendedData>
      <MultiGeometry><Polygon><outerBoundaryIs><LinearRing><coordinates>80.2126481,6.0350443 80.2126039,6.035043 80.2126026,6.0350866 80.2126468,6.035088 80.2126481,6.0350443</coordinates></LinearRing></outerBoundaryIs></Polygon></MultiGeometry>
  </Placemark>
  <Placemark id="buildings.38">
	<Style><LineStyle><color>ff0000ff</color></LineStyle><PolyStyle><fill>0</fill></PolyStyle></Style>
	<ExtendedData><SchemaData schemaUrl="#buildings">
		<SimpleData name="full_id">w516537175</SimpleData>
		<SimpleData name="osm_id">516537175</SimpleData>
		<SimpleData name="osm_type">way</SimpleData>
		<SimpleData name="building">yes</SimpleData>
	</SchemaData></ExtendedData>
      <MultiGeometry><Polygon><outerBoundaryIs><LinearRing><coordinates>80.2126478,6.034931 80.2125408,6.0349323 80.2125415,6.0349805 80.2126484,6.0349791 80.2126478,6.034931</coordinates></LinearRing></outerBoundaryIs></Polygon></MultiGeometry>
  </Placemark>
  <Placemark id="buildings.39">
	<Style><LineStyle><color>ff0000ff</color></LineStyle><PolyStyle><fill>0</fill></PolyStyle></Style>
	<ExtendedData><SchemaData schemaUrl="#buildings">
		<SimpleData name="full_id">w516537174</SimpleData>
		<SimpleData name="osm_id">516537174</SimpleData>
		<SimpleData name="osm_type">way</SimpleData>
		<SimpleData name="building">yes</SimpleData>
	</SchemaData></ExtendedData>
      <MultiGeometry><Polygon><outerBoundaryIs><LinearRing><coordinates>80.2126826,6.035018 80.2127404,6.0350156 80.2127368,6.0349289 80.2127142,6.0349298 80.2127142,6.0349296 80.2126531,6.034932 80.2126552,6.0349822 80.2126811,6.0349812 80.2126826,6.035018</coordinates></LinearRing></outerBoundaryIs></Polygon></MultiGeometry>
  </Placemark>
  <Placemark id="buildings.40">
	<Style><LineStyle><color>ff0000ff</color></LineStyle><PolyStyle><fill>0</fill></PolyStyle></Style>
	<ExtendedData><SchemaData schemaUrl="#buildings">
		<SimpleData name="full_id">w516537186</SimpleData>
		<SimpleData name="osm_id">516537186</SimpleData>
		<SimpleData name="osm_type">way</SimpleData>
		<SimpleData name="building">yes</SimpleData>
	</SchemaData></ExtendedData>
      <MultiGeometry><Polygon><outerBoundaryIs><LinearRing><coordinates>80.2126233,6.0352277 80.2125067,6.0352144 80.212499,6.0352805 80.2126157,6.0352938 80.2126233,6.0352277</coordinates></LinearRing></outerBoundaryIs></Polygon></MultiGeometry>
  </Placemark>
  <Placemark id="buildings.41">
	<Style><LineStyle><color>ff0000ff</color></LineStyle><PolyStyle><fill>0</fill></PolyStyle></Style>
	<ExtendedData><SchemaData schemaUrl="#buildings">
		<SimpleData name="full_id">w516537185</SimpleData>
		<SimpleData name="osm_id">516537185</SimpleData>
		<SimpleData name="osm_type">way</SimpleData>
		<SimpleData name="building">yes</SimpleData>
	</SchemaData></ExtendedData>
      <MultiGeometry><Polygon><outerBoundaryIs><LinearRing><coordinates>80.2124946,6.0352444 80.2124229,6.0352424 80.2124215,6.0352904 80.2124932,6.0352924 80.2124946,6.0352444</coordinates></LinearRing></outerBoundaryIs></Polygon></MultiGeometry>
  </Placemark>
  <Placemark id="buildings.42">
	<Style><LineStyle><color>ff0000ff</color></LineStyle><PolyStyle><fill>0</fill></PolyStyle></Style>
	<ExtendedData><SchemaData schemaUrl="#buildings">
		<SimpleData name="full_id">w516537184</SimpleData>
		<SimpleData name="osm_id">516537184</SimpleData>
		<SimpleData name="osm_type">way</SimpleData>
		<SimpleData name="building">yes</SimpleData>
	</SchemaData></ExtendedData>
      <MultiGeometry><Polygon><outerBoundaryIs><LinearRing><coordinates>80.212571,6.0354251 80.212561,6.0355031 80.2126185,6.0355105 80.2126286,6.0354324 80.212571,6.0354251</coordinates></LinearRing></outerBoundaryIs></Polygon></MultiGeometry>
  </Placemark>
  <Placemark id="buildings.43">
	<Style><LineStyle><color>ff0000ff</color></LineStyle><PolyStyle><fill>0</fill></PolyStyle></Style>
	<ExtendedData><SchemaData schemaUrl="#buildings">
		<SimpleData name="full_id">w516537183</SimpleData>
		<SimpleData name="osm_id">516537183</SimpleData>
		<SimpleData name="osm_type">way</SimpleData>
		<SimpleData name="building">yes</SimpleData>
	</SchemaData></ExtendedData>
      <MultiGeometry><Polygon><outerBoundaryIs><LinearRing><coordinates>80.2125616,6.0353351 80.2125139,6.0353306 80.2124463,6.0353851 80.212485,6.0354533 80.2125429,6.0354724 80.2125616,6.0353351</coordinates></LinearRing></outerBoundaryIs></Polygon></MultiGeometry>
  </Placemark>
  <Placemark id="buildings.44">
	<Style><LineStyle><color>ff0000ff</color></LineStyle><PolyStyle><fill>0</fill></PolyStyle></Style>
	<ExtendedData><SchemaData schemaUrl="#buildings">
		<SimpleData name="full_id">w516537182</SimpleData>
		<SimpleData name="osm_id">516537182</SimpleData>
		<SimpleData name="osm_type">way</SimpleData>
		<SimpleData name="building">yes</SimpleData>
	</SchemaData></ExtendedData>
      <MultiGeometry><Polygon><outerBoundaryIs><LinearRing><coordinates>80.2124792,6.0349143 80.2124127,6.0349559 80.2124503,6.0350152 80.2125167,6.0349737 80.2124792,6.0349143</coordinates></LinearRing></outerBoundaryIs></Polygon></MultiGeometry>
  </Placemark>
  <Placemark id="buildings.45">
	<Style><LineStyle><color>ff0000ff</color></LineStyle><PolyStyle><fill>0</fill></PolyStyle></Style>
	<ExtendedData><SchemaData schemaUrl="#buildings">
		<SimpleData name="full_id">w533513495</SimpleData>
		<SimpleData name="osm_id">533513495</SimpleData>
		<SimpleData name="osm_type">way</SimpleData>
		<SimpleData name="building">yes</SimpleData>
	</SchemaData></ExtendedData>
      <MultiGeometry><Polygon><outerBoundaryIs><LinearRing><coordinates>80.2164329,6.0256691 80.2164721,6.0256808 80.2164774,6.0256633 80.2164382,6.0256516 80.2164329,6.0256691</coordinates></LinearRing></outerBoundaryIs></Polygon></MultiGeometry>
  </Placemark>
  <Placemark id="buildings.46">
	<Style><LineStyle><color>ff0000ff</color></LineStyle><PolyStyle><fill>0</fill></PolyStyle></Style>
	<ExtendedData><SchemaData schemaUrl="#buildings">
		<SimpleData name="full_id">w534311357</SimpleData>
		<SimpleData name="osm_id">534311357</SimpleData>
		<SimpleData name="osm_type">way</SimpleData>
		<SimpleData name="building">house</SimpleData>
	</SchemaData></ExtendedData>
      <MultiGeometry><Polygon><outerBoundaryIs><LinearRing><coordinates>80.2186184,6.0258202 80.2187128,6.0258383 80.2187316,6.0257413 80.2186799,6.0257314 80.2186714,6.0257755 80.2186286,6.0257673 80.2186184,6.0258202</coordinates></LinearRing></outerBoundaryIs></Polygon></MultiGeometry>
  </Placemark>
  <Placemark id="buildings.47">
	<Style><LineStyle><color>ff0000ff</color></LineStyle><PolyStyle><fill>0</fill></PolyStyle></Style>
	<ExtendedData><SchemaData schemaUrl="#buildings">
		<SimpleData name="full_id">w533724972</SimpleData>
		<SimpleData name="osm_id">533724972</SimpleData>
		<SimpleData name="osm_type">way</SimpleData>
		<SimpleData name="building">yes</SimpleData>
	</SchemaData></ExtendedData>
      <MultiGeometry><Polygon><outerBoundaryIs><LinearRing><coordinates>80.2169238,6.0273383 80.2170624,6.0274143 80.2171327,6.0272874 80.2169941,6.0272114 80.2169238,6.0273383</coordinates></LinearRing></outerBoundaryIs></Polygon></MultiGeometry>
  </Placemark>
  <Placemark id="buildings.48">
	<Style><LineStyle><color>ff0000ff</color></LineStyle><PolyStyle><fill>0</fill></PolyStyle></Style>
	<ExtendedData><SchemaData schemaUrl="#buildings">
		<SimpleData name="full_id">w534311767</SimpleData>
		<SimpleData name="osm_id">534311767</SimpleData>
		<SimpleData name="osm_type">way</SimpleData>
		<SimpleData name="building">yes</SimpleData>
	</SchemaData></ExtendedData>
      <MultiGeometry><Polygon><outerBoundaryIs><LinearRing><coordinates>80.2174497,6.0251125 80.2174382,6.0251639 80.2175451,6.0251875 80.2175566,6.025136 80.2174497,6.0251125</coordinates></LinearRing></outerBoundaryIs></Polygon></MultiGeometry>
  </Placemark>
  <Placemark id="buildings.49">
	<Style><LineStyle><color>ff0000ff</color></LineStyle><PolyStyle><fill>0</fill></PolyStyle></Style>
	<ExtendedData><SchemaData schemaUrl="#buildings">
		<SimpleData name="full_id">w534311766</SimpleData>
		<SimpleData name="osm_id">534311766</SimpleData>
		<SimpleData name="osm_type">way</SimpleData>
		<SimpleData name="building">yes</SimpleData>
	</SchemaData></ExtendedData>
      <MultiGeometry><Polygon><outerBoundaryIs><LinearRing><coordinates>80.2193166,6.0257084 80.2193843,6.0257098 80.2193851,6.0256734 80.2193173,6.025672 80.2193166,6.0257084</coordinates></LinearRing></outerBoundaryIs></Polygon></MultiGeometry>
  </Placemark>
  <Placemark id="buildings.50">
	<Style><LineStyle><color>ff0000ff</color></LineStyle><PolyStyle><fill>0</fill></PolyStyle></Style>
	<ExtendedData><SchemaData schemaUrl="#buildings">
		<SimpleData name="full_id">w534311363</SimpleData>
		<SimpleData name="osm_id">534311363</SimpleData>
		<SimpleData name="osm_type">way</SimpleData>
		<SimpleData name="building">house</SimpleData>
	</SchemaData></ExtendedData>
      <MultiGeometry><Polygon><outerBoundaryIs><LinearRing><coordinates>80.2181085,6.0258044 80.2182329,6.0258166 80.2182452,6.0256935 80.2181208,6.0256813 80.2181179,6.0257105 80.2181786,6.0257164 80.2181738,6.0257654 80.2181129,6.0257595 80.2181085,6.0258044</coordinates></LinearRing></outerBoundaryIs></Polygon></MultiGeometry>
  </Placemark>
  <Placemark id="buildings.51">
	<Style><LineStyle><color>ff0000ff</color></LineStyle><PolyStyle><fill>0</fill></PolyStyle></Style>
	<ExtendedData><SchemaData schemaUrl="#buildings">
		<SimpleData name="full_id">w534311362</SimpleData>
		<SimpleData name="osm_id">534311362</SimpleData>
		<SimpleData name="osm_type">way</SimpleData>
		<SimpleData name="building">house</SimpleData>
	</SchemaData></ExtendedData>
      <MultiGeometry><Polygon><outerBoundaryIs><LinearRing><coordinates>80.2189466,6.0257922 80.2191233,6.0257983 80.2191283,6.0256556 80.2189516,6.0256495 80.2189466,6.0257922</coordinates></LinearRing></outerBoundaryIs></Polygon></MultiGeometry>
  </Placemark>
  <Placemark id="buildings.52">
	<Style><LineStyle><color>ff0000ff</color></LineStyle><PolyStyle><fill>0</fill></PolyStyle></Style>
	<ExtendedData><SchemaData schemaUrl="#buildings">
		<SimpleData name="full_id">w534311361</SimpleData>
		<SimpleData name="osm_id">534311361</SimpleData>
		<SimpleData name="osm_type">way</SimpleData>
		<SimpleData name="building">house</SimpleData>
	</SchemaData></ExtendedData>
      <MultiGeometry><Polygon><outerBoundaryIs><LinearRing><coordinates>80.2186929,6.0255196 80.2187115,6.0256078 80.2188669,6.0256174 80.2188723,6.0255306 80.2186929,6.0255196</coordinates></LinearRing></outerBoundaryIs></Polygon></MultiGeometry>
  </Placemark>
  <Placemark id="buildings.53">
	<Style><LineStyle><color>ff0000ff</color></LineStyle><PolyStyle><fill>0</fill></PolyStyle></Style>
	<ExtendedData><SchemaData schemaUrl="#buildings">
		<SimpleData name="full_id">w534311360</SimpleData>
		<SimpleData name="osm_id">534311360</SimpleData>
		<SimpleData name="osm_type">way</SimpleData>
		<SimpleData name="building">house</SimpleData>
	</SchemaData></ExtendedData>
      <MultiGeometry><Polygon><outerBoundaryIs><LinearRing><coordinates>80.2188558,6.0257178 80.218859,6.0256281 80.2187051,6.0256226 80.2187031,6.0256785 80.21877,6.0256809 80.2187688,6.0257147 80.2188558,6.0257178</coordinates></LinearRing></outerBoundaryIs></Polygon></MultiGeometry>
  </Placemark>
  <Placemark id="buildings.54">
	<Style><LineStyle><color>ff0000ff</color></LineStyle><PolyStyle><fill>0</fill></PolyStyle></Style>
	<ExtendedData><SchemaData schemaUrl="#buildings">
		<SimpleData name="full_id">w534311359</SimpleData>
		<SimpleData name="osm_id">534311359</SimpleData>
		<SimpleData name="osm_type">way</SimpleData>
		<SimpleData name="building">house</SimpleData>
	</SchemaData></ExtendedData>
      <MultiGeometry><Polygon><outerBoundaryIs><LinearRing><coordinates>80.2187779,6.0258393 80.2188513,6.0258431 80.2188566,6.0257425 80.2188001,6.0257395 80.2187983,6.0257747 80.2187373,6.0257715 80.2187355,6.0258065 80.2187795,6.0258088 80.2187779,6.0258393</coordinates></LinearRing></outerBoundaryIs></Polygon></MultiGeometry>
  </Placemark>
  <Placemark id="buildings.55">
	<Style><LineStyle><color>ff0000ff</color></LineStyle><PolyStyle><fill>0</fill></PolyStyle></Style>
	<ExtendedData><SchemaData schemaUrl="#buildings">
		<SimpleData name="full_id">w534311358</SimpleData>
		<SimpleData name="osm_id">534311358</SimpleData>
		<SimpleData name="osm_type">way</SimpleData>
		<SimpleData name="building">house</SimpleData>
	</SchemaData></ExtendedData>
      <MultiGeometry><Polygon><outerBoundaryIs><LinearRing><coordinates>80.2186734,6.0256522 80.2186797,6.0256163 80.2186978,6.0256195 80.2187046,6.0255813 80.2186292,6.0255682 80.2186162,6.0256422 80.2186734,6.0256522</coordinates></LinearRing></outerBoundaryIs></Polygon></MultiGeometry>
  </Placemark>
  <Placemark id="buildings.56">
	<Style><LineStyle><color>ff0000ff</color></LineStyle><PolyStyle><fill>0</fill></PolyStyle></Style>
	<ExtendedData><SchemaData schemaUrl="#buildings">
		<SimpleData name="full_id">w534312828</SimpleData>
		<SimpleData name="osm_id">534312828</SimpleData>
		<SimpleData name="osm_type">way</SimpleData>
		<SimpleData name="building">yes</SimpleData>
	</SchemaData></ExtendedData>
      <MultiGeometry><Polygon><outerBoundaryIs><LinearRing><coordinates>80.2155065,6.026356 80.2155743,6.0264107 80.2156353,6.026336 80.2155676,6.0262813 80.2155065,6.026356</coordinates></LinearRing></outerBoundaryIs></Polygon></MultiGeometry>
  </Placemark>
  <Placemark id="buildings.57">
	<Style><LineStyle><color>ff0000ff</color></LineStyle><PolyStyle><fill>0</fill></PolyStyle></Style>
	<ExtendedData><SchemaData schemaUrl="#buildings">
		<SimpleData name="full_id">w534312826</SimpleData>
		<SimpleData name="osm_id">534312826</SimpleData>
		<SimpleData name="osm_type">way</SimpleData>
		<SimpleData name="building">yes</SimpleData>
	</SchemaData></ExtendedData>
      <MultiGeometry><Polygon><outerBoundaryIs><LinearRing><coordinates>80.215447,6.02631 80.2154871,6.0263494 80.2155946,6.026241 80.2155546,6.0262016 80.215447,6.02631</coordinates></LinearRing></outerBoundaryIs></Polygon></MultiGeometry>
  </Placemark>
  <Placemark id="buildings.58">
	<Style><LineStyle><color>ff0000ff</color></LineStyle><PolyStyle><fill>0</fill></PolyStyle></Style>
	<ExtendedData><SchemaData schemaUrl="#buildings">
		<SimpleData name="full_id">w534312825</SimpleData>
		<SimpleData name="osm_id">534312825</SimpleData>
		<SimpleData name="osm_type">way</SimpleData>
		<SimpleData name="building">yes</SimpleData>
	</SchemaData></ExtendedData>
      <MultiGeometry><Polygon><outerBoundaryIs><LinearRing><coordinates>80.2174508,6.0264205 80.2175312,6.0264382 80.2175553,6.0263301 80.2174749,6.0263124 80.2174508,6.0264205</coordinates></LinearRing></outerBoundaryIs></Polygon></MultiGeometry>
  </Placemark>
  <Placemark id="buildings.59">
	<Style><LineStyle><color>ff0000ff</color></LineStyle><PolyStyle><fill>0</fill></PolyStyle></Style>
	<ExtendedData><SchemaData schemaUrl="#buildings">
		<SimpleData name="full_id">w534312823</SimpleData>
		<SimpleData name="osm_id">534312823</SimpleData>
		<SimpleData name="osm_type">way</SimpleData>
		<SimpleData name="building">yes</SimpleData>
	</SchemaData></ExtendedData>
      <MultiGeometry><Polygon><outerBoundaryIs><LinearRing><coordinates>80.2187358,6.0261752 80.2187993,6.0261766 80.2188021,6.0260551 80.2187386,6.0260537 80.2187358,6.0261752</coordinates></LinearRing></outerBoundaryIs></Polygon></MultiGeometry>
  </Placemark>
  <Placemark id="buildings.60">
	<Style><LineStyle><color>ff0000ff</color></LineStyle><PolyStyle><fill>0</fill></PolyStyle></Style>
	<ExtendedData><SchemaData schemaUrl="#buildings">
		<SimpleData name="full_id">w534312822</SimpleData>
		<SimpleData name="osm_id">534312822</SimpleData>
		<SimpleData name="osm_type">way</SimpleData>
		<SimpleData name="building">retail</SimpleData>
	</SchemaData></ExtendedData>
      <MultiGeometry><Polygon><outerBoundaryIs><LinearRing><coordinates>80.2187398,6.0260389 80.2188624,6.0260421 80.2188649,6.0259484 80.2187905,6.0259464 80.2187894,6.0259851 80.2187413,6.0259839 80.2187398,6.0260389</coordinates></LinearRing></outerBoundaryIs></Polygon></MultiGeometry>
  </Placemark>
  <Placemark id="buildings.61">
	<Style><LineStyle><color>ff0000ff</color></LineStyle><PolyStyle><fill>0</fill></PolyStyle></Style>
	<ExtendedData><SchemaData schemaUrl="#buildings">
		<SimpleData name="full_id">w534312820</SimpleData>
		<SimpleData name="osm_id">534312820</SimpleData>
		<SimpleData name="osm_type">way</SimpleData>
		<SimpleData name="building">yes</SimpleData>
	</SchemaData></ExtendedData>
      <MultiGeometry><Polygon><outerBoundaryIs><LinearRing><coordinates>80.2186483,6.0260396 80.2187268,6.0260451 80.2187309,6.0259874 80.2186523,6.025982 80.2186483,6.0260396</coordinates></LinearRing></outerBoundaryIs></Polygon></MultiGeometry>
  </Placemark>
  <Placemark id="buildings.62">
	<Style><LineStyle><color>ff0000ff</color></LineStyle><PolyStyle><fill>0</fill></PolyStyle></Style>
	<ExtendedData><SchemaData schemaUrl="#buildings">
		<SimpleData name="full_id">w534311769</SimpleData>
		<SimpleData name="osm_id">534311769</SimpleData>
		<SimpleData name="osm_type">way</SimpleData>
		<SimpleData name="building">yes</SimpleData>
	</SchemaData></ExtendedData>
      <MultiGeometry><Polygon><outerBoundaryIs><LinearRing><coordinates>80.217467,6.0251008 80.2175906,6.0251331 80.2176114,6.0250545 80.2174878,6.0250221 80.217467,6.0251008</coordinates></LinearRing></outerBoundaryIs></Polygon></MultiGeometry>
  </Placemark>
  <Placemark id="buildings.63">
	<Style><LineStyle><color>ff0000ff</color></LineStyle><PolyStyle><fill>0</fill></PolyStyle></Style>
	<ExtendedData><SchemaData schemaUrl="#buildings">
		<SimpleData name="full_id">w534311768</SimpleData>
		<SimpleData name="osm_id">534311768</SimpleData>
		<SimpleData name="osm_type">way</SimpleData>
		<SimpleData name="building">yes</SimpleData>
	</SchemaData></ExtendedData>
      <MultiGeometry><Polygon><outerBoundaryIs><LinearRing><coordinates>80.2172146,6.0251074 80.217413,6.0251591 80.2174518,6.0250117 80.2172535,6.0249601 80.2172146,6.0251074</coordinates></LinearRing></outerBoundaryIs></Polygon></MultiGeometry>
  </Placemark>
  <Placemark id="buildings.64">
	<Style><LineStyle><color>ff0000ff</color></LineStyle><PolyStyle><fill>0</fill></PolyStyle></Style>
	<ExtendedData><SchemaData schemaUrl="#buildings">
		<SimpleData name="full_id">w533297639</SimpleData>
		<SimpleData name="osm_id">533297639</SimpleData>
		<SimpleData name="osm_type">way</SimpleData>
		<SimpleData name="building">yes</SimpleData>
	</SchemaData></ExtendedData>
      <MultiGeometry><Polygon><outerBoundaryIs><LinearRing><coordinates>80.2092499,6.0353413 80.2091916,6.0354418 80.2095734,6.035661 80.2096647,6.0355037 80.2095496,6.0354376 80.2095788,6.0353873 80.2093013,6.0352279 80.2092391,6.035335 80.2092499,6.0353413</coordinates></LinearRing></outerBoundaryIs></Polygon></MultiGeometry>
  </Placemark>
  <Placemark id="buildings.65">
	<Style><LineStyle><color>ff0000ff</color></LineStyle><PolyStyle><fill>0</fill></PolyStyle></Style>
	<ExtendedData><SchemaData schemaUrl="#buildings">
		<SimpleData name="full_id">w533297638</SimpleData>
		<SimpleData name="osm_id">533297638</SimpleData>
		<SimpleData name="osm_type">way</SimpleData>
		<SimpleData name="building">yes</SimpleData>
	</SchemaData></ExtendedData>
      <MultiGeometry><Polygon><outerBoundaryIs><LinearRing><coordinates>80.2098935,6.0349143 80.2098311,6.0349543 80.2099641,6.0351592 80.2100229,6.035122 80.2098935,6.0349143</coordinates></LinearRing></outerBoundaryIs></Polygon></MultiGeometry>
  </Placemark>
  <Placemark id="buildings.66">
	<Style><LineStyle><color>ff0000ff</color></LineStyle><PolyStyle><fill>0</fill></PolyStyle></Style>
	<ExtendedData><SchemaData schemaUrl="#buildings">
		<SimpleData name="full_id">w533297637</SimpleData>
		<SimpleData name="osm_id">533297637</SimpleData>
		<SimpleData name="osm_type">way</SimpleData>
		<SimpleData name="building">yes</SimpleData>
	</SchemaData></ExtendedData>
      <MultiGeometry><Polygon><outerBoundaryIs><LinearRing><coordinates>80.2099304,6.035141 80.2098432,6.034995 80.20979,6.0350264 80.2098772,6.0351724 80.2099304,6.035141</coordinates></LinearRing></outerBoundaryIs></Polygon></MultiGeometry>
  </Placemark>
  <Placemark id="buildings.67">
	<Style><LineStyle><color>ff0000ff</color></LineStyle><PolyStyle><fill>0</fill></PolyStyle></Style>
	<ExtendedData><SchemaData schemaUrl="#buildings">
		<SimpleData name="full_id">w533297636</SimpleData>
		<SimpleData name="osm_id">533297636</SimpleData>
		<SimpleData name="osm_type">way</SimpleData>
		<SimpleData name="building">yes</SimpleData>
	</SchemaData></ExtendedData>
      <MultiGeometry><Polygon><outerBoundaryIs><LinearRing><coordinates>80.2101523,6.0348223 80.2101228,6.0347723 80.2100694,6.0348034 80.2100988,6.0348535 80.2101523,6.0348223</coordinates></LinearRing></outerBoundaryIs></Polygon></MultiGeometry>
  </Placemark>
  <Placemark id="buildings.68">
	<Style><LineStyle><color>ff0000ff</color></LineStyle><PolyStyle><fill>0</fill></PolyStyle></Style>
	<ExtendedData><SchemaData schemaUrl="#buildings">
		<SimpleData name="full_id">w533297635</SimpleData>
		<SimpleData name="osm_id">533297635</SimpleData>
		<SimpleData name="osm_type">way</SimpleData>
		<SimpleData name="building">yes</SimpleData>
	</SchemaData></ExtendedData>
      <MultiGeometry><Polygon><outerBoundaryIs><LinearRing><coordinates>80.2101531,6.0346822 80.2101496,6.0346746 80.2100621,6.0347141 80.21009,6.0347754 80.2101334,6.0347558 80.2101565,6.0348062 80.2102594,6.0347597 80.2102119,6.0346557 80.2101531,6.0346822</coordinates></LinearRing></outerBoundaryIs></Polygon></MultiGeometry>
  </Placemark>
  <Placemark id="buildings.69">
	<Style><LineStyle><color>ff0000ff</color></LineStyle><PolyStyle><fill>0</fill></PolyStyle></Style>
	<ExtendedData><SchemaData schemaUrl="#buildings">
		<SimpleData name="full_id">w533297634</SimpleData>
		<SimpleData name="osm_id">533297634</SimpleData>
		<SimpleData name="osm_type">way</SimpleData>
		<SimpleData name="building">yes</SimpleData>
	</SchemaData></ExtendedData>
      <MultiGeometry><Polygon><outerBoundaryIs><LinearRing><coordinates>80.2105211,6.0349496 80.2104212,6.0347569 80.2103569,6.0347899 80.2104568,6.0349826 80.2105211,6.0349496</coordinates></LinearRing></outerBoundaryIs></Polygon></MultiGeometry>
  </Placemark>
  <Placemark id="buildings.70">
	<Style><LineStyle><color>ff0000ff</color></LineStyle><PolyStyle><fill>0</fill></PolyStyle></Style>
	<ExtendedData><SchemaData schemaUrl="#buildings">
		<SimpleData name="full_id">w533297922</SimpleData>
		<SimpleData name="osm_id">533297922</SimpleData>
		<SimpleData name="osm_type">way</SimpleData>
		<SimpleData name="building">yes</SimpleData>
	</SchemaData></ExtendedData>
      <MultiGeometry><Polygon><outerBoundaryIs><LinearRing><coordinates>80.2111609,6.0355778 80.2111362,6.0355177 80.211131,6.0355198 80.2111072,6.0354619 80.2111499,6.0354446 80.2111233,6.0353797 80.2109563,6.0354475 80.2109835,6.0355136 80.2110056,6.0355047 80.2110281,6.0355593 80.2110002,6.0355706 80.2110257,6.0356327 80.2111609,6.0355778</coordinates></LinearRing></outerBoundaryIs></Polygon></MultiGeometry>
  </Placemark>
  <Placemark id="buildings.71">
	<Style><LineStyle><color>ff0000ff</color></LineStyle><PolyStyle><fill>0</fill></PolyStyle></Style>
	<ExtendedData><SchemaData schemaUrl="#buildings">
		<SimpleData name="full_id">w533297961</SimpleData>
		<SimpleData name="osm_id">533297961</SimpleData>
		<SimpleData name="osm_type">way</SimpleData>
		<SimpleData name="building">yes</SimpleData>
	</SchemaData></ExtendedData>
      <MultiGeometry><Polygon><outerBoundaryIs><LinearRing><coordinates>80.2107525,6.0351784 80.2106579,6.0352157 80.2106701,6.0352463 80.2107647,6.0352089 80.2107525,6.0351784</coordinates></LinearRing></outerBoundaryIs></Polygon></MultiGeometry>
  </Placemark>
  <Placemark id="buildings.72">
	<Style><LineStyle><color>ff0000ff</color></LineStyle><PolyStyle><fill>0</fill></PolyStyle></Style>
	<ExtendedData><SchemaData schemaUrl="#buildings">
		<SimpleData name="full_id">w533297959</SimpleData>
		<SimpleData name="osm_id">533297959</SimpleData>
		<SimpleData name="osm_type">way</SimpleData>
		<SimpleData name="building">yes</SimpleData>
	</SchemaData></ExtendedData>
      <MultiGeometry><Polygon><outerBoundaryIs><LinearRing><coordinates>80.2107994,6.0352217 80.2107123,6.0352397 80.2107208,6.0352805 80.210808,6.0352625 80.2107994,6.0352217</coordinates></LinearRing></outerBoundaryIs></Polygon></MultiGeometry>
  </Placemark>
  <Placemark id="buildings.73">
	<Style><LineStyle><color>ff0000ff</color></LineStyle><PolyStyle><fill>0</fill></PolyStyle></Style>
	<ExtendedData><SchemaData schemaUrl="#buildings">
		<SimpleData name="full_id">w533297956</SimpleData>
		<SimpleData name="osm_id">533297956</SimpleData>
		<SimpleData name="osm_type">way</SimpleData>
		<SimpleData name="building">yes</SimpleData>
	</SchemaData></ExtendedData>
      <MultiGeometry><Polygon><outerBoundaryIs><LinearRing><coordinates>80.2108021,6.0352831 80.2107205,6.0352995 80.2107467,6.0354276 80.2108283,6.0354111 80.2108021,6.0352831</coordinates></LinearRing></outerBoundaryIs></Polygon></MultiGeometry>
  </Placemark>
  <Placemark id="buildings.74">
	<Style><LineStyle><color>ff0000ff</color></LineStyle><PolyStyle><fill>0</fill></PolyStyle></Style>
	<ExtendedData><SchemaData schemaUrl="#buildings">
		<SimpleData name="full_id">w533297954</SimpleData>
		<SimpleData name="osm_id">533297954</SimpleData>
		<SimpleData name="osm_type">way</SimpleData>
		<SimpleData name="building">yes</SimpleData>
	</SchemaData></ExtendedData>
      <MultiGeometry><Polygon><outerBoundaryIs><LinearRing><coordinates>80.2108216,6.0354298 80.2107451,6.0354406 80.2107545,6.035506 80.2108309,6.0354951 80.2108216,6.0354298</coordinates></LinearRing></outerBoundaryIs></Polygon></MultiGeometry>
  </Placemark>
  <Placemark id="buildings.75">
	<Style><LineStyle><color>ff0000ff</color></LineStyle><PolyStyle><fill>0</fill></PolyStyle></Style>
	<ExtendedData><SchemaData schemaUrl="#buildings">
		<SimpleData name="full_id">w533297974</SimpleData>
		<SimpleData name="osm_id">533297974</SimpleData>
		<SimpleData name="osm_type">way</SimpleData>
		<SimpleData name="building">yes</SimpleData>
	</SchemaData></ExtendedData>
      <MultiGeometry><Polygon><outerBoundaryIs><LinearRing><coordinates>80.210316,6.0355685 80.2102295,6.0353898 80.2101046,6.0354495 80.2101911,6.0356283 80.210316,6.0355685</coordinates></LinearRing></outerBoundaryIs></Polygon></MultiGeometry>
  </Placemark>
  <Placemark id="buildings.76">
	<Style><LineStyle><color>ff0000ff</color></LineStyle><PolyStyle><fill>0</fill></PolyStyle></Style>
	<ExtendedData><SchemaData schemaUrl="#buildings">
		<SimpleData name="full_id">w533297972</SimpleData>
		<SimpleData name="osm_id">533297972</SimpleData>
		<SimpleData name="osm_type">way</SimpleData>
		<SimpleData name="building">yes</SimpleData>
	</SchemaData></ExtendedData>
      <MultiGeometry><Polygon><outerBoundaryIs><LinearRing><coordinates>80.2104212,6.0355678 80.2105581,6.0354952 80.2104294,6.0352551 80.2102925,6.0353277 80.2104212,6.0355678</coordinates></LinearRing></outerBoundaryIs></Polygon></MultiGeometry>
  </Placemark>
  <Placemark id="buildings.77">
	<Style><LineStyle><color>ff0000ff</color></LineStyle><PolyStyle><fill>0</fill></PolyStyle></Style>
	<ExtendedData><SchemaData schemaUrl="#buildings">
		<SimpleData name="full_id">w533297970</SimpleData>
		<SimpleData name="osm_id">533297970</SimpleData>
		<SimpleData name="osm_type">way</SimpleData>
		<SimpleData name="building">yes</SimpleData>
	</SchemaData></ExtendedData>
      <MultiGeometry><Polygon><outerBoundaryIs><LinearRing><coordinates>80.210605,6.0354311 80.2105439,6.0354578 80.2105707,6.0355184 80.2106318,6.0354917 80.210605,6.0354311</coordinates></LinearRing></outerBoundaryIs></Polygon></MultiGeometry>
  </Placemark>
  <Placemark id="buildings.78">
	<Style><LineStyle><color>ff0000ff</color></LineStyle><PolyStyle><fill>0</fill></PolyStyle></Style>
	<ExtendedData><SchemaData schemaUrl="#buildings">
		<SimpleData name="full_id">w533297968</SimpleData>
		<SimpleData name="osm_id">533297968</SimpleData>
		<SimpleData name="osm_type">way</SimpleData>
		<SimpleData name="building">yes</SimpleData>
	</SchemaData></ExtendedData>
      <MultiGeometry><Polygon><outerBoundaryIs><LinearRing><coordinates>80.2105527,6.0352837 80.2105091,6.035201 80.2104451,6.0352344 80.2104886,6.0353171 80.2105527,6.0352837</coordinates></LinearRing></outerBoundaryIs></Polygon></MultiGeometry>
  </Placemark>
  <Placemark id="buildings.79">
	<Style><LineStyle><color>ff0000ff</color></LineStyle><PolyStyle><fill>0</fill></PolyStyle></Style>
	<ExtendedData><SchemaData schemaUrl="#buildings">
		<SimpleData name="full_id">w533297967</SimpleData>
		<SimpleData name="osm_id">533297967</SimpleData>
		<SimpleData name="osm_type">way</SimpleData>
		<SimpleData name="building">yes</SimpleData>
	</SchemaData></ExtendedData>
      <MultiGeometry><Polygon><outerBoundaryIs><LinearRing><coordinates>80.2105862,6.0351617 80.2105225,6.0351977 80.2105696,6.0352801 80.2106333,6.0352441 80.2105862,6.0351617</coordinates></LinearRing></outerBoundaryIs></Polygon></MultiGeometry>
  </Placemark>
  <Placemark id="buildings.80">
	<Style><LineStyle><color>ff0000ff</color></LineStyle><PolyStyle><fill>0</fill></PolyStyle></Style>
	<ExtendedData><SchemaData schemaUrl="#buildings">
		<SimpleData name="full_id">w533297965</SimpleData>
		<SimpleData name="osm_id">533297965</SimpleData>
		<SimpleData name="osm_type">way</SimpleData>
		<SimpleData name="building">yes</SimpleData>
	</SchemaData></ExtendedData>
      <MultiGeometry><Polygon><outerBoundaryIs><LinearRing><coordinates>80.2106968,6.0353524 80.2106646,6.0352497 80.210576,6.0352772 80.2106081,6.0353799 80.2106968,6.0353524</coordinates></LinearRing></outerBoundaryIs></Polygon></MultiGeometry>
  </Placemark>
  <Placemark id="buildings.81">
	<Style><LineStyle><color>ff0000ff</color></LineStyle><PolyStyle><fill>0</fill></PolyStyle></Style>
	<ExtendedData><SchemaData schemaUrl="#buildings">
		<SimpleData name="full_id">w533297963</SimpleData>
		<SimpleData name="osm_id">533297963</SimpleData>
		<SimpleData name="osm_type">way</SimpleData>
		<SimpleData name="building">yes</SimpleData>
	</SchemaData></ExtendedData>
      <MultiGeometry><Polygon><outerBoundaryIs><LinearRing><coordinates>80.2107599,6.0351164 80.2106626,6.035151 80.2106777,6.0351928 80.2107749,6.0351581 80.2107599,6.0351164</coordinates></LinearRing></outerBoundaryIs></Polygon></MultiGeometry>
  </Placemark>
  <Placemark id="buildings.82">
	<Style><LineStyle><color>ff0000ff</color></LineStyle><PolyStyle><fill>0</fill></PolyStyle></Style>
	<ExtendedData><SchemaData schemaUrl="#buildings">
		<SimpleData name="full_id">w534405387</SimpleData>
		<SimpleData name="osm_id">534405387</SimpleData>
		<SimpleData name="osm_type">way</SimpleData>
		<SimpleData name="building">yes</SimpleData>
	</SchemaData></ExtendedData>
      <MultiGeometry><Polygon><outerBoundaryIs><LinearRing><coordinates>80.2169018,6.034045 80.2168896,6.0339796 80.2163976,6.0340704 80.216403,6.0340994 80.2165933,6.0340643 80.2166001,6.0341007 80.2169018,6.034045</coordinates></LinearRing></outerBoundaryIs></Polygon></MultiGeometry>
  </Placemark>
  <Placemark id="buildings.83">
	<Style><LineStyle><color>ff0000ff</color></LineStyle><PolyStyle><fill>0</fill></PolyStyle></Style>
	<ExtendedData><SchemaData schemaUrl="#buildings">
		<SimpleData name="full_id">w534516199</SimpleData>
		<SimpleData name="osm_id">534516199</SimpleData>
		<SimpleData name="osm_type">way</SimpleData>
		<SimpleData name="building">yes</SimpleData>
	</SchemaData></ExtendedData>
      <MultiGeometry><Polygon><outerBoundaryIs><LinearRing><coordinates>80.2163386,6.0284054 80.2163946,6.0284138 80.2164196,6.0282489 80.2163637,6.0282405 80.2163386,6.0284054</coordinates></LinearRing></outerBoundaryIs></Polygon></MultiGeometry>
  </Placemark>
  <Placemark id="buildings.84">
	<Style><LineStyle><color>ff0000ff</color></LineStyle><PolyStyle><fill>0</fill></PolyStyle></Style>
	<ExtendedData><SchemaData schemaUrl="#buildings">
		<SimpleData name="full_id">w534516197</SimpleData>
		<SimpleData name="osm_id">534516197</SimpleData>
		<SimpleData name="osm_type">way</SimpleData>
		<SimpleData name="building">yes</SimpleData>
	</SchemaData></ExtendedData>
      <MultiGeometry><Polygon><outerBoundaryIs><LinearRing><coordinates>80.2166126,6.0266793 80.2167172,6.026698 80.2167518,6.0266112 80.2166297,6.0265945 80.2166126,6.0266793</coordinates></LinearRing></outerBoundaryIs></Polygon></MultiGeometry>
  </Placemark>
  <Placemark id="buildings.85">
	<Style><LineStyle><color>ff0000ff</color></LineStyle><PolyStyle><fill>0</fill></PolyStyle></Style>
	<ExtendedData><SchemaData schemaUrl="#buildings">
		<SimpleData name="full_id">w534516196</SimpleData>
		<SimpleData name="osm_id">534516196</SimpleData>
		<SimpleData name="osm_type">way</SimpleData>
		<SimpleData name="building">yes</SimpleData>
	</SchemaData></ExtendedData>
      <MultiGeometry><Polygon><outerBoundaryIs><LinearRing><coordinates>80.2160033,6.0270444 80.2160863,6.0269569 80.2160057,6.0268889 80.2159411,6.026952 80.2159013,6.02699 80.2159377,6.0270217 80.2159546,6.0270073 80.2160033,6.0270444</coordinates></LinearRing></outerBoundaryIs></Polygon></MultiGeometry>
  </Placemark>
  <Placemark id="buildings.86">
	<Style><LineStyle><color>ff0000ff</color></LineStyle><PolyStyle><fill>0</fill></PolyStyle></Style>
	<ExtendedData><SchemaData schemaUrl="#buildings">
		<SimpleData name="full_id">w534516195</SimpleData>
		<SimpleData name="osm_id">534516195</SimpleData>
		<SimpleData name="osm_type">way</SimpleData>
		<SimpleData name="building">yes</SimpleData>
	</SchemaData></ExtendedData>
      <MultiGeometry><Polygon><outerBoundaryIs><LinearRing><coordinates>80.2158853,6.0271683 80.2160574,6.0271692 80.216058,6.0270511 80.2160141,6.0270508 80.2160138,6.0271091 80.2158856,6.0271084 80.2158853,6.0271683</coordinates></LinearRing></outerBoundaryIs></Polygon></MultiGeometry>
  </Placemark>
  <Placemark id="buildings.87">
	<Style><LineStyle><color>ff0000ff</color></LineStyle><PolyStyle><fill>0</fill></PolyStyle></Style>
	<ExtendedData><SchemaData schemaUrl="#buildings">
		<SimpleData name="full_id">w534516193</SimpleData>
		<SimpleData name="osm_id">534516193</SimpleData>
		<SimpleData name="osm_type">way</SimpleData>
		<SimpleData name="building">yes</SimpleData>
	</SchemaData></ExtendedData>
      <MultiGeometry><Polygon><outerBoundaryIs><LinearRing><coordinates>80.2156934,6.0268185 80.2157803,6.0267206 80.2157258,6.0266728 80.2156389,6.0267707 80.2156934,6.0268185</coordinates></LinearRing></outerBoundaryIs></Polygon></MultiGeometry>
  </Placemark>
  <Placemark id="buildings.88">
	<Style><LineStyle><color>ff0000ff</color></LineStyle><PolyStyle><fill>0</fill></PolyStyle></Style>
	<ExtendedData><SchemaData schemaUrl="#buildings">
		<SimpleData name="full_id">w534516191</SimpleData>
		<SimpleData name="osm_id">534516191</SimpleData>
		<SimpleData name="osm_type">way</SimpleData>
		<SimpleData name="building">yes</SimpleData>
	</SchemaData></ExtendedData>
      <MultiGeometry><Polygon><outerBoundaryIs><LinearRing><coordinates>80.2157249,6.0270147 80.2157769,6.0270586 80.2158982,6.0269168 80.2159561,6.026849 80.2158747,6.0267802 80.2158139,6.0268514 80.2158029,6.0268642 80.2158323,6.0268891 80.2157249,6.0270147</coordinates></LinearRing></outerBoundaryIs></Polygon></MultiGeometry>
  </Placemark>
  <Placemark id="buildings.89">
	<Style><LineStyle><color>ff0000ff</color></LineStyle><PolyStyle><fill>0</fill></PolyStyle></Style>
	<ExtendedData><SchemaData schemaUrl="#buildings">
		<SimpleData name="full_id">w534405391</SimpleData>
		<SimpleData name="osm_id">534405391</SimpleData>
		<SimpleData name="osm_type">way</SimpleData>
		<SimpleData name="building">yes</SimpleData>
	</SchemaData></ExtendedData>
      <MultiGeometry><Polygon><outerBoundaryIs><LinearRing><coordinates>80.2167378,6.033911 80.2167347,6.0338826 80.2167064,6.0338855 80.2167094,6.033914 80.2167378,6.033911</coordinates></LinearRing></outerBoundaryIs></Polygon></MultiGeometry>
  </Placemark>
  <Placemark id="buildings.90">
	<Style><LineStyle><color>ff0000ff</color></LineStyle><PolyStyle><fill>0</fill></PolyStyle></Style>
	<ExtendedData><SchemaData schemaUrl="#buildings">
		<SimpleData name="full_id">w534405389</SimpleData>
		<SimpleData name="osm_id">534405389</SimpleData>
		<SimpleData name="osm_type">way</SimpleData>
		<SimpleData name="building">yes</SimpleData>
	</SchemaData></ExtendedData>
      <MultiGeometry><Polygon><outerBoundaryIs><LinearRing><coordinates>80.2168861,6.0339653 80.2168752,6.0339034 80.2163857,6.0339891 80.2163967,6.034051 80.2168861,6.0339653</coordinates></LinearRing></outerBoundaryIs></Polygon></MultiGeometry>
  </Placemark>
  <Placemark id="buildings.91">
	<Style><LineStyle><color>ff0000ff</color></LineStyle><PolyStyle><fill>0</fill></PolyStyle></Style>
	<ExtendedData><SchemaData schemaUrl="#buildings">
		<SimpleData name="full_id">w534516207</SimpleData>
		<SimpleData name="osm_id">534516207</SimpleData>
		<SimpleData name="osm_type">way</SimpleData>
		<SimpleData name="building">yes</SimpleData>
	</SchemaData></ExtendedData>
      <MultiGeometry><Polygon><outerBoundaryIs><LinearRing><coordinates>80.2153483,6.0264166 80.2153348,6.0264324 80.2154124,6.026498 80.2154729,6.0264271 80.2153953,6.0263615 80.2153483,6.0264166</coordinates></LinearRing></outerBoundaryIs></Polygon></MultiGeometry>
  </Placemark>
  <Placemark id="buildings.92">
	<Style><LineStyle><color>ff0000ff</color></LineStyle><PolyStyle><fill>0</fill></PolyStyle></Style>
	<ExtendedData><SchemaData schemaUrl="#buildings">
		<SimpleData name="full_id">w534516206</SimpleData>
		<SimpleData name="osm_id">534516206</SimpleData>
		<SimpleData name="osm_type">way</SimpleData>
		<SimpleData name="building">yes</SimpleData>
	</SchemaData></ExtendedData>
      <MultiGeometry><Polygon><outerBoundaryIs><LinearRing><coordinates>80.2154909,6.026566 80.2155463,6.0265008 80.2154798,6.0264449 80.2154244,6.0265101 80.2154909,6.026566</coordinates></LinearRing></outerBoundaryIs></Polygon></MultiGeometry>
  </Placemark>
  <Placemark id="buildings.93">
	<Style><LineStyle><color>ff0000ff</color></LineStyle><PolyStyle><fill>0</fill></PolyStyle></Style>
	<ExtendedData><SchemaData schemaUrl="#buildings">
		<SimpleData name="full_id">w534516205</SimpleData>
		<SimpleData name="osm_id">534516205</SimpleData>
		<SimpleData name="osm_type">way</SimpleData>
		<SimpleData name="building">yes</SimpleData>
	</SchemaData></ExtendedData>
      <MultiGeometry><Polygon><outerBoundaryIs><LinearRing><coordinates>80.2159092,6.0260205 80.2159,6.0261363 80.215984,6.0261429 80.2159932,6.0260272 80.2159092,6.0260205</coordinates></LinearRing></outerBoundaryIs></Polygon></MultiGeometry>
  </Placemark>
  <Placemark id="buildings.94">
	<Style><LineStyle><color>ff0000ff</color></LineStyle><PolyStyle><fill>0</fill></PolyStyle></Style>
	<ExtendedData><SchemaData schemaUrl="#buildings">
		<SimpleData name="full_id">w534516204</SimpleData>
		<SimpleData name="osm_id">534516204</SimpleData>
		<SimpleData name="osm_type">way</SimpleData>
		<SimpleData name="building">yes</SimpleData>
	</SchemaData></ExtendedData>
      <MultiGeometry><Polygon><outerBoundaryIs><LinearRing><coordinates>80.2163125,6.0262069 80.2163613,6.0262226 80.2163815,6.0261604 80.2163328,6.0261447 80.2163125,6.0262069</coordinates></LinearRing></outerBoundaryIs></Polygon></MultiGeometry>
  </Placemark>
  <Placemark id="buildings.95">
	<Style><LineStyle><color>ff0000ff</color></LineStyle><PolyStyle><fill>0</fill></PolyStyle></Style>
	<ExtendedData><SchemaData schemaUrl="#buildings">
		<SimpleData name="full_id">w534516203</SimpleData>
		<SimpleData name="osm_id">534516203</SimpleData>
		<SimpleData name="osm_type">way</SimpleData>
		<SimpleData name="building">yes</SimpleData>
	</SchemaData></ExtendedData>
      <MultiGeometry><Polygon><outerBoundaryIs><LinearRing><coordinates>80.2164703,6.0261639 80.2164572,6.0262125 80.216526,6.026231 80.2165716,6.026063 80.2165027,6.0260445 80.2164703,6.0261639</coordinates></LinearRing></outerBoundaryIs></Polygon></MultiGeometry>
  </Placemark>
  <Placemark id="buildings.96">
	<Style><LineStyle><color>ff0000ff</color></LineStyle><PolyStyle><fill>0</fill></PolyStyle></Style>
	<ExtendedData><SchemaData schemaUrl="#buildings">
		<SimpleData name="full_id">w534516202</SimpleData>
		<SimpleData name="osm_id">534516202</SimpleData>
		<SimpleData name="osm_type">way</SimpleData>
		<SimpleData name="building">yes</SimpleData>
	</SchemaData></ExtendedData>
      <MultiGeometry><Polygon><outerBoundaryIs><LinearRing><coordinates>80.2160706,6.0266603 80.2161061,6.0266607 80.2161068,6.0266072 80.2160713,6.0266067 80.2160706,6.0266603</coordinates></LinearRing></outerBoundaryIs></Polygon></MultiGeometry>
  </Placemark>
  <Placemark id="buildings.97">
	<Style><LineStyle><color>ff0000ff</color></LineStyle><PolyStyle><fill>0</fill></PolyStyle></Style>
	<ExtendedData><SchemaData schemaUrl="#buildings">
		<SimpleData name="full_id">w534516201</SimpleData>
		<SimpleData name="osm_id">534516201</SimpleData>
		<SimpleData name="osm_type">way</SimpleData>
		<SimpleData name="building">yes</SimpleData>
	</SchemaData></ExtendedData>
      <MultiGeometry><Polygon><outerBoundaryIs><LinearRing><coordinates>80.2159553,6.0266768 80.2160261,6.026731 80.2160735,6.0267296 80.2160706,6.0266603 80.2160713,6.0266067 80.2160031,6.0266072 80.2160041,6.0266434 80.2159667,6.0266143 80.2159319,6.0266585 80.2159553,6.0266768</coordinates></LinearRing></outerBoundaryIs></Polygon></MultiGeometry>
  </Placemark>
  <Placemark id="buildings.98">
	<Style><LineStyle><color>ff0000ff</color></LineStyle><PolyStyle><fill>0</fill></PolyStyle></Style>
	<ExtendedData><SchemaData schemaUrl="#buildings">
		<SimpleData name="full_id">w534516200</SimpleData>
		<SimpleData name="osm_id">534516200</SimpleData>
		<SimpleData name="osm_type">way</SimpleData>
		<SimpleData name="building">yes</SimpleData>
	</SchemaData></ExtendedData>
      <MultiGeometry><Polygon><outerBoundaryIs><LinearRing><coordinates>80.2159236,6.0267181 80.2159947,6.0267719 80.2160261,6.026731 80.2159553,6.0266768 80.2159236,6.0267181</coordinates></LinearRing></outerBoundaryIs></Polygon></MultiGeometry>
  </Placemark>
  <Placemark id="buildings.99">
	<Style><LineStyle><color>ff0000ff</color></LineStyle><PolyStyle><fill>0</fill></PolyStyle></Style>
	<ExtendedData><SchemaData schemaUrl="#buildings">
		<SimpleData name="full_id">w535193713</SimpleData>
		<SimpleData name="osm_id">535193713</SimpleData>
		<SimpleData name="osm_type">way</SimpleData>
		<SimpleData name="building">yes</SimpleData>
	</SchemaData></ExtendedData>
      <MultiGeometry><Polygon><outerBoundaryIs><LinearRing><coordinates>80.2181838,6.0348442 80.2182897,6.0347271 80.2185206,6.0349334 80.2186198,6.0348237 80.2183054,6.0345428 80.2180772,6.0347987 80.2181469,6.0348595 80.2181838,6.0348442</coordinates></LinearRing></outerBoundaryIs></Polygon></MultiGeometry>
  </Placemark>
  <Placemark id="buildings.100">
	<Style><LineStyle><color>ff0000ff</color></LineStyle><PolyStyle><fill>0</fill></PolyStyle></Style>
	<ExtendedData><SchemaData schemaUrl="#buildings">
		<SimpleData name="full_id">w535193711</SimpleData>
		<SimpleData name="osm_id">535193711</SimpleData>
		<SimpleData name="osm_type">way</SimpleData>
		<SimpleData name="building">yes</SimpleData>
	</SchemaData></ExtendedData>
      <MultiGeometry><Polygon><outerBoundaryIs><LinearRing><coordinates>80.2196793,6.0354532 80.2196917,6.0354191 80.2195999,6.0353861 80.2195875,6.0354202 80.2196793,6.0354532</coordinates></LinearRing></outerBoundaryIs></Polygon></MultiGeometry>
  </Placemark>
  <Placemark id="buildings.101">
	<Style><LineStyle><color>ff0000ff</color></LineStyle><PolyStyle><fill>0</fill></PolyStyle></Style>
	<ExtendedData><SchemaData schemaUrl="#buildings">
		<SimpleData name="full_id">w535193708</SimpleData>
		<SimpleData name="osm_id">535193708</SimpleData>
		<SimpleData name="osm_type">way</SimpleData>
		<SimpleData name="building">yes</SimpleData>
	</SchemaData></ExtendedData>
      <MultiGeometry><Polygon><outerBoundaryIs><LinearRing><coordinates>80.2188951,6.0353217 80.2187643,6.0352799 80.2187529,6.03538 80.2188531,6.0354006 80.2188951,6.0353217</coordinates></LinearRing></outerBoundaryIs></Polygon></MultiGeometry>
  </Placemark>
  <Placemark id="buildings.102">
	<Style><LineStyle><color>ff0000ff</color></LineStyle><PolyStyle><fill>0</fill></PolyStyle></Style>
	<ExtendedData><SchemaData schemaUrl="#buildings">
		<SimpleData name="full_id">w535193706</SimpleData>
		<SimpleData name="osm_id">535193706</SimpleData>
		<SimpleData name="osm_type">way</SimpleData>
		<SimpleData name="building">yes</SimpleData>
	</SchemaData></ExtendedData>
      <MultiGeometry><Polygon><outerBoundaryIs><LinearRing><coordinates>80.2186943,6.0355167 80.2188437,6.0355609 80.2188554,6.0355098 80.218818,6.0354889 80.2188274,6.035403 80.2187529,6.03538 80.2187293,6.0353728 80.2186943,6.0355167</coordinates></LinearRing></outerBoundaryIs></Polygon></MultiGeometry>
  </Placemark>
  <Placemark id="buildings.103">
	<Style><LineStyle><color>ff0000ff</color></LineStyle><PolyStyle><fill>0</fill></PolyStyle></Style>
	<ExtendedData><SchemaData schemaUrl="#buildings">
		<SimpleData name="full_id">w534516208</SimpleData>
		<SimpleData name="osm_id">534516208</SimpleData>
		<SimpleData name="osm_type">way</SimpleData>
		<SimpleData name="building">yes</SimpleData>
	</SchemaData></ExtendedData>
      <MultiGeometry><Polygon><outerBoundaryIs><LinearRing><coordinates>80.2158581,6.0263831 80.2159231,6.0263878 80.2159246,6.0263682 80.2159547,6.0263704 80.2159594,6.0263055 80.2158643,6.0262986 80.2158581,6.0263831</coordinates></LinearRing></outerBoundaryIs></Polygon></MultiGeometry>
  </Placemark>
  <Placemark id="buildings.104">
	<Style><LineStyle><color>ff0000ff</color></LineStyle><PolyStyle><fill>0</fill></PolyStyle></Style>
	<ExtendedData><SchemaData schemaUrl="#buildings">
		<SimpleData name="full_id">w534312841</SimpleData>
		<SimpleData name="osm_id">534312841</SimpleData>
		<SimpleData name="osm_type">way</SimpleData>
		<SimpleData name="building">yes</SimpleData>
	</SchemaData></ExtendedData>
      <MultiGeometry><Polygon><outerBoundaryIs><LinearRing><coordinates>80.2157657,6.0265722 80.2158348,6.0266301 80.215946,6.0264988 80.215877,6.0264409 80.2157657,6.0265722</coordinates></LinearRing></outerBoundaryIs></Polygon></MultiGeometry>
  </Placemark>
  <Placemark id="buildings.105">
	<Style><LineStyle><color>ff0000ff</color></LineStyle><PolyStyle><fill>0</fill></PolyStyle></Style>
	<ExtendedData><SchemaData schemaUrl="#buildings">
		<SimpleData name="full_id">w534312839</SimpleData>
		<SimpleData name="osm_id">534312839</SimpleData>
		<SimpleData name="osm_type">way</SimpleData>
		<SimpleData name="building">yes</SimpleData>
	</SchemaData></ExtendedData>
      <MultiGeometry><Polygon><outerBoundaryIs><LinearRing><coordinates>80.215655,6.0264825 80.2157531,6.0265625 80.2158399,6.0264573 80.2157419,6.0263772 80.215655,6.0264825</coordinates></LinearRing></outerBoundaryIs></Polygon></MultiGeometry>
  </Placemark>
  <Placemark id="buildings.106">
	<Style><LineStyle><color>ff0000ff</color></LineStyle><PolyStyle><fill>0</fill></PolyStyle></Style>
	<ExtendedData><SchemaData schemaUrl="#buildings">
		<SimpleData name="full_id">w534312837</SimpleData>
		<SimpleData name="osm_id">534312837</SimpleData>
		<SimpleData name="osm_type">way</SimpleData>
		<SimpleData name="building">yes</SimpleData>
	</SchemaData></ExtendedData>
      <MultiGeometry><Polygon><outerBoundaryIs><LinearRing><coordinates>80.2155679,6.0267172 80.2156261,6.026765 80.2157278,6.0266424 80.2156697,6.0265947 80.2155679,6.0267172</coordinates></LinearRing></outerBoundaryIs></Polygon></MultiGeometry>
  </Placemark>
  <Placemark id="buildings.107">
	<Style><LineStyle><color>ff0000ff</color></LineStyle><PolyStyle><fill>0</fill></PolyStyle></Style>
	<ExtendedData><SchemaData schemaUrl="#buildings">
		<SimpleData name="full_id">w534312836</SimpleData>
		<SimpleData name="osm_id">534312836</SimpleData>
		<SimpleData name="osm_type">way</SimpleData>
		<SimpleData name="building">yes</SimpleData>
	</SchemaData></ExtendedData>
      <MultiGeometry><Polygon><outerBoundaryIs><LinearRing><coordinates>80.2154934,6.0265706 80.2155606,6.0266271 80.215616,6.0265619 80.2155488,6.0265054 80.2154934,6.0265706</coordinates></LinearRing></outerBoundaryIs></Polygon></MultiGeometry>
  </Placemark>
  <Placemark id="buildings.108">
	<Style><LineStyle><color>ff0000ff</color></LineStyle><PolyStyle><fill>0</fill></PolyStyle></Style>
	<ExtendedData><SchemaData schemaUrl="#buildings">
		<SimpleData name="full_id">w534312834</SimpleData>
		<SimpleData name="osm_id">534312834</SimpleData>
		<SimpleData name="osm_type">way</SimpleData>
		<SimpleData name="building">yes</SimpleData>
	</SchemaData></ExtendedData>
      <MultiGeometry><Polygon><outerBoundaryIs><LinearRing><coordinates>80.2152698,6.0264961 80.2153623,6.0265688 80.215406,6.0265138 80.2153275,6.0264522 80.2153134,6.0264411 80.2152698,6.0264961</coordinates></LinearRing></outerBoundaryIs></Polygon></MultiGeometry>
  </Placemark>
  <Placemark id="buildings.109">
	<Style><LineStyle><color>ff0000ff</color></LineStyle><PolyStyle><fill>0</fill></PolyStyle></Style>
	<ExtendedData><SchemaData schemaUrl="#buildings">
		<SimpleData name="full_id">w534312832</SimpleData>
		<SimpleData name="osm_id">534312832</SimpleData>
		<SimpleData name="osm_type">way</SimpleData>
		<SimpleData name="building">yes</SimpleData>
	</SchemaData></ExtendedData>
      <MultiGeometry><Polygon><outerBoundaryIs><LinearRing><coordinates>80.2152903,6.0263594 80.2153429,6.0264083 80.2153864,6.026362 80.2153338,6.0263131 80.2152903,6.0263594</coordinates></LinearRing></outerBoundaryIs></Polygon></MultiGeometry>
  </Placemark>
  <Placemark id="buildings.110">
	<Style><LineStyle><color>ff0000ff</color></LineStyle><PolyStyle><fill>0</fill></PolyStyle></Style>
	<ExtendedData><SchemaData schemaUrl="#buildings">
		<SimpleData name="full_id">w534312831</SimpleData>
		<SimpleData name="osm_id">534312831</SimpleData>
		<SimpleData name="osm_type">way</SimpleData>
		<SimpleData name="building">yes</SimpleData>
	</SchemaData></ExtendedData>
      <MultiGeometry><Polygon><outerBoundaryIs><LinearRing><coordinates>80.2158969,6.0262357 80.2160028,6.0262344 80.2160018,6.0261549 80.2158959,6.0261563 80.2158969,6.0262357</coordinates></LinearRing></outerBoundaryIs></Polygon></MultiGeometry>
  </Placemark>
  <Placemark id="buildings.111">
	<Style><LineStyle><color>ff0000ff</color></LineStyle><PolyStyle><fill>0</fill></PolyStyle></Style>
	<ExtendedData><SchemaData schemaUrl="#buildings">
		<SimpleData name="full_id">w534312829</SimpleData>
		<SimpleData name="osm_id">534312829</SimpleData>
		<SimpleData name="osm_type">way</SimpleData>
		<SimpleData name="building">yes</SimpleData>
	</SchemaData></ExtendedData>
      <MultiGeometry><Polygon><outerBoundaryIs><LinearRing><coordinates>80.215581,6.0264224 80.215641,6.0264758 80.2156969,6.0264137 80.2156369,6.0263603 80.215581,6.0264224</coordinates></LinearRing></outerBoundaryIs></Polygon></MultiGeometry>
  </Placemark>
  <Placemark id="buildings.112">
	<Style><LineStyle><color>ff0000ff</color></LineStyle><PolyStyle><fill>0</fill></PolyStyle></Style>
	<ExtendedData><SchemaData schemaUrl="#buildings">
		<SimpleData name="full_id">w534313700</SimpleData>
		<SimpleData name="osm_id">534313700</SimpleData>
		<SimpleData name="osm_type">way</SimpleData>
		<SimpleData name="building">yes</SimpleData>
	</SchemaData></ExtendedData>
      <MultiGeometry><Polygon><outerBoundaryIs><LinearRing><coordinates>80.2158139,6.0268514 80.2158734,6.0267794 80.2158038,6.0267214 80.2157414,6.0267932 80.2158008,6.0268409 80.2158139,6.0268514</coordinates></LinearRing></outerBoundaryIs></Polygon></MultiGeometry>
  </Placemark>
  <Placemark id="buildings.113">
	<Style><LineStyle><color>ff0000ff</color></LineStyle><PolyStyle><fill>0</fill></PolyStyle></Style>
	<ExtendedData><SchemaData schemaUrl="#buildings">
		<SimpleData name="full_id">w534313698</SimpleData>
		<SimpleData name="osm_id">534313698</SimpleData>
		<SimpleData name="osm_type">way</SimpleData>
		<SimpleData name="building">yes</SimpleData>
	</SchemaData></ExtendedData>
      <MultiGeometry><Polygon><outerBoundaryIs><LinearRing><coordinates>80.2156416,6.0269142 80.2157017,6.0269606 80.2157573,6.0268894 80.2156973,6.026843 80.2156416,6.0269142</coordinates></LinearRing></outerBoundaryIs></Polygon></MultiGeometry>
  </Placemark>
  <Placemark id="buildings.114">
	<Style><LineStyle><color>ff0000ff</color></LineStyle><PolyStyle><fill>0</fill></PolyStyle></Style>
	<ExtendedData><SchemaData schemaUrl="#buildings">
		<SimpleData name="full_id">w534313696</SimpleData>
		<SimpleData name="osm_id">534313696</SimpleData>
		<SimpleData name="osm_type">way</SimpleData>
		<SimpleData name="building">yes</SimpleData>
	</SchemaData></ExtendedData>
      <MultiGeometry><Polygon><outerBoundaryIs><LinearRing><coordinates>80.2154723,6.0268519 80.2155231,6.0268869 80.2155915,6.0267887 80.2155407,6.0267537 80.2154723,6.0268519</coordinates></LinearRing></outerBoundaryIs></Polygon></MultiGeometry>
  </Placemark>
  <Placemark id="buildings.115">
	<Style><LineStyle><color>ff0000ff</color></LineStyle><PolyStyle><fill>0</fill></PolyStyle></Style>
	<ExtendedData><SchemaData schemaUrl="#buildings">
		<SimpleData name="full_id">w534313694</SimpleData>
		<SimpleData name="osm_id">534313694</SimpleData>
		<SimpleData name="osm_type">way</SimpleData>
		<SimpleData name="building">yes</SimpleData>
	</SchemaData></ExtendedData>
      <MultiGeometry><Polygon><outerBoundaryIs><LinearRing><coordinates>80.2152557,6.0267992 80.2153844,6.0267925 80.2153814,6.0267345 80.2152527,6.0267411 80.2152557,6.0267992</coordinates></LinearRing></outerBoundaryIs></Polygon></MultiGeometry>
  </Placemark>
  <Placemark id="buildings.116">
	<Style><LineStyle><color>ff0000ff</color></LineStyle><PolyStyle><fill>0</fill></PolyStyle></Style>
	<ExtendedData><SchemaData schemaUrl="#buildings">
		<SimpleData name="full_id">w534313693</SimpleData>
		<SimpleData name="osm_id">534313693</SimpleData>
		<SimpleData name="osm_type">way</SimpleData>
		<SimpleData name="building">yes</SimpleData>
	</SchemaData></ExtendedData>
      <MultiGeometry><Polygon><outerBoundaryIs><LinearRing><coordinates>80.2152558,6.0268677 80.2154298,6.0268794 80.2154327,6.0268232 80.2152633,6.0268164 80.2152558,6.0268677</coordinates></LinearRing></outerBoundaryIs></Polygon></MultiGeometry>
  </Placemark>
  <Placemark id="buildings.117">
	<Style><LineStyle><color>ff0000ff</color></LineStyle><PolyStyle><fill>0</fill></PolyStyle></Style>
	<ExtendedData><SchemaData schemaUrl="#buildings">
		<SimpleData name="full_id">w534313691</SimpleData>
		<SimpleData name="osm_id">534313691</SimpleData>
		<SimpleData name="osm_type">way</SimpleData>
		<SimpleData name="building">yes</SimpleData>
	</SchemaData></ExtendedData>
      <MultiGeometry><Polygon><outerBoundaryIs><LinearRing><coordinates>80.2152678,6.0269454 80.215397,6.0269498 80.2154126,6.026888 80.2152708,6.0268794 80.2152678,6.0269454</coordinates></LinearRing></outerBoundaryIs></Polygon></MultiGeometry>
  </Placemark>
  <Placemark id="buildings.118">
	<Style><LineStyle><color>ff0000ff</color></LineStyle><PolyStyle><fill>0</fill></PolyStyle></Style>
	<ExtendedData><SchemaData schemaUrl="#buildings">
		<SimpleData name="full_id">w534312844</SimpleData>
		<SimpleData name="osm_id">534312844</SimpleData>
		<SimpleData name="osm_type">way</SimpleData>
		<SimpleData name="building">yes</SimpleData>
	</SchemaData></ExtendedData>
      <MultiGeometry><Polygon><outerBoundaryIs><LinearRing><coordinates>80.2153286,6.0266853 80.2153667,6.0267233 80.2154133,6.0266772 80.2154517,6.0267155 80.2155305,6.0266375 80.2154541,6.0265611 80.2153286,6.0266853</coordinates></LinearRing></outerBoundaryIs></Polygon></MultiGeometry>
  </Placemark>
  <Placemark id="buildings.119">
	<Style><LineStyle><color>ff0000ff</color></LineStyle><PolyStyle><fill>0</fill></PolyStyle></Style>
	<ExtendedData><SchemaData schemaUrl="#buildings">
		<SimpleData name="full_id">w534312842</SimpleData>
		<SimpleData name="osm_id">534312842</SimpleData>
		<SimpleData name="osm_type">way</SimpleData>
		<SimpleData name="building">yes</SimpleData>
	</SchemaData></ExtendedData>
      <MultiGeometry><Polygon><outerBoundaryIs><LinearRing><coordinates>80.2158393,6.0266393 80.2159034,6.0266921 80.2159319,6.0266585 80.2159667,6.0266143 80.2159916,6.026586 80.2159275,6.0265333 80.2158393,6.0266393</coordinates></LinearRing></outerBoundaryIs></Polygon></MultiGeometry>
  </Placemark>
  <Placemark id="buildings.120">
	<Style><LineStyle><color>ff0000ff</color></LineStyle><PolyStyle><fill>0</fill></PolyStyle></Style>
	<ExtendedData><SchemaData schemaUrl="#buildings">
		<SimpleData name="full_id">w534313713</SimpleData>
		<SimpleData name="osm_id">534313713</SimpleData>
		<SimpleData name="osm_type">way</SimpleData>
		<SimpleData name="building">yes</SimpleData>
	</SchemaData></ExtendedData>
      <MultiGeometry><Polygon><outerBoundaryIs><LinearRing><coordinates>80.2172516,6.0273063 80.2173262,6.0273389 80.2173444,6.0272158 80.2172716,6.0272014 80.2172516,6.0273063</coordinates></LinearRing></outerBoundaryIs></Polygon></MultiGeometry>
  </Placemark>
  <Placemark id="buildings.121">
	<Style><LineStyle><color>ff0000ff</color></LineStyle><PolyStyle><fill>0</fill></PolyStyle></Style>
	<ExtendedData><SchemaData schemaUrl="#buildings">
		<SimpleData name="full_id">w534313711</SimpleData>
		<SimpleData name="osm_id">534313711</SimpleData>
		<SimpleData name="osm_type">way</SimpleData>
		<SimpleData name="building">yes</SimpleData>
	</SchemaData></ExtendedData>
      <MultiGeometry><Polygon><outerBoundaryIs><LinearRing><coordinates>80.217117,6.0271145 80.2170861,6.027176 80.2171243,6.0271887 80.2171079,6.027252 80.2171734,6.0272954 80.2172243,6.0271688 80.217117,6.0271145</coordinates></LinearRing></outerBoundaryIs></Polygon></MultiGeometry>
  </Placemark>
  <Placemark id="buildings.122">
	<Style><LineStyle><color>ff0000ff</color></LineStyle><PolyStyle><fill>0</fill></PolyStyle></Style>
	<ExtendedData><SchemaData schemaUrl="#buildings">
		<SimpleData name="full_id">w534313709</SimpleData>
		<SimpleData name="osm_id">534313709</SimpleData>
		<SimpleData name="osm_type">way</SimpleData>
		<SimpleData name="building">yes</SimpleData>
	</SchemaData></ExtendedData>
      <MultiGeometry><Polygon><outerBoundaryIs><LinearRing><coordinates>80.2170606,6.0270023 80.2171816,6.0270441 80.2172043,6.0269643 80.2170886,6.0269308 80.2170606,6.0270023</coordinates></LinearRing></outerBoundaryIs></Polygon></MultiGeometry>
  </Placemark>
  <Placemark id="buildings.123">
	<Style><LineStyle><color>ff0000ff</color></LineStyle><PolyStyle><fill>0</fill></PolyStyle></Style>
	<ExtendedData><SchemaData schemaUrl="#buildings">
		<SimpleData name="full_id">w534313707</SimpleData>
		<SimpleData name="osm_id">534313707</SimpleData>
		<SimpleData name="osm_type">way</SimpleData>
		<SimpleData name="building">yes</SimpleData>
	</SchemaData></ExtendedData>
      <MultiGeometry><Polygon><outerBoundaryIs><LinearRing><coordinates>80.2170879,6.0274112 80.2172425,6.0274926 80.2172589,6.0273588 80.2171227,6.0273055 80.2170879,6.0274112</coordinates></LinearRing></outerBoundaryIs></Polygon></MultiGeometry>
  </Placemark>
  <Placemark id="buildings.124">
	<Style><LineStyle><color>ff0000ff</color></LineStyle><PolyStyle><fill>0</fill></PolyStyle></Style>
	<ExtendedData><SchemaData schemaUrl="#buildings">
		<SimpleData name="full_id">w534313705</SimpleData>
		<SimpleData name="osm_id">534313705</SimpleData>
		<SimpleData name="osm_type">way</SimpleData>
		<SimpleData name="building">yes</SimpleData>
	</SchemaData></ExtendedData>
      <MultiGeometry><Polygon><outerBoundaryIs><LinearRing><coordinates>80.214948,6.0297218 80.2150225,6.0297354 80.2150337,6.0296749 80.2149592,6.0296613 80.214948,6.0297218</coordinates></LinearRing></outerBoundaryIs></Polygon></MultiGeometry>
  </Placemark>
  <Placemark id="buildings.125">
	<Style><LineStyle><color>ff0000ff</color></LineStyle><PolyStyle><fill>0</fill></PolyStyle></Style>
	<ExtendedData><SchemaData schemaUrl="#buildings">
		<SimpleData name="full_id">w534313704</SimpleData>
		<SimpleData name="osm_id">534313704</SimpleData>
		<SimpleData name="osm_type">way</SimpleData>
		<SimpleData name="building">yes</SimpleData>
	</SchemaData></ExtendedData>
      <MultiGeometry><Polygon><outerBoundaryIs><LinearRing><coordinates>80.2147489,6.0296708 80.2147932,6.0296787 80.2147966,6.0296421 80.2147536,6.0296362 80.2147489,6.0296708</coordinates></LinearRing></outerBoundaryIs></Polygon></MultiGeometry>
  </Placemark>
  <Placemark id="buildings.126">
	<name>Prince Of Galle</name>
	<Style><LineStyle><color>ff0000ff</color></LineStyle><PolyStyle><fill>0</fill></PolyStyle></Style>
	<ExtendedData><SchemaData schemaUrl="#buildings">
		<SimpleData name="full_id">w534313702</SimpleData>
		<SimpleData name="osm_id">534313702</SimpleData>
		<SimpleData name="osm_type">way</SimpleData>
		<SimpleData name="building">yes</SimpleData>
		<SimpleData name="tourism">hotel</SimpleData>
	</SchemaData></ExtendedData>
      <MultiGeometry><Polygon><outerBoundaryIs><LinearRing><coordinates>80.215754,6.0271401 80.2157725,6.0270656 80.2156471,6.0270349 80.2156283,6.0271051 80.215754,6.0271401</coordinates></LinearRing></outerBoundaryIs></Polygon></MultiGeometry>
  </Placemark>
  <Placemark id="buildings.127">
	<Style><LineStyle><color>ff0000ff</color></LineStyle><PolyStyle><fill>0</fill></PolyStyle></Style>
	<ExtendedData><SchemaData schemaUrl="#buildings">
		<SimpleData name="full_id">w495357972</SimpleData>
		<SimpleData name="osm_id">495357972</SimpleData>
		<SimpleData name="osm_type">way</SimpleData>
		<SimpleData name="building">yes</SimpleData>
	</SchemaData></ExtendedData>
      <MultiGeometry><Polygon><outerBoundaryIs><LinearRing><coordinates>80.2183948,6.0255999 80.2182972,6.0255926 80.2182905,6.0256813 80.2183881,6.0256885 80.2183948,6.0255999</coordinates></LinearRing></outerBoundaryIs></Polygon></MultiGeometry>
  </Placemark>
  <Placemark id="buildings.128">
	<Style><LineStyle><color>ff0000ff</color></LineStyle><PolyStyle><fill>0</fill></PolyStyle></Style>
	<ExtendedData><SchemaData schemaUrl="#buildings">
		<SimpleData name="full_id">w495357971</SimpleData>
		<SimpleData name="osm_id">495357971</SimpleData>
		<SimpleData name="osm_type">way</SimpleData>
		<SimpleData name="building">yes</SimpleData>
	</SchemaData></ExtendedData>
      <MultiGeometry><Polygon><outerBoundaryIs><LinearRing><coordinates>80.2183948,6.0254745 80.2183773,6.0255678 80.2184513,6.0255815 80.2184688,6.0254882 80.2183948,6.0254745</coordinates></LinearRing></outerBoundaryIs></Polygon></MultiGeometry>
  </Placemark>
  <Placemark id="buildings.129">
	<Style><LineStyle><color>ff0000ff</color></LineStyle><PolyStyle><fill>0</fill></PolyStyle></Style>
	<ExtendedData><SchemaData schemaUrl="#buildings">
		<SimpleData name="full_id">w495357970</SimpleData>
		<SimpleData name="osm_id">495357970</SimpleData>
		<SimpleData name="osm_type">way</SimpleData>
		<SimpleData name="building">yes</SimpleData>
	</SchemaData></ExtendedData>
      <MultiGeometry><Polygon><outerBoundaryIs><LinearRing><coordinates>80.2183392,6.0254678 80.2182614,6.0254585 80.2182481,6.0255681 80.2183259,6.0255774 80.2183392,6.0254678</coordinates></LinearRing></outerBoundaryIs></Polygon></MultiGeometry>
  </Placemark>
  <Placemark id="buildings.130">
	<Style><LineStyle><color>ff0000ff</color></LineStyle><PolyStyle><fill>0</fill></PolyStyle></Style>
	<ExtendedData><SchemaData schemaUrl="#buildings">
		<SimpleData name="full_id">w495357969</SimpleData>
		<SimpleData name="osm_id">495357969</SimpleData>
		<SimpleData name="osm_type">way</SimpleData>
		<SimpleData name="building">yes</SimpleData>
	</SchemaData></ExtendedData>
      <MultiGeometry><Polygon><outerBoundaryIs><LinearRing><coordinates>80.21861,6.0255558 80.2184786,6.0255345 80.2184705,6.0255837 80.2186019,6.025605 80.21861,6.0255558</coordinates></LinearRing></outerBoundaryIs></Polygon></MultiGeometry>
  </Placemark>
  <Placemark id="buildings.131">
	<Style><LineStyle><color>ff0000ff</color></LineStyle><PolyStyle><fill>0</fill></PolyStyle></Style>
	<ExtendedData><SchemaData schemaUrl="#buildings">
		<SimpleData name="full_id">w495353955</SimpleData>
		<SimpleData name="osm_id">495353955</SimpleData>
		<SimpleData name="osm_type">way</SimpleData>
		<SimpleData name="building">yes</SimpleData>
	</SchemaData></ExtendedData>
      <MultiGeometry><Polygon><outerBoundaryIs><LinearRing><coordinates>80.2175023,6.0335086 80.217344,6.0331645 80.2172769,6.0331951 80.2174351,6.0335392 80.2175023,6.0335086</coordinates></LinearRing></outerBoundaryIs></Polygon></MultiGeometry>
  </Placemark>
  <Placemark id="buildings.132">
	<Style><LineStyle><color>ff0000ff</color></LineStyle><PolyStyle><fill>0</fill></PolyStyle></Style>
	<ExtendedData><SchemaData schemaUrl="#buildings">
		<SimpleData name="full_id">w495353954</SimpleData>
		<SimpleData name="osm_id">495353954</SimpleData>
		<SimpleData name="osm_type">way</SimpleData>
		<SimpleData name="building">yes</SimpleData>
	</SchemaData></ExtendedData>
      <MultiGeometry><Polygon><outerBoundaryIs><LinearRing><coordinates>80.2172998,6.0332752 80.2172719,6.0332197 80.217178,6.0332664 80.2172059,6.0333219 80.2172998,6.0332752</coordinates></LinearRing></outerBoundaryIs></Polygon></MultiGeometry>
  </Placemark>
  <Placemark id="buildings.133">
	<Style><LineStyle><color>ff0000ff</color></LineStyle><PolyStyle><fill>0</fill></PolyStyle></Style>
	<ExtendedData><SchemaData schemaUrl="#buildings">
		<SimpleData name="full_id">w495353953</SimpleData>
		<SimpleData name="osm_id">495353953</SimpleData>
		<SimpleData name="osm_type">way</SimpleData>
		<SimpleData name="building">yes</SimpleData>
	</SchemaData></ExtendedData>
      <MultiGeometry><Polygon><outerBoundaryIs><LinearRing><coordinates>80.2173319,6.0333766 80.2171361,6.0334619 80.2171681,6.0335343 80.2173639,6.033449 80.2173319,6.0333766</coordinates></LinearRing></outerBoundaryIs></Polygon></MultiGeometry>
  </Placemark>
  <Placemark id="buildings.134">
	<Style><LineStyle><color>ff0000ff</color></LineStyle><PolyStyle><fill>0</fill></PolyStyle></Style>
	<ExtendedData><SchemaData schemaUrl="#buildings">
		<SimpleData name="full_id">w495353952</SimpleData>
		<SimpleData name="osm_id">495353952</SimpleData>
		<SimpleData name="osm_type">way</SimpleData>
		<SimpleData name="building">yes</SimpleData>
	</SchemaData></ExtendedData>
      <MultiGeometry><Polygon><outerBoundaryIs><LinearRing><coordinates>80.2174342,6.0336026 80.2173728,6.033639 80.2174066,6.0336954 80.217468,6.033659 80.2174342,6.0336026</coordinates></LinearRing></outerBoundaryIs></Polygon></MultiGeometry>
  </Placemark>
  <Placemark id="buildings.135">
	<Style><LineStyle><color>ff0000ff</color></LineStyle><PolyStyle><fill>0</fill></PolyStyle></Style>
	<ExtendedData><SchemaData schemaUrl="#buildings">
		<SimpleData name="full_id">w495357980</SimpleData>
		<SimpleData name="osm_id">495357980</SimpleData>
		<SimpleData name="osm_type">way</SimpleData>
		<SimpleData name="building">yes</SimpleData>
	</SchemaData></ExtendedData>
      <MultiGeometry><Polygon><outerBoundaryIs><LinearRing><coordinates>80.2179227,6.0256685 80.2178221,6.0256565 80.2178107,6.0257512 80.2179113,6.0257632 80.2179227,6.0256685</coordinates></LinearRing></outerBoundaryIs></Polygon></MultiGeometry>
  </Placemark>
  <Placemark id="buildings.136">
	<Style><LineStyle><color>ff0000ff</color></LineStyle><PolyStyle><fill>0</fill></PolyStyle></Style>
	<ExtendedData><SchemaData schemaUrl="#buildings">
		<SimpleData name="full_id">w495357979</SimpleData>
		<SimpleData name="osm_id">495357979</SimpleData>
		<SimpleData name="osm_type">way</SimpleData>
		<SimpleData name="building">yes</SimpleData>
	</SchemaData></ExtendedData>
      <MultiGeometry><Polygon><outerBoundaryIs><LinearRing><coordinates>80.2181011,6.0256952 80.2180015,6.0256786 80.2179807,6.0258071 80.218089,6.0258161 80.2181011,6.0256952</coordinates></LinearRing></outerBoundaryIs></Polygon></MultiGeometry>
  </Placemark>
  <Placemark id="buildings.137">
	<Style><LineStyle><color>ff0000ff</color></LineStyle><PolyStyle><fill>0</fill></PolyStyle></Style>
	<ExtendedData><SchemaData schemaUrl="#buildings">
		<SimpleData name="full_id">w495357978</SimpleData>
		<SimpleData name="osm_id">495357978</SimpleData>
		<SimpleData name="osm_type">way</SimpleData>
		<SimpleData name="building">yes</SimpleData>
	</SchemaData></ExtendedData>
      <MultiGeometry><Polygon><outerBoundaryIs><LinearRing><coordinates>80.2182238,6.0258273 80.218089,6.0258161 80.2179807,6.0258071 80.2179607,6.025921 80.2182175,6.0259357 80.2182238,6.0258273</coordinates></LinearRing></outerBoundaryIs></Polygon></MultiGeometry>
  </Placemark>
  <Placemark id="buildings.138">
	<Style><LineStyle><color>ff0000ff</color></LineStyle><PolyStyle><fill>0</fill></PolyStyle></Style>
	<ExtendedData><SchemaData schemaUrl="#buildings">
		<SimpleData name="full_id">w495357977</SimpleData>
		<SimpleData name="osm_id">495357977</SimpleData>
		<SimpleData name="osm_type">way</SimpleData>
		<SimpleData name="building">yes</SimpleData>
	</SchemaData></ExtendedData>
      <MultiGeometry><Polygon><outerBoundaryIs><LinearRing><coordinates>80.2181098,6.0255312 80.2180085,6.0255141 80.2179931,6.0256048 80.2180944,6.0256219 80.2181098,6.0255312</coordinates></LinearRing></outerBoundaryIs></Polygon></MultiGeometry>
  </Placemark>
  <Placemark id="buildings.139">
	<Style><LineStyle><color>ff0000ff</color></LineStyle><PolyStyle><fill>0</fill></PolyStyle></Style>
	<ExtendedData><SchemaData schemaUrl="#buildings">
		<SimpleData name="full_id">w495357976</SimpleData>
		<SimpleData name="osm_id">495357976</SimpleData>
		<SimpleData name="osm_type">way</SimpleData>
		<SimpleData name="building">yes</SimpleData>
	</SchemaData></ExtendedData>
      <MultiGeometry><Polygon><outerBoundaryIs><LinearRing><coordinates>80.218201,6.0256092 80.2181078,6.0255945 80.2180976,6.0256586 80.2181908,6.0256733 80.218201,6.0256092</coordinates></LinearRing></outerBoundaryIs></Polygon></MultiGeometry>
  </Placemark>
  <Placemark id="buildings.140">
	<Style><LineStyle><color>ff0000ff</color></LineStyle><PolyStyle><fill>0</fill></PolyStyle></Style>
	<ExtendedData><SchemaData schemaUrl="#buildings">
		<SimpleData name="full_id">w495357975</SimpleData>
		<SimpleData name="osm_id">495357975</SimpleData>
		<SimpleData name="osm_type">way</SimpleData>
		<SimpleData name="building">yes</SimpleData>
	</SchemaData></ExtendedData>
      <MultiGeometry><Polygon><outerBoundaryIs><LinearRing><coordinates>80.2181473,6.0254205 80.218028,6.0253965 80.2180066,6.0255013 80.218126,6.0255254 80.2181473,6.0254205</coordinates></LinearRing></outerBoundaryIs></Polygon></MultiGeometry>
  </Placemark>
  <Placemark id="buildings.141">
	<name>Fort Inn</name>
	<Style><LineStyle><color>ff0000ff</color></LineStyle><PolyStyle><fill>0</fill></PolyStyle></Style>
	<ExtendedData><SchemaData schemaUrl="#buildings">
		<SimpleData name="full_id">w495357974</SimpleData>
		<SimpleData name="osm_id">495357974</SimpleData>
		<SimpleData name="osm_type">way</SimpleData>
		<SimpleData name="building">yes</SimpleData>
		<SimpleData name="internet_a">FORT INN</SimpleData>
		<SimpleData name="smoking">outside</SimpleData>
		<SimpleData name="rooms">4</SimpleData>
		<SimpleData name="internet_1">yes</SimpleData>
		<SimpleData name="internet_2">yes</SimpleData>
		<SimpleData name="operator">Rasika</SimpleData>
		<SimpleData name="addr_hou_1">31</SimpleData>
		<SimpleData name="tourism">guest_house</SimpleData>
		<SimpleData name="addr_stree">Pedlar Street</SimpleData>
		<SimpleData name="addr_city">Galle</SimpleData>
	</SchemaData></ExtendedData>
      <MultiGeometry><Polygon><outerBoundaryIs><LinearRing><coordinates>80.2182477,6.0260326 80.2181214,6.0260238 80.2181124,6.0261361 80.2182089,6.0261361 80.218235,6.0261192 80.2182477,6.0260326</coordinates></LinearRing></outerBoundaryIs></Polygon></MultiGeometry>
  </Placemark>
  <Placemark id="buildings.142">
	<Style><LineStyle><color>ff0000ff</color></LineStyle><PolyStyle><fill>0</fill></PolyStyle></Style>
	<ExtendedData><SchemaData schemaUrl="#buildings">
		<SimpleData name="full_id">w495357973</SimpleData>
		<SimpleData name="osm_id">495357973</SimpleData>
		<SimpleData name="osm_type">way</SimpleData>
		<SimpleData name="building">yes</SimpleData>
	</SchemaData></ExtendedData>
      <MultiGeometry><Polygon><outerBoundaryIs><LinearRing><coordinates>80.2184303,6.0255912 80.2184162,6.0256959 80.2184811,6.0257045 80.2184951,6.0255998 80.2184303,6.0255912</coordinates></LinearRing></outerBoundaryIs></Polygon></MultiGeometry>
  </Placemark>
  <Placemark id="buildings.143">
	<Style><LineStyle><color>ff0000ff</color></LineStyle><PolyStyle><fill>0</fill></PolyStyle></Style>
	<ExtendedData><SchemaData schemaUrl="#buildings">
		<SimpleData name="full_id">w495357990</SimpleData>
		<SimpleData name="osm_id">495357990</SimpleData>
		<SimpleData name="osm_type">way</SimpleData>
		<SimpleData name="building">yes</SimpleData>
	</SchemaData></ExtendedData>
      <MultiGeometry><Polygon><outerBoundaryIs><LinearRing><coordinates>80.2180494,6.0261987 80.2178791,6.026184 80.2178699,6.0262896 80.2180402,6.0263043 80.2180494,6.0261987</coordinates></LinearRing></outerBoundaryIs></Polygon></MultiGeometry>
  </Placemark>
  <Placemark id="buildings.144">
	<Style><LineStyle><color>ff0000ff</color></LineStyle><PolyStyle><fill>0</fill></PolyStyle></Style>
	<ExtendedData><SchemaData schemaUrl="#buildings">
		<SimpleData name="full_id">w495357989</SimpleData>
		<SimpleData name="osm_id">495357989</SimpleData>
		<SimpleData name="osm_type">way</SimpleData>
		<SimpleData name="building">yes</SimpleData>
	</SchemaData></ExtendedData>
      <MultiGeometry><Polygon><outerBoundaryIs><LinearRing><coordinates>80.2179609,6.026308 80.2178721,6.0263098 80.2178744,6.0264241 80.2179632,6.0264223 80.2179609,6.026308</coordinates></LinearRing></outerBoundaryIs></Polygon></MultiGeometry>
  </Placemark>
  <Placemark id="buildings.145">
	<Style><LineStyle><color>ff0000ff</color></LineStyle><PolyStyle><fill>0</fill></PolyStyle></Style>
	<ExtendedData><SchemaData schemaUrl="#buildings">
		<SimpleData name="full_id">w495357988</SimpleData>
		<SimpleData name="osm_id">495357988</SimpleData>
		<SimpleData name="osm_type">way</SimpleData>
		<SimpleData name="building">yes</SimpleData>
	</SchemaData></ExtendedData>
      <MultiGeometry><Polygon><outerBoundaryIs><LinearRing><coordinates>80.2179609,6.0264481 80.2178536,6.0264361 80.2178395,6.0265615 80.2179467,6.0265735 80.2179609,6.0264481</coordinates></LinearRing></outerBoundaryIs></Polygon></MultiGeometry>
  </Placemark>
  <Placemark id="buildings.146">
	<Style><LineStyle><color>ff0000ff</color></LineStyle><PolyStyle><fill>0</fill></PolyStyle></Style>
	<ExtendedData><SchemaData schemaUrl="#buildings">
		<SimpleData name="full_id">w495357987</SimpleData>
		<SimpleData name="osm_id">495357987</SimpleData>
		<SimpleData name="osm_type">way</SimpleData>
		<SimpleData name="building">yes</SimpleData>
	</SchemaData></ExtendedData>
      <MultiGeometry><Polygon><outerBoundaryIs><LinearRing><coordinates>80.2180481,6.0265294 80.2179784,6.0265174 80.2179683,6.0265753 80.218038,6.0265873 80.2180481,6.0265294</coordinates></LinearRing></outerBoundaryIs></Polygon></MultiGeometry>
  </Placemark>
  <Placemark id="buildings.147">
	<Style><LineStyle><color>ff0000ff</color></LineStyle><PolyStyle><fill>0</fill></PolyStyle></Style>
	<ExtendedData><SchemaData schemaUrl="#buildings">
		<SimpleData name="full_id">w495357986</SimpleData>
		<SimpleData name="osm_id">495357986</SimpleData>
		<SimpleData name="osm_type">way</SimpleData>
		<SimpleData name="building">yes</SimpleData>
	</SchemaData></ExtendedData>
      <MultiGeometry><Polygon><outerBoundaryIs><LinearRing><coordinates>80.2180429,6.0264886 80.2181313,6.0264929 80.2181351,6.0264147 80.218118,6.0264139 80.218119,6.0263947 80.2181275,6.0263952 80.2181333,6.0262775 80.2180571,6.0262737 80.2180538,6.0263394 80.2180361,6.0263386 80.2180356,6.0263502 80.2179871,6.0263478 80.2179791,6.0265096 80.2180417,6.0265127 80.2180429,6.0264886</coordinates></LinearRing></outerBoundaryIs></Polygon></MultiGeometry>
  </Placemark>
  <Placemark id="buildings.148">
	<Style><LineStyle><color>ff0000ff</color></LineStyle><PolyStyle><fill>0</fill></PolyStyle></Style>
	<ExtendedData><SchemaData schemaUrl="#buildings">
		<SimpleData name="full_id">w495357985</SimpleData>
		<SimpleData name="osm_id">495357985</SimpleData>
		<SimpleData name="osm_type">way</SimpleData>
		<SimpleData name="building">yes</SimpleData>
	</SchemaData></ExtendedData>
      <MultiGeometry><Polygon><outerBoundaryIs><LinearRing><coordinates>80.2179408,6.0255198 80.2177926,6.0254905 80.2177701,6.0256028 80.2179183,6.0256321 80.2179408,6.0255198</coordinates></LinearRing></outerBoundaryIs></Polygon></MultiGeometry>
  </Placemark>
  <Placemark id="buildings.149">
	<Style><LineStyle><color>ff0000ff</color></LineStyle><PolyStyle><fill>0</fill></PolyStyle></Style>
	<ExtendedData><SchemaData schemaUrl="#buildings">
		<SimpleData name="full_id">w495357983</SimpleData>
		<SimpleData name="osm_id">495357983</SimpleData>
		<SimpleData name="osm_type">way</SimpleData>
		<SimpleData name="building">yes</SimpleData>
	</SchemaData></ExtendedData>
      <MultiGeometry><Polygon><outerBoundaryIs><LinearRing><coordinates>80.2177799,6.0254785 80.2177024,6.0254614 80.2176807,6.0255588 80.2177581,6.0255759 80.2177799,6.0254785</coordinates></LinearRing></outerBoundaryIs></Polygon></MultiGeometry>
  </Placemark>
  <Placemark id="buildings.150">
	<Style><LineStyle><color>ff0000ff</color></LineStyle><PolyStyle><fill>0</fill></PolyStyle></Style>
	<ExtendedData><SchemaData schemaUrl="#buildings">
		<SimpleData name="full_id">w495357981</SimpleData>
		<SimpleData name="osm_id">495357981</SimpleData>
		<SimpleData name="osm_type">way</SimpleData>
		<SimpleData name="building">yes</SimpleData>
	</SchemaData></ExtendedData>
      <MultiGeometry><Polygon><outerBoundaryIs><LinearRing><coordinates>80.217798,6.0256665 80.217629,6.0256312 80.2176048,6.0257457 80.2177738,6.025781 80.217798,6.0256665</coordinates></LinearRing></outerBoundaryIs></Polygon></MultiGeometry>
  </Placemark>
  <Placemark id="buildings.151">
	<Style><LineStyle><color>ff0000ff</color></LineStyle><PolyStyle><fill>0</fill></PolyStyle></Style>
	<ExtendedData><SchemaData schemaUrl="#buildings">
		<SimpleData name="full_id">w495357999</SimpleData>
		<SimpleData name="osm_id">495357999</SimpleData>
		<SimpleData name="osm_type">way</SimpleData>
		<SimpleData name="building">detached</SimpleData>
	</SchemaData></ExtendedData>
      <MultiGeometry><Polygon><outerBoundaryIs><LinearRing><coordinates>80.2193597,6.0262954 80.2192618,6.026296 80.2192624,6.0263909 80.2193603,6.0263902 80.2193597,6.0262954</coordinates></LinearRing></outerBoundaryIs></Polygon></MultiGeometry>
  </Placemark>
  <Placemark id="buildings.152">
	<Style><LineStyle><color>ff0000ff</color></LineStyle><PolyStyle><fill>0</fill></PolyStyle></Style>
	<ExtendedData><SchemaData schemaUrl="#buildings">
		<SimpleData name="full_id">w495357997</SimpleData>
		<SimpleData name="osm_id">495357997</SimpleData>
		<SimpleData name="osm_type">way</SimpleData>
		<SimpleData name="building">detached</SimpleData>
	</SchemaData></ExtendedData>
      <MultiGeometry><Polygon><outerBoundaryIs><LinearRing><coordinates>80.2192457,6.0262854 80.2191571,6.0262848 80.2191564,6.0263935 80.219245,6.0263941 80.2192457,6.0262854</coordinates></LinearRing></outerBoundaryIs></Polygon></MultiGeometry>
  </Placemark>
  <Placemark id="buildings.153">
	<Style><LineStyle><color>ff0000ff</color></LineStyle><PolyStyle><fill>0</fill></PolyStyle></Style>
	<ExtendedData><SchemaData schemaUrl="#buildings">
		<SimpleData name="full_id">w495357996</SimpleData>
		<SimpleData name="osm_id">495357996</SimpleData>
		<SimpleData name="osm_type">way</SimpleData>
		<SimpleData name="building">yes</SimpleData>
	</SchemaData></ExtendedData>
      <MultiGeometry><Polygon><outerBoundaryIs><LinearRing><coordinates>80.218724,6.0266408 80.2188123,6.0266447 80.2188184,6.026524 80.2187307,6.0265201 80.218724,6.0266408</coordinates></LinearRing></outerBoundaryIs></Polygon></MultiGeometry>
  </Placemark>
  <Placemark id="buildings.154">
	<Style><LineStyle><color>ff0000ff</color></LineStyle><PolyStyle><fill>0</fill></PolyStyle></Style>
	<ExtendedData><SchemaData schemaUrl="#buildings">
		<SimpleData name="full_id">w495357995</SimpleData>
		<SimpleData name="osm_id">495357995</SimpleData>
		<SimpleData name="osm_type">way</SimpleData>
		<SimpleData name="building">yes</SimpleData>
	</SchemaData></ExtendedData>
      <MultiGeometry><Polygon><outerBoundaryIs><LinearRing><coordinates>80.2188203,6.0263814 80.2187444,6.0263817 80.218745,6.0264953 80.2188208,6.0264949 80.2188203,6.0263814</coordinates></LinearRing></outerBoundaryIs></Polygon></MultiGeometry>
  </Placemark>
  <Placemark id="buildings.155">
	<Style><LineStyle><color>ff0000ff</color></LineStyle><PolyStyle><fill>0</fill></PolyStyle></Style>
	<ExtendedData><SchemaData schemaUrl="#buildings">
		<SimpleData name="full_id">w495357994</SimpleData>
		<SimpleData name="osm_id">495357994</SimpleData>
		<SimpleData name="osm_type">way</SimpleData>
		<SimpleData name="building">yes</SimpleData>
	</SchemaData></ExtendedData>
      <MultiGeometry><Polygon><outerBoundaryIs><LinearRing><coordinates>80.2188325,6.0262732 80.2187821,6.0262723 80.2187809,6.026341 80.2188312,6.0263419 80.2188325,6.0262732</coordinates></LinearRing></outerBoundaryIs></Polygon></MultiGeometry>
  </Placemark>
  <Placemark id="buildings.156">
	<Style><LineStyle><color>ff0000ff</color></LineStyle><PolyStyle><fill>0</fill></PolyStyle></Style>
	<ExtendedData><SchemaData schemaUrl="#buildings">
		<SimpleData name="full_id">w495357993</SimpleData>
		<SimpleData name="osm_id">495357993</SimpleData>
		<SimpleData name="osm_type">way</SimpleData>
		<SimpleData name="building">retail</SimpleData>
	</SchemaData></ExtendedData>
      <MultiGeometry><Polygon><outerBoundaryIs><LinearRing><coordinates>80.2187421,6.026258 80.2186124,6.0262534 80.2186084,6.0263655 80.2187381,6.0263701 80.2187421,6.026258</coordinates></LinearRing></outerBoundaryIs></Polygon></MultiGeometry>
  </Placemark>
  <Placemark id="buildings.157">
	<Style><LineStyle><color>ff0000ff</color></LineStyle><PolyStyle><fill>0</fill></PolyStyle></Style>
	<ExtendedData><SchemaData schemaUrl="#buildings">
		<SimpleData name="full_id">w495357992</SimpleData>
		<SimpleData name="osm_id">495357992</SimpleData>
		<SimpleData name="osm_type">way</SimpleData>
		<SimpleData name="building">retail</SimpleData>
	</SchemaData></ExtendedData>
      <MultiGeometry><Polygon><outerBoundaryIs><LinearRing><coordinates>80.2184535,6.0262256 80.218279,6.0262216 80.2182758,6.0263581 80.2182732,6.0264704 80.2183617,6.0264725 80.2183637,6.0263845 80.2184498,6.0263865 80.2184535,6.0262256</coordinates></LinearRing></outerBoundaryIs></Polygon></MultiGeometry>
  </Placemark>
  <Placemark id="buildings.158">
	<Style><LineStyle><color>ff0000ff</color></LineStyle><PolyStyle><fill>0</fill></PolyStyle></Style>
	<ExtendedData><SchemaData schemaUrl="#buildings">
		<SimpleData name="full_id">w495357991</SimpleData>
		<SimpleData name="osm_id">495357991</SimpleData>
		<SimpleData name="osm_type">way</SimpleData>
		<SimpleData name="building">yes</SimpleData>
	</SchemaData></ExtendedData>
      <MultiGeometry><Polygon><outerBoundaryIs><LinearRing><coordinates>80.2185684,6.0262414 80.218486,6.026234 80.2184758,6.0263469 80.2185583,6.0263543 80.2185684,6.0262414</coordinates></LinearRing></outerBoundaryIs></Polygon></MultiGeometry>
  </Placemark>
  <Placemark id="buildings.159">
	<Style><LineStyle><color>ff0000ff</color></LineStyle><PolyStyle><fill>0</fill></PolyStyle></Style>
	<ExtendedData><SchemaData schemaUrl="#buildings">
		<SimpleData name="full_id">w451257142</SimpleData>
		<SimpleData name="osm_id">451257142</SimpleData>
		<SimpleData name="osm_type">way</SimpleData>
		<SimpleData name="building">yes</SimpleData>
		<SimpleData name="min_height">10</SimpleData>
		<SimpleData name="roof_shape">gabled</SimpleData>
		<SimpleData name="roof_heigh">0</SimpleData>
		<SimpleData name="height">6.44</SimpleData>
		<SimpleData name="building_l">1</SimpleData>
	</SchemaData></ExtendedData>
      <MultiGeometry><Polygon><outerBoundaryIs><LinearRing><coordinates>80.2155324,6.0301479 80.2160884,6.0302116 80.2161359,6.030217 80.2166443,6.0302752 80.2166504,6.030485 80.2170809,6.0306616 80.2171073,6.0302211 80.2169662,6.0302014 80.2167777,6.030175 80.2167798,6.0301374 80.2161565,6.030043 80.2161062,6.0300355 80.2160664,6.0300303 80.215554,6.0299578 80.2155324,6.0301479</coordinates></LinearRing></outerBoundaryIs></Polygon></MultiGeometry>
  </Placemark>
  <Placemark id="buildings.160">
	<Style><LineStyle><color>ff0000ff</color></LineStyle><PolyStyle><fill>0</fill></PolyStyle></Style>
	<ExtendedData><SchemaData schemaUrl="#buildings">
		<SimpleData name="full_id">w451257141</SimpleData>
		<SimpleData name="osm_id">451257141</SimpleData>
		<SimpleData name="osm_type">way</SimpleData>
		<SimpleData name="building">yes</SimpleData>
		<SimpleData name="roof_shape">gabled</SimpleData>
		<SimpleData name="roof_heigh">0.04</SimpleData>
		<SimpleData name="height">6.40</SimpleData>
		<SimpleData name="building_l">1</SimpleData>
	</SchemaData></ExtendedData>
      <MultiGeometry><Polygon><outerBoundaryIs><LinearRing><coordinates>80.2160346,6.0303173 80.2160469,6.0302066 80.2160664,6.0300303 80.215554,6.0299578 80.2155289,6.0301786 80.2155197,6.0302595 80.2160346,6.0303173</coordinates></LinearRing></outerBoundaryIs></Polygon></MultiGeometry>
  </Placemark>
  <Placemark id="buildings.161">
	<Style><LineStyle><color>ff0000ff</color></LineStyle><PolyStyle><fill>0</fill></PolyStyle></Style>
	<ExtendedData><SchemaData schemaUrl="#buildings">
		<SimpleData name="full_id">w450337984</SimpleData>
		<SimpleData name="osm_id">450337984</SimpleData>
		<SimpleData name="osm_type">way</SimpleData>
		<SimpleData name="building">wall</SimpleData>
		<SimpleData name="min_height">7</SimpleData>
		<SimpleData name="height">25.54</SimpleData>
		<SimpleData name="image">https://photos.app.goo.gl/BHu8xQiAnqjvnECn8</SimpleData>
	</SchemaData></ExtendedData>
      <MultiGeometry><Polygon><outerBoundaryIs><LinearRing><coordinates>80.2155245,6.0301516 80.2155315,6.030083 80.215113,6.0300384 80.2151101,6.0300671 80.2150342,6.0300585 80.2150383,6.0300277 80.2139832,6.0299114 80.21398,6.0299348 80.2149051,6.0300466 80.2148967,6.0301236 80.2149645,6.0302339 80.2150924,6.0302492 80.2151617,6.0301956 80.2151709,6.0301105 80.2155245,6.0301516</coordinates></LinearRing></outerBoundaryIs></Polygon></MultiGeometry>
  </Placemark>
  <Placemark id="buildings.162">
	<Style><LineStyle><color>ff0000ff</color></LineStyle><PolyStyle><fill>0</fill></PolyStyle></Style>
	<ExtendedData><SchemaData schemaUrl="#buildings">
		<SimpleData name="full_id">w450207557</SimpleData>
		<SimpleData name="osm_id">450207557</SimpleData>
		<SimpleData name="osm_type">way</SimpleData>
		<SimpleData name="building">house</SimpleData>
	</SchemaData></ExtendedData>
      <MultiGeometry><Polygon><outerBoundaryIs><LinearRing><coordinates>80.215662,6.0295297 80.2157054,6.029522 80.215712,6.0295581 80.2157314,6.0295546 80.2157097,6.0294347 80.2156468,6.0294459 80.215662,6.0295297</coordinates></LinearRing></outerBoundaryIs></Polygon></MultiGeometry>
  </Placemark>
  <Placemark id="buildings.163">
	<Style><LineStyle><color>ff0000ff</color></LineStyle><PolyStyle><fill>0</fill></PolyStyle></Style>
	<ExtendedData><SchemaData schemaUrl="#buildings">
		<SimpleData name="full_id">w450207556</SimpleData>
		<SimpleData name="osm_id">450207556</SimpleData>
		<SimpleData name="osm_type">way</SimpleData>
		<SimpleData name="building">house</SimpleData>
	</SchemaData></ExtendedData>
      <MultiGeometry><Polygon><outerBoundaryIs><LinearRing><coordinates>80.2157649,6.0295282 80.2157585,6.0294315 80.2157237,6.0294338 80.2157301,6.0295305 80.2157649,6.0295282</coordinates></LinearRing></outerBoundaryIs></Polygon></MultiGeometry>
  </Placemark>
  <Placemark id="buildings.164">
	<Style><LineStyle><color>ff0000ff</color></LineStyle><PolyStyle><fill>0</fill></PolyStyle></Style>
	<ExtendedData><SchemaData schemaUrl="#buildings">
		<SimpleData name="full_id">w450207555</SimpleData>
		<SimpleData name="osm_id">450207555</SimpleData>
		<SimpleData name="osm_type">way</SimpleData>
		<SimpleData name="building">house</SimpleData>
	</SchemaData></ExtendedData>
      <MultiGeometry><Polygon><outerBoundaryIs><LinearRing><coordinates>80.2156422,6.0294653 80.215629,6.0293164 80.215397,6.0293366 80.2154102,6.0294855 80.2156422,6.0294653</coordinates></LinearRing></outerBoundaryIs></Polygon></MultiGeometry>
  </Placemark>
  <Placemark id="buildings.165">
	<Style><LineStyle><color>ff0000ff</color></LineStyle><PolyStyle><fill>0</fill></PolyStyle></Style>
	<ExtendedData><SchemaData schemaUrl="#buildings">
		<SimpleData name="full_id">w450207554</SimpleData>
		<SimpleData name="osm_id">450207554</SimpleData>
		<SimpleData name="osm_type">way</SimpleData>
		<SimpleData name="building">house</SimpleData>
	</SchemaData></ExtendedData>
      <MultiGeometry><Polygon><outerBoundaryIs><LinearRing><coordinates>80.2152693,6.0294741 80.2153082,6.0293941 80.215213,6.0293394 80.2151955,6.0293874 80.2152076,6.0294408 80.2152693,6.0294741</coordinates></LinearRing></outerBoundaryIs></Polygon></MultiGeometry>
  </Placemark>
  <Placemark id="buildings.166">
	<Style><LineStyle><color>ff0000ff</color></LineStyle><PolyStyle><fill>0</fill></PolyStyle></Style>
	<ExtendedData><SchemaData schemaUrl="#buildings">
		<SimpleData name="full_id">w450207553</SimpleData>
		<SimpleData name="osm_id">450207553</SimpleData>
		<SimpleData name="osm_type">way</SimpleData>
		<SimpleData name="building">house</SimpleData>
	</SchemaData></ExtendedData>
      <MultiGeometry><Polygon><outerBoundaryIs><LinearRing><coordinates>80.215312,6.0293765 80.215363,6.0292885 80.2154157,6.0293186 80.2154687,6.0292271 80.2154166,6.0291973 80.215308,6.0291351 80.2152041,6.0293147 80.215312,6.0293765</coordinates></LinearRing></outerBoundaryIs></Polygon></MultiGeometry>
  </Placemark>
  <Placemark id="buildings.167">
	<Style><LineStyle><color>ff0000ff</color></LineStyle><PolyStyle><fill>0</fill></PolyStyle></Style>
	<ExtendedData><SchemaData schemaUrl="#buildings">
		<SimpleData name="full_id">w486181176</SimpleData>
		<SimpleData name="osm_id">486181176</SimpleData>
		<SimpleData name="osm_type">way</SimpleData>
		<SimpleData name="building">yes</SimpleData>
	</SchemaData></ExtendedData>
      <MultiGeometry><Polygon><outerBoundaryIs><LinearRing><coordinates>80.2112032,6.035245 80.2110396,6.0349382 80.2108232,6.035044 80.2108258,6.0350813 80.2108044,6.035124 80.2108848,6.0352574 80.2108411,6.0352876 80.2109109,6.0354077 80.2112032,6.035245</coordinates></LinearRing></outerBoundaryIs></Polygon></MultiGeometry>
  </Placemark>
  <Placemark id="buildings.168">
	<Style><LineStyle><color>ff0000ff</color></LineStyle><PolyStyle><fill>0</fill></PolyStyle></Style>
	<ExtendedData><SchemaData schemaUrl="#buildings">
		<SimpleData name="full_id">w486180789</SimpleData>
		<SimpleData name="osm_id">486180789</SimpleData>
		<SimpleData name="osm_type">way</SimpleData>
		<SimpleData name="building">yes</SimpleData>
		<SimpleData name="barrier">wall</SimpleData>
	</SchemaData></ExtendedData>
      <MultiGeometry><Polygon><outerBoundaryIs><LinearRing><coordinates>80.2160257,6.0251174 80.2160393,6.025133 80.2160543,6.0251488 80.2162362,6.0250527 80.2162991,6.0250195 80.2161816,6.0249005 80.2159187,6.0250003 80.2160257,6.0251174</coordinates></LinearRing></outerBoundaryIs></Polygon></MultiGeometry>
  </Placemark>
  <Placemark id="buildings.169">
	<Style><LineStyle><color>ff0000ff</color></LineStyle><PolyStyle><fill>0</fill></PolyStyle></Style>
	<ExtendedData><SchemaData schemaUrl="#buildings">
		<SimpleData name="full_id">w476943434</SimpleData>
		<SimpleData name="osm_id">476943434</SimpleData>
		<SimpleData name="osm_type">way</SimpleData>
		<SimpleData name="building">yes</SimpleData>
		<SimpleData name="access">customers</SimpleData>
		<SimpleData name="building_l">1</SimpleData>
		<SimpleData name="amenity">toilets</SimpleData>
	</SchemaData></ExtendedData>
      <MultiGeometry><Polygon><outerBoundaryIs><LinearRing><coordinates>80.2139213,6.0319451 80.213975,6.0319614 80.2139908,6.0319101 80.2139371,6.0318938 80.2139213,6.0319451</coordinates></LinearRing></outerBoundaryIs></Polygon></MultiGeometry>
  </Placemark>
  <Placemark id="buildings.170">
	<Style><LineStyle><color>ff0000ff</color></LineStyle><PolyStyle><fill>0</fill></PolyStyle></Style>
	<ExtendedData><SchemaData schemaUrl="#buildings">
		<SimpleData name="full_id">w476943433</SimpleData>
		<SimpleData name="osm_id">476943433</SimpleData>
		<SimpleData name="osm_type">way</SimpleData>
		<SimpleData name="building">yes</SimpleData>
		<SimpleData name="access">customers</SimpleData>
		<SimpleData name="building_l">1</SimpleData>
		<SimpleData name="amenity">toilets</SimpleData>
	</SchemaData></ExtendedData>
      <MultiGeometry><Polygon><outerBoundaryIs><LinearRing><coordinates>80.2139481,6.0318704 80.2139987,6.0318879 80.2140163,6.0318378 80.2139657,6.0318203 80.2139481,6.0318704</coordinates></LinearRing></outerBoundaryIs></Polygon></MultiGeometry>
  </Placemark>
  <Placemark id="buildings.171">
	<Style><LineStyle><color>ff0000ff</color></LineStyle><PolyStyle><fill>0</fill></PolyStyle></Style>
	<ExtendedData><SchemaData schemaUrl="#buildings">
		<SimpleData name="full_id">w476943432</SimpleData>
		<SimpleData name="osm_id">476943432</SimpleData>
		<SimpleData name="osm_type">way</SimpleData>
		<SimpleData name="building">yes</SimpleData>
		<SimpleData name="building_l">1</SimpleData>
	</SchemaData></ExtendedData>
      <MultiGeometry><Polygon><outerBoundaryIs><LinearRing><coordinates>80.2137064,6.0318722 80.213738,6.0318359 80.2136997,6.031803 80.2136681,6.0318392 80.2137064,6.0318722</coordinates></LinearRing></outerBoundaryIs></Polygon></MultiGeometry>
  </Placemark>
  <Placemark id="buildings.172">
	<Style><LineStyle><color>ff0000ff</color></LineStyle><PolyStyle><fill>0</fill></PolyStyle></Style>
	<ExtendedData><SchemaData schemaUrl="#buildings">
		<SimpleData name="full_id">w476943430</SimpleData>
		<SimpleData name="osm_id">476943430</SimpleData>
		<SimpleData name="osm_type">way</SimpleData>
		<SimpleData name="building">roof</SimpleData>
		<SimpleData name="building_l">1</SimpleData>
		<SimpleData name="image">https://photos.app.goo.gl/8VQW6b9yi78Ui2K67</SimpleData>
		<SimpleData name="religion">buddhist</SimpleData>
		<SimpleData name="amenity">place_of_worship</SimpleData>
	</SchemaData></ExtendedData>
      <MultiGeometry><Polygon><outerBoundaryIs><LinearRing><coordinates>80.2139051,6.0331321 80.2138717,6.0330636 80.2137455,6.0331245 80.2137788,6.0331929 80.2139051,6.0331321</coordinates></LinearRing></outerBoundaryIs></Polygon></MultiGeometry>
  </Placemark>
  <Placemark id="buildings.173">
	<Style><LineStyle><color>ff0000ff</color></LineStyle><PolyStyle><fill>0</fill></PolyStyle></Style>
	<ExtendedData><SchemaData schemaUrl="#buildings">
		<SimpleData name="full_id">w452049282</SimpleData>
		<SimpleData name="osm_id">452049282</SimpleData>
		<SimpleData name="osm_type">way</SimpleData>
		<SimpleData name="building">yes</SimpleData>
	</SchemaData></ExtendedData>
      <MultiGeometry><Polygon><outerBoundaryIs><LinearRing><coordinates>80.2177791,6.0242824 80.2177958,6.0242195 80.2177576,6.0242095 80.2177409,6.0242724 80.2177791,6.0242824</coordinates></LinearRing></outerBoundaryIs></Polygon></MultiGeometry>
  </Placemark>
  <Placemark id="buildings.174">
	<Style><LineStyle><color>ff0000ff</color></LineStyle><PolyStyle><fill>0</fill></PolyStyle></Style>
	<ExtendedData><SchemaData schemaUrl="#buildings">
		<SimpleData name="full_id">w452049174</SimpleData>
		<SimpleData name="osm_id">452049174</SimpleData>
		<SimpleData name="osm_type">way</SimpleData>
		<SimpleData name="building">yes</SimpleData>
	</SchemaData></ExtendedData>
      <MultiGeometry><Polygon><outerBoundaryIs><LinearRing><coordinates>80.2171559,6.0248907 80.2171828,6.0247904 80.2170473,6.0247544 80.2170204,6.0248548 80.2171559,6.0248907</coordinates></LinearRing></outerBoundaryIs></Polygon></MultiGeometry>
  </Placemark>
  <Placemark id="buildings.175">
	<Style><LineStyle><color>ff0000ff</color></LineStyle><PolyStyle><fill>0</fill></PolyStyle></Style>
	<ExtendedData><SchemaData schemaUrl="#buildings">
		<SimpleData name="full_id">w495353943</SimpleData>
		<SimpleData name="osm_id">495353943</SimpleData>
		<SimpleData name="osm_type">way</SimpleData>
		<SimpleData name="building">yes</SimpleData>
	</SchemaData></ExtendedData>
      <MultiGeometry><Polygon><outerBoundaryIs><LinearRing><coordinates>80.2181598,6.0350338 80.2176562,6.0351403 80.2175673,6.0351591 80.2175957,6.0352921 80.2176808,6.0352741 80.2180064,6.0352052 80.2180035,6.0351912 80.2180558,6.0351801 80.218048,6.0351438 80.2181775,6.0351164 80.2181598,6.0350338</coordinates></LinearRing></outerBoundaryIs></Polygon></MultiGeometry>
  </Placemark>
  <Placemark id="buildings.176">
	<name>Fire brigade</name>
	<Style><LineStyle><color>ff0000ff</color></LineStyle><PolyStyle><fill>0</fill></PolyStyle></Style>
	<ExtendedData><SchemaData schemaUrl="#buildings">
		<SimpleData name="full_id">w495353942</SimpleData>
		<SimpleData name="osm_id">495353942</SimpleData>
		<SimpleData name="osm_type">way</SimpleData>
		<SimpleData name="building">yes</SimpleData>
		<SimpleData name="amenity">fire_station</SimpleData>
	</SchemaData></ExtendedData>
      <MultiGeometry><Polygon><outerBoundaryIs><LinearRing><coordinates>80.2181393,6.0352197 80.2179918,6.0352611 80.2180274,6.0353869 80.2181749,6.0353455 80.2181393,6.0352197</coordinates></LinearRing></outerBoundaryIs></Polygon></MultiGeometry>
  </Placemark>
  <Placemark id="buildings.177">
	<Style><LineStyle><color>ff0000ff</color></LineStyle><PolyStyle><fill>0</fill></PolyStyle></Style>
	<ExtendedData><SchemaData schemaUrl="#buildings">
		<SimpleData name="full_id">w495353941</SimpleData>
		<SimpleData name="osm_id">495353941</SimpleData>
		<SimpleData name="osm_type">way</SimpleData>
		<SimpleData name="building">yes</SimpleData>
	</SchemaData></ExtendedData>
      <MultiGeometry><Polygon><outerBoundaryIs><LinearRing><coordinates>80.21826,6.0351677 80.2181742,6.035201 80.218196,6.0352566 80.2182818,6.0352232 80.21826,6.0351677</coordinates></LinearRing></outerBoundaryIs></Polygon></MultiGeometry>
  </Placemark>
  <Placemark id="buildings.178">
	<Style><LineStyle><color>ff0000ff</color></LineStyle><PolyStyle><fill>0</fill></PolyStyle></Style>
	<ExtendedData><SchemaData schemaUrl="#buildings">
		<SimpleData name="full_id">w495346944</SimpleData>
		<SimpleData name="osm_id">495346944</SimpleData>
		<SimpleData name="osm_type">way</SimpleData>
		<SimpleData name="building">yes</SimpleData>
	</SchemaData></ExtendedData>
      <MultiGeometry><Polygon><outerBoundaryIs><LinearRing><coordinates>80.2126119,6.0318535 80.2125362,6.0318989 80.2125824,6.0319752 80.2126581,6.0319299 80.2126119,6.0318535</coordinates></LinearRing></outerBoundaryIs></Polygon></MultiGeometry>
  </Placemark>
  <Placemark id="buildings.179">
	<Style><LineStyle><color>ff0000ff</color></LineStyle><PolyStyle><fill>0</fill></PolyStyle></Style>
	<ExtendedData><SchemaData schemaUrl="#buildings">
		<SimpleData name="full_id">w495346942</SimpleData>
		<SimpleData name="osm_id">495346942</SimpleData>
		<SimpleData name="osm_type">way</SimpleData>
		<SimpleData name="building">yes</SimpleData>
	</SchemaData></ExtendedData>
      <MultiGeometry><Polygon><outerBoundaryIs><LinearRing><coordinates>80.2125717,6.0319789 80.2125426,6.0319263 80.2124206,6.031993 80.2124497,6.0320456 80.2125717,6.0319789</coordinates></LinearRing></outerBoundaryIs></Polygon></MultiGeometry>
  </Placemark>
  <Placemark id="buildings.180">
	<Style><LineStyle><color>ff0000ff</color></LineStyle><PolyStyle><fill>0</fill></PolyStyle></Style>
	<ExtendedData><SchemaData schemaUrl="#buildings">
		<SimpleData name="full_id">w495346940</SimpleData>
		<SimpleData name="osm_id">495346940</SimpleData>
		<SimpleData name="osm_type">way</SimpleData>
		<SimpleData name="building">yes</SimpleData>
	</SchemaData></ExtendedData>
      <MultiGeometry><Polygon><outerBoundaryIs><LinearRing><coordinates>80.2126394,6.0330245 80.212504,6.0328444 80.2124205,6.0329066 80.2125559,6.0330866 80.2126394,6.0330245</coordinates></LinearRing></outerBoundaryIs></Polygon></MultiGeometry>
  </Placemark>
  <Placemark id="buildings.181">
	<Style><LineStyle><color>ff0000ff</color></LineStyle><PolyStyle><fill>0</fill></PolyStyle></Style>
	<ExtendedData><SchemaData schemaUrl="#buildings">
		<SimpleData name="full_id">w495346938</SimpleData>
		<SimpleData name="osm_id">495346938</SimpleData>
		<SimpleData name="osm_type">way</SimpleData>
		<SimpleData name="building">yes</SimpleData>
	</SchemaData></ExtendedData>
      <MultiGeometry><Polygon><outerBoundaryIs><LinearRing><coordinates>80.2125124,6.0322017 80.212355,6.0323374 80.2123858,6.0323728 80.212289,6.0324563 80.2123635,6.0325418 80.2125172,6.0324094 80.2124978,6.0323871 80.2125984,6.0323004 80.2125124,6.0322017</coordinates></LinearRing></outerBoundaryIs></Polygon></MultiGeometry>
  </Placemark>
  <Placemark id="buildings.182">
	<Style><LineStyle><color>ff0000ff</color></LineStyle><PolyStyle><fill>0</fill></PolyStyle></Style>
	<ExtendedData><SchemaData schemaUrl="#buildings">
		<SimpleData name="full_id">w495346936</SimpleData>
		<SimpleData name="osm_id">495346936</SimpleData>
		<SimpleData name="osm_type">way</SimpleData>
		<SimpleData name="building">yes</SimpleData>
	</SchemaData></ExtendedData>
      <MultiGeometry><Polygon><outerBoundaryIs><LinearRing><coordinates>80.2127641,6.0331405 80.2126917,6.0330392 80.2125792,6.0331187 80.2126516,6.0332201 80.2127641,6.0331405</coordinates></LinearRing></outerBoundaryIs></Polygon></MultiGeometry>
  </Placemark>
  <Placemark id="buildings.183">
	<Style><LineStyle><color>ff0000ff</color></LineStyle><PolyStyle><fill>0</fill></PolyStyle></Style>
	<ExtendedData><SchemaData schemaUrl="#buildings">
		<SimpleData name="full_id">w495353951</SimpleData>
		<SimpleData name="osm_id">495353951</SimpleData>
		<SimpleData name="osm_type">way</SimpleData>
		<SimpleData name="building">yes</SimpleData>
	</SchemaData></ExtendedData>
      <MultiGeometry><Polygon><outerBoundaryIs><LinearRing><coordinates>80.2174963,6.0338408 80.2175566,6.0338119 80.2175219,6.0337403 80.2174682,6.033766 80.2174415,6.0337109 80.2173581,6.0337507 80.2174169,6.0338721 80.2174655,6.0338489 80.2174681,6.0338543 80.2174963,6.0338408</coordinates></LinearRing></outerBoundaryIs></Polygon></MultiGeometry>
  </Placemark>
  <Placemark id="buildings.184">
	<Style><LineStyle><color>ff0000ff</color></LineStyle><PolyStyle><fill>0</fill></PolyStyle></Style>
	<ExtendedData><SchemaData schemaUrl="#buildings">
		<SimpleData name="full_id">w495353950</SimpleData>
		<SimpleData name="osm_id">495353950</SimpleData>
		<SimpleData name="osm_type">way</SimpleData>
		<SimpleData name="building">yes</SimpleData>
	</SchemaData></ExtendedData>
      <MultiGeometry><Polygon><outerBoundaryIs><LinearRing><coordinates>80.2176518,6.0339234 80.2175975,6.033806 80.217527,6.0338383 80.2175814,6.0339556 80.2176518,6.0339234</coordinates></LinearRing></outerBoundaryIs></Polygon></MultiGeometry>
  </Placemark>
  <Placemark id="buildings.185">
	<Style><LineStyle><color>ff0000ff</color></LineStyle><PolyStyle><fill>0</fill></PolyStyle></Style>
	<ExtendedData><SchemaData schemaUrl="#buildings">
		<SimpleData name="full_id">w495353949</SimpleData>
		<SimpleData name="osm_id">495353949</SimpleData>
		<SimpleData name="osm_type">way</SimpleData>
		<SimpleData name="building">yes</SimpleData>
	</SchemaData></ExtendedData>
      <MultiGeometry><Polygon><outerBoundaryIs><LinearRing><coordinates>80.2175117,6.0341334 80.2175963,6.0340983 80.2175373,6.0339576 80.2174526,6.0339927 80.2175117,6.0341334</coordinates></LinearRing></outerBoundaryIs></Polygon></MultiGeometry>
  </Placemark>
  <Placemark id="buildings.186">
	<Style><LineStyle><color>ff0000ff</color></LineStyle><PolyStyle><fill>0</fill></PolyStyle></Style>
	<ExtendedData><SchemaData schemaUrl="#buildings">
		<SimpleData name="full_id">w495353948</SimpleData>
		<SimpleData name="osm_id">495353948</SimpleData>
		<SimpleData name="osm_type">way</SimpleData>
		<SimpleData name="building">yes</SimpleData>
	</SchemaData></ExtendedData>
      <MultiGeometry><Polygon><outerBoundaryIs><LinearRing><coordinates>80.2175814,6.0343375 80.2176815,6.0342946 80.2176232,6.0341599 80.2175231,6.0342028 80.2175814,6.0343375</coordinates></LinearRing></outerBoundaryIs></Polygon></MultiGeometry>
  </Placemark>
  <Placemark id="buildings.187">
	<Style><LineStyle><color>ff0000ff</color></LineStyle><PolyStyle><fill>0</fill></PolyStyle></Style>
	<ExtendedData><SchemaData schemaUrl="#buildings">
		<SimpleData name="full_id">w495353947</SimpleData>
		<SimpleData name="osm_id">495353947</SimpleData>
		<SimpleData name="osm_type">way</SimpleData>
		<SimpleData name="building">yes</SimpleData>
	</SchemaData></ExtendedData>
      <MultiGeometry><Polygon><outerBoundaryIs><LinearRing><coordinates>80.2175754,6.0343595 80.2174989,6.0344875 80.2175875,6.0345399 80.217664,6.0344118 80.2175754,6.0343595</coordinates></LinearRing></outerBoundaryIs></Polygon></MultiGeometry>
  </Placemark>
  <Placemark id="buildings.188">
	<Style><LineStyle><color>ff0000ff</color></LineStyle><PolyStyle><fill>0</fill></PolyStyle></Style>
	<ExtendedData><SchemaData schemaUrl="#buildings">
		<SimpleData name="full_id">w495353946</SimpleData>
		<SimpleData name="osm_id">495353946</SimpleData>
		<SimpleData name="osm_type">way</SimpleData>
		<SimpleData name="building">yes</SimpleData>
	</SchemaData></ExtendedData>
      <MultiGeometry><Polygon><outerBoundaryIs><LinearRing><coordinates>80.2175003,6.0345295 80.2173447,6.0345749 80.2173732,6.0346715 80.2175287,6.0346261 80.2175003,6.0345295</coordinates></LinearRing></outerBoundaryIs></Polygon></MultiGeometry>
  </Placemark>
  <Placemark id="buildings.189">
	<name>Seylan Bank</name>
	<Style><LineStyle><color>ff0000ff</color></LineStyle><PolyStyle><fill>0</fill></PolyStyle></Style>
	<ExtendedData><SchemaData schemaUrl="#buildings">
		<SimpleData name="full_id">w495353945</SimpleData>
		<SimpleData name="osm_id">495353945</SimpleData>
		<SimpleData name="osm_type">way</SimpleData>
		<SimpleData name="building">yes</SimpleData>
		<SimpleData name="brand_wiki">en:Seylan Bank</SimpleData>
		<SimpleData name="brand_wi_1">Q3532083</SimpleData>
		<SimpleData name="brand">Seylan Bank</SimpleData>
		<SimpleData name="image">https://photos.app.goo.gl/RVGdvtsxvcdXQ1hF9</SimpleData>
		<SimpleData name="amenity">bank</SimpleData>
	</SchemaData></ExtendedData>
      <MultiGeometry><Polygon><outerBoundaryIs><LinearRing><coordinates>80.217859,6.0348049 80.2177021,6.0346702 80.2176062,6.0347807 80.2177631,6.0349154 80.217859,6.0348049</coordinates></LinearRing></outerBoundaryIs></Polygon></MultiGeometry>
  </Placemark>
  <Placemark id="buildings.190">
	<name>Rich look</name>
	<Style><LineStyle><color>ff0000ff</color></LineStyle><PolyStyle><fill>0</fill></PolyStyle></Style>
	<ExtendedData><SchemaData schemaUrl="#buildings">
		<SimpleData name="full_id">w495353944</SimpleData>
		<SimpleData name="osm_id">495353944</SimpleData>
		<SimpleData name="osm_type">way</SimpleData>
		<SimpleData name="building">yes</SimpleData>
		<SimpleData name="shop">clothes</SimpleData>
	</SchemaData></ExtendedData>
      <MultiGeometry><Polygon><outerBoundaryIs><LinearRing><coordinates>80.2179194,6.0348009 80.2178228,6.0348743 80.2179168,6.0349966 80.2179203,6.0349939 80.2179203,6.0349956 80.2179847,6.035009 80.2181474,6.0349903 80.2179194,6.0348009</coordinates></LinearRing></outerBoundaryIs></Polygon></MultiGeometry>
  </Placemark>
  <Placemark id="buildings.191">
	<Style><LineStyle><color>ff0000ff</color></LineStyle><PolyStyle><fill>0</fill></PolyStyle></Style>
	<ExtendedData><SchemaData schemaUrl="#buildings">
		<SimpleData name="full_id">w495401539</SimpleData>
		<SimpleData name="osm_id">495401539</SimpleData>
		<SimpleData name="osm_type">way</SimpleData>
		<SimpleData name="building">yes</SimpleData>
	</SchemaData></ExtendedData>
      <MultiGeometry><Polygon><outerBoundaryIs><LinearRing><coordinates>80.2112105,6.0341161 80.2111414,6.0341754 80.2111977,6.0342403 80.2112668,6.0341809 80.2112105,6.0341161</coordinates></LinearRing></outerBoundaryIs></Polygon></MultiGeometry>
  </Placemark>
  <Placemark id="buildings.192">
	<Style><LineStyle><color>ff0000ff</color></LineStyle><PolyStyle><fill>0</fill></PolyStyle></Style>
	<ExtendedData><SchemaData schemaUrl="#buildings">
		<SimpleData name="full_id">w495401537</SimpleData>
		<SimpleData name="osm_id">495401537</SimpleData>
		<SimpleData name="osm_type">way</SimpleData>
		<SimpleData name="building">yes</SimpleData>
	</SchemaData></ExtendedData>
      <MultiGeometry><Polygon><outerBoundaryIs><LinearRing><coordinates>80.2113191,6.0342468 80.2112789,6.0341995 80.211214,6.034254 80.2112542,6.0343013 80.2113191,6.0342468</coordinates></LinearRing></outerBoundaryIs></Polygon></MultiGeometry>
  </Placemark>
  <Placemark id="buildings.193">
	<Style><LineStyle><color>ff0000ff</color></LineStyle><PolyStyle><fill>0</fill></PolyStyle></Style>
	<ExtendedData><SchemaData schemaUrl="#buildings">
		<SimpleData name="full_id">w495401535</SimpleData>
		<SimpleData name="osm_id">495401535</SimpleData>
		<SimpleData name="osm_type">way</SimpleData>
		<SimpleData name="building">yes</SimpleData>
	</SchemaData></ExtendedData>
      <MultiGeometry><Polygon><outerBoundaryIs><LinearRing><coordinates>80.2114116,6.0344008 80.2113526,6.0344435 80.2113924,6.0344978 80.2114514,6.0344552 80.2114116,6.0344008</coordinates></LinearRing></outerBoundaryIs></Polygon></MultiGeometry>
  </Placemark>
  <Placemark id="buildings.194">
	<Style><LineStyle><color>ff0000ff</color></LineStyle><PolyStyle><fill>0</fill></PolyStyle></Style>
	<ExtendedData><SchemaData schemaUrl="#buildings">
		<SimpleData name="full_id">w495401534</SimpleData>
		<SimpleData name="osm_id">495401534</SimpleData>
		<SimpleData name="osm_type">way</SimpleData>
		<SimpleData name="building">yes</SimpleData>
	</SchemaData></ExtendedData>
      <MultiGeometry><Polygon><outerBoundaryIs><LinearRing><coordinates>80.2113332,6.0344995 80.2112494,6.0343842 80.2111879,6.0344283 80.2112717,6.0345437 80.2113332,6.0344995</coordinates></LinearRing></outerBoundaryIs></Polygon></MultiGeometry>
  </Placemark>
  <Placemark id="buildings.195">
	<Style><LineStyle><color>ff0000ff</color></LineStyle><PolyStyle><fill>0</fill></PolyStyle></Style>
	<ExtendedData><SchemaData schemaUrl="#buildings">
		<SimpleData name="full_id">w495401533</SimpleData>
		<SimpleData name="osm_id">495401533</SimpleData>
		<SimpleData name="osm_type">way</SimpleData>
		<SimpleData name="building">yes</SimpleData>
	</SchemaData></ExtendedData>
      <MultiGeometry><Polygon><outerBoundaryIs><LinearRing><coordinates>80.2112286,6.0343728 80.2111843,6.0343182 80.2111447,6.0343499 80.211189,6.0344045 80.2112286,6.0343728</coordinates></LinearRing></outerBoundaryIs></Polygon></MultiGeometry>
  </Placemark>
  <Placemark id="buildings.196">
	<Style><LineStyle><color>ff0000ff</color></LineStyle><PolyStyle><fill>0</fill></PolyStyle></Style>
	<ExtendedData><SchemaData schemaUrl="#buildings">
		<SimpleData name="full_id">w495401532</SimpleData>
		<SimpleData name="osm_id">495401532</SimpleData>
		<SimpleData name="osm_type">way</SimpleData>
		<SimpleData name="building">yes</SimpleData>
	</SchemaData></ExtendedData>
      <MultiGeometry><Polygon><outerBoundaryIs><LinearRing><coordinates>80.2111468,6.0342101 80.2110958,6.0341628 80.2110614,6.0341994 80.2111123,6.0342468 80.2111468,6.0342101</coordinates></LinearRing></outerBoundaryIs></Polygon></MultiGeometry>
  </Placemark>
  <Placemark id="buildings.197">
	<Style><LineStyle><color>ff0000ff</color></LineStyle><PolyStyle><fill>0</fill></PolyStyle></Style>
	<ExtendedData><SchemaData schemaUrl="#buildings">
		<SimpleData name="full_id">w495401531</SimpleData>
		<SimpleData name="osm_id">495401531</SimpleData>
		<SimpleData name="osm_type">way</SimpleData>
		<SimpleData name="building">yes</SimpleData>
	</SchemaData></ExtendedData>
      <MultiGeometry><Polygon><outerBoundaryIs><LinearRing><coordinates>80.2110502,6.0342888 80.2109946,6.0343302 80.211031,6.0343786 80.2110866,6.0343373 80.2110502,6.0342888</coordinates></LinearRing></outerBoundaryIs></Polygon></MultiGeometry>
  </Placemark>
  <Placemark id="buildings.198">
	<Style><LineStyle><color>ff0000ff</color></LineStyle><PolyStyle><fill>0</fill></PolyStyle></Style>
	<ExtendedData><SchemaData schemaUrl="#buildings">
		<SimpleData name="full_id">w495401530</SimpleData>
		<SimpleData name="osm_id">495401530</SimpleData>
		<SimpleData name="osm_type">way</SimpleData>
		<SimpleData name="building">yes</SimpleData>
	</SchemaData></ExtendedData>
      <MultiGeometry><Polygon><outerBoundaryIs><LinearRing><coordinates>80.2110871,6.0343742 80.2110388,6.0344102 80.2110712,6.0344532 80.2111195,6.0344172 80.2110871,6.0343742</coordinates></LinearRing></outerBoundaryIs></Polygon></MultiGeometry>
  </Placemark>
  <Placemark id="buildings.199">
	<Style><LineStyle><color>ff0000ff</color></LineStyle><PolyStyle><fill>0</fill></PolyStyle></Style>
	<ExtendedData><SchemaData schemaUrl="#buildings">
		<SimpleData name="full_id">w495401547</SimpleData>
		<SimpleData name="osm_id">495401547</SimpleData>
		<SimpleData name="osm_type">way</SimpleData>
		<SimpleData name="building">yes</SimpleData>
	</SchemaData></ExtendedData>
      <MultiGeometry><Polygon><outerBoundaryIs><LinearRing><coordinates>80.2118267,6.0340234 80.2117279,6.0338842 80.2115522,6.0340076 80.211651,6.0341468 80.2118267,6.0340234</coordinates></LinearRing></outerBoundaryIs></Polygon></MultiGeometry>
  </Placemark>
  <Placemark id="buildings.200">
	<Style><LineStyle><color>ff0000ff</color></LineStyle><PolyStyle><fill>0</fill></PolyStyle></Style>
	<ExtendedData><SchemaData schemaUrl="#buildings">
		<SimpleData name="full_id">w495401546</SimpleData>
		<SimpleData name="osm_id">495401546</SimpleData>
		<SimpleData name="osm_type">way</SimpleData>
		<SimpleData name="building">yes</SimpleData>
	</SchemaData></ExtendedData>
      <MultiGeometry><Polygon><outerBoundaryIs><LinearRing><coordinates>80.2116986,6.03388 80.211639,6.0338107 80.2115808,6.0338602 80.2116405,6.0339295 80.2116986,6.03388</coordinates></LinearRing></outerBoundaryIs></Polygon></MultiGeometry>
  </Placemark>
  <Placemark id="buildings.201">
	<Style><LineStyle><color>ff0000ff</color></LineStyle><PolyStyle><fill>0</fill></PolyStyle></Style>
	<ExtendedData><SchemaData schemaUrl="#buildings">
		<SimpleData name="full_id">w495401545</SimpleData>
		<SimpleData name="osm_id">495401545</SimpleData>
		<SimpleData name="osm_type">way</SimpleData>
		<SimpleData name="building">yes</SimpleData>
	</SchemaData></ExtendedData>
      <MultiGeometry><Polygon><outerBoundaryIs><LinearRing><coordinates>80.2115947,6.0341721 80.211535,6.0340901 80.2114696,6.0341372 80.2115293,6.0342192 80.2115947,6.0341721</coordinates></LinearRing></outerBoundaryIs></Polygon></MultiGeometry>
  </Placemark>
  <Placemark id="buildings.202">
	<Style><LineStyle><color>ff0000ff</color></LineStyle><PolyStyle><fill>0</fill></PolyStyle></Style>
	<ExtendedData><SchemaData schemaUrl="#buildings">
		<SimpleData name="full_id">w495401544</SimpleData>
		<SimpleData name="osm_id">495401544</SimpleData>
		<SimpleData name="osm_type">way</SimpleData>
		<SimpleData name="building">yes</SimpleData>
	</SchemaData></ExtendedData>
      <MultiGeometry><Polygon><outerBoundaryIs><LinearRing><coordinates>80.2117328,6.0343021 80.211653,6.0341788 80.2115516,6.0342436 80.2116314,6.034367 80.2117328,6.0343021</coordinates></LinearRing></outerBoundaryIs></Polygon></MultiGeometry>
  </Placemark>
  <Placemark id="buildings.203">
	<Style><LineStyle><color>ff0000ff</color></LineStyle><PolyStyle><fill>0</fill></PolyStyle></Style>
	<ExtendedData><SchemaData schemaUrl="#buildings">
		<SimpleData name="full_id">w495401543</SimpleData>
		<SimpleData name="osm_id">495401543</SimpleData>
		<SimpleData name="osm_type">way</SimpleData>
		<SimpleData name="building">yes</SimpleData>
	</SchemaData></ExtendedData>
      <MultiGeometry><Polygon><outerBoundaryIs><LinearRing><coordinates>80.2116021,6.0343702 80.2115089,6.0342341 80.211398,6.0343092 80.2114912,6.0344453 80.2116021,6.0343702</coordinates></LinearRing></outerBoundaryIs></Polygon></MultiGeometry>
  </Placemark>
  <Placemark id="buildings.204">
	<Style><LineStyle><color>ff0000ff</color></LineStyle><PolyStyle><fill>0</fill></PolyStyle></Style>
	<ExtendedData><SchemaData schemaUrl="#buildings">
		<SimpleData name="full_id">w495401542</SimpleData>
		<SimpleData name="osm_id">495401542</SimpleData>
		<SimpleData name="osm_type">way</SimpleData>
		<SimpleData name="building">yes</SimpleData>
	</SchemaData></ExtendedData>
      <MultiGeometry><Polygon><outerBoundaryIs><LinearRing><coordinates>80.2114445,6.0341641 80.2113459,6.0342455 80.2113926,6.0343014 80.2114912,6.03422 80.2114445,6.0341641</coordinates></LinearRing></outerBoundaryIs></Polygon></MultiGeometry>
  </Placemark>
  <Placemark id="buildings.205">
	<Style><LineStyle><color>ff0000ff</color></LineStyle><PolyStyle><fill>0</fill></PolyStyle></Style>
	<ExtendedData><SchemaData schemaUrl="#buildings">
		<SimpleData name="full_id">w495401541</SimpleData>
		<SimpleData name="osm_id">495401541</SimpleData>
		<SimpleData name="osm_type">way</SimpleData>
		<SimpleData name="building">yes</SimpleData>
	</SchemaData></ExtendedData>
      <MultiGeometry><Polygon><outerBoundaryIs><LinearRing><coordinates>80.2114244,6.0341381 80.2113023,6.0339767 80.2112118,6.0340444 80.2113339,6.0342058 80.2114244,6.0341381</coordinates></LinearRing></outerBoundaryIs></Polygon></MultiGeometry>
  </Placemark>
  <Placemark id="buildings.206">
	<Style><LineStyle><color>ff0000ff</color></LineStyle><PolyStyle><fill>0</fill></PolyStyle></Style>
	<ExtendedData><SchemaData schemaUrl="#buildings">
		<SimpleData name="full_id">w495401540</SimpleData>
		<SimpleData name="osm_id">495401540</SimpleData>
		<SimpleData name="osm_type">way</SimpleData>
		<SimpleData name="building">yes</SimpleData>
	</SchemaData></ExtendedData>
      <MultiGeometry><Polygon><outerBoundaryIs><LinearRing><coordinates>80.2111971,6.0340988 80.2111603,6.0340563 80.2110792,6.0341256 80.2111159,6.0341681 80.2111971,6.0340988</coordinates></LinearRing></outerBoundaryIs></Polygon></MultiGeometry>
  </Placemark>
  <Placemark id="buildings.207">
	<Style><LineStyle><color>ff0000ff</color></LineStyle><PolyStyle><fill>0</fill></PolyStyle></Style>
	<ExtendedData><SchemaData schemaUrl="#buildings">
		<SimpleData name="full_id">w495401555</SimpleData>
		<SimpleData name="osm_id">495401555</SimpleData>
		<SimpleData name="osm_type">way</SimpleData>
		<SimpleData name="building">yes</SimpleData>
	</SchemaData></ExtendedData>
      <MultiGeometry><Polygon><outerBoundaryIs><LinearRing><coordinates>80.2122585,6.0337947 80.2121875,6.033694 80.2120872,6.033764 80.2121583,6.0338647 80.2122585,6.0337947</coordinates></LinearRing></outerBoundaryIs></Polygon></MultiGeometry>
  </Placemark>
  <Placemark id="buildings.208">
	<Style><LineStyle><color>ff0000ff</color></LineStyle><PolyStyle><fill>0</fill></PolyStyle></Style>
	<ExtendedData><SchemaData schemaUrl="#buildings">
		<SimpleData name="full_id">w495401554</SimpleData>
		<SimpleData name="osm_id">495401554</SimpleData>
		<SimpleData name="osm_type">way</SimpleData>
		<SimpleData name="building">yes</SimpleData>
	</SchemaData></ExtendedData>
      <MultiGeometry><Polygon><outerBoundaryIs><LinearRing><coordinates>80.2121834,6.0338774 80.2122753,6.0340094 80.2123501,6.0339579 80.2122583,6.0338259 80.2121834,6.0338774</coordinates></LinearRing></outerBoundaryIs></Polygon></MultiGeometry>
  </Placemark>
  <Placemark id="buildings.209">
	<Style><LineStyle><color>ff0000ff</color></LineStyle><PolyStyle><fill>0</fill></PolyStyle></Style>
	<ExtendedData><SchemaData schemaUrl="#buildings">
		<SimpleData name="full_id">w495401553</SimpleData>
		<SimpleData name="osm_id">495401553</SimpleData>
		<SimpleData name="osm_type">way</SimpleData>
		<SimpleData name="building">yes</SimpleData>
	</SchemaData></ExtendedData>
      <MultiGeometry><Polygon><outerBoundaryIs><LinearRing><coordinates>80.2122525,6.0340007 80.2121694,6.033876 80.2121189,6.0339093 80.212202,6.034034 80.2122525,6.0340007</coordinates></LinearRing></outerBoundaryIs></Polygon></MultiGeometry>
  </Placemark>
  <Placemark id="buildings.210">
	<Style><LineStyle><color>ff0000ff</color></LineStyle><PolyStyle><fill>0</fill></PolyStyle></Style>
	<ExtendedData><SchemaData schemaUrl="#buildings">
		<SimpleData name="full_id">w495401552</SimpleData>
		<SimpleData name="osm_id">495401552</SimpleData>
		<SimpleData name="osm_type">way</SimpleData>
		<SimpleData name="building">yes</SimpleData>
	</SchemaData></ExtendedData>
      <MultiGeometry><Polygon><outerBoundaryIs><LinearRing><coordinates>80.212339,6.033896 80.2124137,6.0338511 80.2123346,6.033721 80.2122599,6.033766 80.212339,6.033896</coordinates></LinearRing></outerBoundaryIs></Polygon></MultiGeometry>
  </Placemark>
  <Placemark id="buildings.211">
	<Style><LineStyle><color>ff0000ff</color></LineStyle><PolyStyle><fill>0</fill></PolyStyle></Style>
	<ExtendedData><SchemaData schemaUrl="#buildings">
		<SimpleData name="full_id">w495401551</SimpleData>
		<SimpleData name="osm_id">495401551</SimpleData>
		<SimpleData name="osm_type">way</SimpleData>
		<SimpleData name="building">yes</SimpleData>
	</SchemaData></ExtendedData>
      <MultiGeometry><Polygon><outerBoundaryIs><LinearRing><coordinates>80.2124818,6.0337607 80.2124141,6.0337953 80.2124485,6.0338618 80.2125163,6.0338271 80.2124818,6.0337607</coordinates></LinearRing></outerBoundaryIs></Polygon></MultiGeometry>
  </Placemark>
  <Placemark id="buildings.212">
	<Style><LineStyle><color>ff0000ff</color></LineStyle><PolyStyle><fill>0</fill></PolyStyle></Style>
	<ExtendedData><SchemaData schemaUrl="#buildings">
		<SimpleData name="full_id">w495401550</SimpleData>
		<SimpleData name="osm_id">495401550</SimpleData>
		<SimpleData name="osm_type">way</SimpleData>
		<SimpleData name="building">yes</SimpleData>
	</SchemaData></ExtendedData>
      <MultiGeometry><Polygon><outerBoundaryIs><LinearRing><coordinates>80.212054,6.0340541 80.2119481,6.0339107 80.2118978,6.0339475 80.2120037,6.0340908 80.212054,6.0340541</coordinates></LinearRing></outerBoundaryIs></Polygon></MultiGeometry>
  </Placemark>
  <Placemark id="buildings.213">
	<Style><LineStyle><color>ff0000ff</color></LineStyle><PolyStyle><fill>0</fill></PolyStyle></Style>
	<ExtendedData><SchemaData schemaUrl="#buildings">
		<SimpleData name="full_id">w495401549</SimpleData>
		<SimpleData name="osm_id">495401549</SimpleData>
		<SimpleData name="osm_type">way</SimpleData>
		<SimpleData name="building">yes</SimpleData>
	</SchemaData></ExtendedData>
      <MultiGeometry><Polygon><outerBoundaryIs><LinearRing><coordinates>80.2120118,6.0341348 80.2119099,6.0339874 80.2118773,6.0340096 80.2119793,6.034157 80.2120118,6.0341348</coordinates></LinearRing></outerBoundaryIs></Polygon></MultiGeometry>
  </Placemark>
  <Placemark id="buildings.214">
	<Style><LineStyle><color>ff0000ff</color></LineStyle><PolyStyle><fill>0</fill></PolyStyle></Style>
	<ExtendedData><SchemaData schemaUrl="#buildings">
		<SimpleData name="full_id">w495401548</SimpleData>
		<SimpleData name="osm_id">495401548</SimpleData>
		<SimpleData name="osm_type">way</SimpleData>
		<SimpleData name="building">yes</SimpleData>
	</SchemaData></ExtendedData>
      <MultiGeometry><Polygon><outerBoundaryIs><LinearRing><coordinates>80.2118998,6.0339781 80.2118374,6.0338714 80.2118035,6.033891 80.2118659,6.0339977 80.2118998,6.0339781</coordinates></LinearRing></outerBoundaryIs></Polygon></MultiGeometry>
  </Placemark>
  <Placemark id="buildings.215">
	<Style><LineStyle><color>ff0000ff</color></LineStyle><PolyStyle><fill>0</fill></PolyStyle></Style>
	<ExtendedData><SchemaData schemaUrl="#buildings">
		<SimpleData name="full_id">w495401563</SimpleData>
		<SimpleData name="osm_id">495401563</SimpleData>
		<SimpleData name="osm_type">way</SimpleData>
		<SimpleData name="building">yes</SimpleData>
	</SchemaData></ExtendedData>
      <MultiGeometry><Polygon><outerBoundaryIs><LinearRing><coordinates>80.2120433,6.0337327 80.2119937,6.0337633 80.2120163,6.0337995 80.2120659,6.0337688 80.2120433,6.0337327</coordinates></LinearRing></outerBoundaryIs></Polygon></MultiGeometry>
  </Placemark>
  <Placemark id="buildings.216">
	<Style><LineStyle><color>ff0000ff</color></LineStyle><PolyStyle><fill>0</fill></PolyStyle></Style>
	<ExtendedData><SchemaData schemaUrl="#buildings">
		<SimpleData name="full_id">w495401562</SimpleData>
		<SimpleData name="osm_id">495401562</SimpleData>
		<SimpleData name="osm_type">way</SimpleData>
		<SimpleData name="building">yes</SimpleData>
	</SchemaData></ExtendedData>
      <MultiGeometry><Polygon><outerBoundaryIs><LinearRing><coordinates>80.2121825,6.0336803 80.2121749,6.0336681 80.2121922,6.0336573 80.2121444,6.0335813 80.21206,6.0336339 80.2120664,6.0336441 80.2119636,6.0337081 80.211988,6.0337468 80.2120747,6.0336929 80.2120993,6.0337321 80.2121825,6.0336803</coordinates></LinearRing></outerBoundaryIs></Polygon></MultiGeometry>
  </Placemark>
  <Placemark id="buildings.217">
	<Style><LineStyle><color>ff0000ff</color></LineStyle><PolyStyle><fill>0</fill></PolyStyle></Style>
	<ExtendedData><SchemaData schemaUrl="#buildings">
		<SimpleData name="full_id">w495401561</SimpleData>
		<SimpleData name="osm_id">495401561</SimpleData>
		<SimpleData name="osm_type">way</SimpleData>
		<SimpleData name="building">yes</SimpleData>
	</SchemaData></ExtendedData>
      <MultiGeometry><Polygon><outerBoundaryIs><LinearRing><coordinates>80.2121292,6.0334447 80.2121087,6.0334208 80.2123018,6.0332579 80.2122437,6.0331898 80.2120078,6.0333887 80.2120253,6.0334092 80.2120129,6.0334197 80.212074,6.0334913 80.2121292,6.0334447</coordinates></LinearRing></outerBoundaryIs></Polygon></MultiGeometry>
  </Placemark>
  <Placemark id="buildings.218">
	<Style><LineStyle><color>ff0000ff</color></LineStyle><PolyStyle><fill>0</fill></PolyStyle></Style>
	<ExtendedData><SchemaData schemaUrl="#buildings">
		<SimpleData name="full_id">w495401560</SimpleData>
		<SimpleData name="osm_id">495401560</SimpleData>
		<SimpleData name="osm_type">way</SimpleData>
		<SimpleData name="building">yes</SimpleData>
		<SimpleData name="image">https://photos.app.goo.gl/qZV59RRq2tkP99cV6</SimpleData>
		<SimpleData name="religion">buddhist</SimpleData>
		<SimpleData name="amenity">place_of_worship</SimpleData>
	</SchemaData></ExtendedData>
      <MultiGeometry><Polygon><outerBoundaryIs><LinearRing><coordinates>80.2136448,6.0331949 80.2136506,6.033208 80.2136602,6.0332187 80.2136727,6.0332259 80.2136868,6.0332289 80.2137012,6.0332274 80.2137144,6.0332216 80.2137251,6.033212 80.2137323,6.0331996 80.2137354,6.033184 80.2137329,6.0331682 80.2137252,6.0331543 80.2137131,6.0331438 80.2136982,6.0331381 80.2136822,6.0331378 80.213667,6.033143 80.2136545,6.033153 80.2136463,6.0331666 80.2136433,6.0331806 80.2136448,6.0331949</coordinates></LinearRing></outerBoundaryIs></Polygon></MultiGeometry>
  </Placemark>
  <Placemark id="buildings.219">
	<Style><LineStyle><color>ff0000ff</color></LineStyle><PolyStyle><fill>0</fill></PolyStyle></Style>
	<ExtendedData><SchemaData schemaUrl="#buildings">
		<SimpleData name="full_id">w495401559</SimpleData>
		<SimpleData name="osm_id">495401559</SimpleData>
		<SimpleData name="osm_type">way</SimpleData>
		<SimpleData name="building">yes</SimpleData>
	</SchemaData></ExtendedData>
      <MultiGeometry><Polygon><outerBoundaryIs><LinearRing><coordinates>80.2119897,6.03384 80.2119481,6.033782 80.2118955,6.0338192 80.2119371,6.0338773 80.2119897,6.03384</coordinates></LinearRing></outerBoundaryIs></Polygon></MultiGeometry>
  </Placemark>
  <Placemark id="buildings.220">
	<Style><LineStyle><color>ff0000ff</color></LineStyle><PolyStyle><fill>0</fill></PolyStyle></Style>
	<ExtendedData><SchemaData schemaUrl="#buildings">
		<SimpleData name="full_id">w495401558</SimpleData>
		<SimpleData name="osm_id">495401558</SimpleData>
		<SimpleData name="osm_type">way</SimpleData>
		<SimpleData name="building">yes</SimpleData>
	</SchemaData></ExtendedData>
      <MultiGeometry><Polygon><outerBoundaryIs><LinearRing><coordinates>80.2120064,6.033836 80.2119501,6.0338847 80.2119959,6.0339371 80.2120522,6.0338885 80.2120064,6.033836</coordinates></LinearRing></outerBoundaryIs></Polygon></MultiGeometry>
  </Placemark>
  <Placemark id="buildings.221">
	<Style><LineStyle><color>ff0000ff</color></LineStyle><PolyStyle><fill>0</fill></PolyStyle></Style>
	<ExtendedData><SchemaData schemaUrl="#buildings">
		<SimpleData name="full_id">w495401557</SimpleData>
		<SimpleData name="osm_id">495401557</SimpleData>
		<SimpleData name="osm_type">way</SimpleData>
		<SimpleData name="building">yes</SimpleData>
	</SchemaData></ExtendedData>
      <MultiGeometry><Polygon><outerBoundaryIs><LinearRing><coordinates>80.2120695,6.0338934 80.2120044,6.0339401 80.2120418,6.0339916 80.2121068,6.0339449 80.2120695,6.0338934</coordinates></LinearRing></outerBoundaryIs></Polygon></MultiGeometry>
  </Placemark>
  <Placemark id="buildings.222">
	<Style><LineStyle><color>ff0000ff</color></LineStyle><PolyStyle><fill>0</fill></PolyStyle></Style>
	<ExtendedData><SchemaData schemaUrl="#buildings">
		<SimpleData name="full_id">w495401556</SimpleData>
		<SimpleData name="osm_id">495401556</SimpleData>
		<SimpleData name="osm_type">way</SimpleData>
		<SimpleData name="building">yes</SimpleData>
	</SchemaData></ExtendedData>
      <MultiGeometry><Polygon><outerBoundaryIs><LinearRing><coordinates>80.2120607,6.0340321 80.2120984,6.0340988 80.2121916,6.0340468 80.2121539,6.0339801 80.2120607,6.0340321</coordinates></LinearRing></outerBoundaryIs></Polygon></MultiGeometry>
  </Placemark>
  <Placemark id="buildings.223">
	<Style><LineStyle><color>ff0000ff</color></LineStyle><PolyStyle><fill>0</fill></PolyStyle></Style>
	<ExtendedData><SchemaData schemaUrl="#buildings">
		<SimpleData name="full_id">w495401505</SimpleData>
		<SimpleData name="osm_id">495401505</SimpleData>
		<SimpleData name="osm_type">way</SimpleData>
		<SimpleData name="building">yes</SimpleData>
	</SchemaData></ExtendedData>
      <MultiGeometry><Polygon><outerBoundaryIs><LinearRing><coordinates>80.2135098,6.0343255 80.2134018,6.0341294 80.2133399,6.0341631 80.2134479,6.0343592 80.2135098,6.0343255</coordinates></LinearRing></outerBoundaryIs></Polygon></MultiGeometry>
  </Placemark>
  <Placemark id="buildings.224">
	<Style><LineStyle><color>ff0000ff</color></LineStyle><PolyStyle><fill>0</fill></PolyStyle></Style>
	<ExtendedData><SchemaData schemaUrl="#buildings">
		<SimpleData name="full_id">w495401504</SimpleData>
		<SimpleData name="osm_id">495401504</SimpleData>
		<SimpleData name="osm_type">way</SimpleData>
		<SimpleData name="building">yes</SimpleData>
	</SchemaData></ExtendedData>
      <MultiGeometry><Polygon><outerBoundaryIs><LinearRing><coordinates>80.2134814,6.0344393 80.2131491,6.0346199 80.2131915,6.0346969 80.2134395,6.0345622 80.2134518,6.0345846 80.2135196,6.0345478 80.2135075,6.0345256 80.2135239,6.0345167 80.2134814,6.0344393</coordinates></LinearRing></outerBoundaryIs></Polygon></MultiGeometry>
  </Placemark>
  <Placemark id="buildings.225">
	<Style><LineStyle><color>ff0000ff</color></LineStyle><PolyStyle><fill>0</fill></PolyStyle></Style>
	<ExtendedData><SchemaData schemaUrl="#buildings">
		<SimpleData name="full_id">w495358009</SimpleData>
		<SimpleData name="osm_id">495358009</SimpleData>
		<SimpleData name="osm_type">way</SimpleData>
		<SimpleData name="building">yes</SimpleData>
	</SchemaData></ExtendedData>
      <MultiGeometry><Polygon><outerBoundaryIs><LinearRing><coordinates>80.2191465,6.0270009 80.2190345,6.0269809 80.2190238,6.0270399 80.2191358,6.0270599 80.2191465,6.0270009</coordinates></LinearRing></outerBoundaryIs></Polygon></MultiGeometry>
  </Placemark>
  <Placemark id="buildings.226">
	<Style><LineStyle><color>ff0000ff</color></LineStyle><PolyStyle><fill>0</fill></PolyStyle></Style>
	<ExtendedData><SchemaData schemaUrl="#buildings">
		<SimpleData name="full_id">w495358007</SimpleData>
		<SimpleData name="osm_id">495358007</SimpleData>
		<SimpleData name="osm_type">way</SimpleData>
		<SimpleData name="building">yes</SimpleData>
	</SchemaData></ExtendedData>
      <MultiGeometry><Polygon><outerBoundaryIs><LinearRing><coordinates>80.2191766,6.0269275 80.2190278,6.0269169 80.2190239,6.0269701 80.2191728,6.0269808 80.2191766,6.0269275</coordinates></LinearRing></outerBoundaryIs></Polygon></MultiGeometry>
  </Placemark>
  <Placemark id="buildings.227">
	<Style><LineStyle><color>ff0000ff</color></LineStyle><PolyStyle><fill>0</fill></PolyStyle></Style>
	<ExtendedData><SchemaData schemaUrl="#buildings">
		<SimpleData name="full_id">w495358006</SimpleData>
		<SimpleData name="osm_id">495358006</SimpleData>
		<SimpleData name="osm_type">way</SimpleData>
		<SimpleData name="building">yes</SimpleData>
	</SchemaData></ExtendedData>
      <MultiGeometry><Polygon><outerBoundaryIs><LinearRing><coordinates>80.2191532,6.0268435 80.2190372,6.0268389 80.2190351,6.0268888 80.2191511,6.0268935 80.2191532,6.0268435</coordinates></LinearRing></outerBoundaryIs></Polygon></MultiGeometry>
  </Placemark>
  <Placemark id="buildings.228">
	<Style><LineStyle><color>ff0000ff</color></LineStyle><PolyStyle><fill>0</fill></PolyStyle></Style>
	<ExtendedData><SchemaData schemaUrl="#buildings">
		<SimpleData name="full_id">w495358004</SimpleData>
		<SimpleData name="osm_id">495358004</SimpleData>
		<SimpleData name="osm_type">way</SimpleData>
		<SimpleData name="building">yes</SimpleData>
	</SchemaData></ExtendedData>
      <MultiGeometry><Polygon><outerBoundaryIs><LinearRing><coordinates>80.2192654,6.0270827 80.2193047,6.0270863 80.2192976,6.027164 80.2193803,6.0271714 80.2193932,6.02703 80.2193113,6.0270226 80.2193088,6.0270496 80.2192679,6.0270459 80.2192695,6.0270292 80.2192195,6.0270247 80.2192103,6.0271253 80.2192611,6.0271299 80.2192654,6.0270827</coordinates></LinearRing></outerBoundaryIs></Polygon></MultiGeometry>
  </Placemark>
  <Placemark id="buildings.229">
	<Style><LineStyle><color>ff0000ff</color></LineStyle><PolyStyle><fill>0</fill></PolyStyle></Style>
	<ExtendedData><SchemaData schemaUrl="#buildings">
		<SimpleData name="full_id">w495358002</SimpleData>
		<SimpleData name="osm_id">495358002</SimpleData>
		<SimpleData name="osm_type">way</SimpleData>
		<SimpleData name="building">yes</SimpleData>
	</SchemaData></ExtendedData>
      <MultiGeometry><Polygon><outerBoundaryIs><LinearRing><coordinates>80.2191776,6.0264997 80.2191669,6.026499 80.2191646,6.0265334 80.2192206,6.0265372 80.2192219,6.0265171 80.2192795,6.026521 80.2192833,6.0264654 80.2191804,6.0264585 80.2191776,6.0264997</coordinates></LinearRing></outerBoundaryIs></Polygon></MultiGeometry>
  </Placemark>
  <Placemark id="buildings.230">
	<Style><LineStyle><color>ff0000ff</color></LineStyle><PolyStyle><fill>0</fill></PolyStyle></Style>
	<ExtendedData><SchemaData schemaUrl="#buildings">
		<SimpleData name="full_id">w495358000</SimpleData>
		<SimpleData name="osm_id">495358000</SimpleData>
		<SimpleData name="osm_type">way</SimpleData>
		<SimpleData name="building">yes</SimpleData>
	</SchemaData></ExtendedData>
      <MultiGeometry><Polygon><outerBoundaryIs><LinearRing><coordinates>80.219353,6.0264488 80.219302,6.0264488 80.219302,6.0265108 80.219353,6.0265108 80.219353,6.0264488</coordinates></LinearRing></outerBoundaryIs></Polygon></MultiGeometry>
  </Placemark>
  <Placemark id="buildings.231">
	<Style><LineStyle><color>ff0000ff</color></LineStyle><PolyStyle><fill>0</fill></PolyStyle></Style>
	<ExtendedData><SchemaData schemaUrl="#buildings">
		<SimpleData name="full_id">w495401513</SimpleData>
		<SimpleData name="osm_id">495401513</SimpleData>
		<SimpleData name="osm_type">way</SimpleData>
		<SimpleData name="building">yes</SimpleData>
	</SchemaData></ExtendedData>
      <MultiGeometry><Polygon><outerBoundaryIs><LinearRing><coordinates>80.2133127,6.0347689 80.2132738,6.0347143 80.2132202,6.0347519 80.2132591,6.0348066 80.2133127,6.0347689</coordinates></LinearRing></outerBoundaryIs></Polygon></MultiGeometry>
  </Placemark>
  <Placemark id="buildings.232">
	<Style><LineStyle><color>ff0000ff</color></LineStyle><PolyStyle><fill>0</fill></PolyStyle></Style>
	<ExtendedData><SchemaData schemaUrl="#buildings">
		<SimpleData name="full_id">w495401512</SimpleData>
		<SimpleData name="osm_id">495401512</SimpleData>
		<SimpleData name="osm_type">way</SimpleData>
		<SimpleData name="building">yes</SimpleData>
	</SchemaData></ExtendedData>
      <MultiGeometry><Polygon><outerBoundaryIs><LinearRing><coordinates>80.2135018,6.034969 80.2133998,6.0350237 80.2134523,6.0351204 80.2135542,6.0350657 80.2135018,6.034969</coordinates></LinearRing></outerBoundaryIs></Polygon></MultiGeometry>
  </Placemark>
  <Placemark id="buildings.233">
	<Style><LineStyle><color>ff0000ff</color></LineStyle><PolyStyle><fill>0</fill></PolyStyle></Style>
	<ExtendedData><SchemaData schemaUrl="#buildings">
		<SimpleData name="full_id">w495401511</SimpleData>
		<SimpleData name="osm_id">495401511</SimpleData>
		<SimpleData name="osm_type">way</SimpleData>
		<SimpleData name="building">yes</SimpleData>
	</SchemaData></ExtendedData>
      <MultiGeometry><Polygon><outerBoundaryIs><LinearRing><coordinates>80.2135916,6.0349343 80.2135272,6.034969 80.2135781,6.0350623 80.2136424,6.0350276 80.2135916,6.0349343</coordinates></LinearRing></outerBoundaryIs></Polygon></MultiGeometry>
  </Placemark>
  <Placemark id="buildings.234">
	<Style><LineStyle><color>ff0000ff</color></LineStyle><PolyStyle><fill>0</fill></PolyStyle></Style>
	<ExtendedData><SchemaData schemaUrl="#buildings">
		<SimpleData name="full_id">w495401510</SimpleData>
		<SimpleData name="osm_id">495401510</SimpleData>
		<SimpleData name="osm_type">way</SimpleData>
		<SimpleData name="building">yes</SimpleData>
	</SchemaData></ExtendedData>
      <MultiGeometry><Polygon><outerBoundaryIs><LinearRing><coordinates>80.2138437,6.0348089 80.2136064,6.0349343 80.2136468,6.0350101 80.2138842,6.0348847 80.2138437,6.0348089</coordinates></LinearRing></outerBoundaryIs></Polygon></MultiGeometry>
  </Placemark>
  <Placemark id="buildings.235">
	<Style><LineStyle><color>ff0000ff</color></LineStyle><PolyStyle><fill>0</fill></PolyStyle></Style>
	<ExtendedData><SchemaData schemaUrl="#buildings">
		<SimpleData name="full_id">w495401509</SimpleData>
		<SimpleData name="osm_id">495401509</SimpleData>
		<SimpleData name="osm_type">way</SimpleData>
		<SimpleData name="building">yes</SimpleData>
	</SchemaData></ExtendedData>
      <MultiGeometry><Polygon><outerBoundaryIs><LinearRing><coordinates>80.2137914,6.0347449 80.2136573,6.0345289 80.2135489,6.0345954 80.213683,6.0348115 80.2137914,6.0347449</coordinates></LinearRing></outerBoundaryIs></Polygon></MultiGeometry>
  </Placemark>
  <Placemark id="buildings.236">
	<Style><LineStyle><color>ff0000ff</color></LineStyle><PolyStyle><fill>0</fill></PolyStyle></Style>
	<ExtendedData><SchemaData schemaUrl="#buildings">
		<SimpleData name="full_id">w495401508</SimpleData>
		<SimpleData name="osm_id">495401508</SimpleData>
		<SimpleData name="osm_type">way</SimpleData>
		<SimpleData name="building">yes</SimpleData>
	</SchemaData></ExtendedData>
      <MultiGeometry><Polygon><outerBoundaryIs><LinearRing><coordinates>80.2136009,6.0344404 80.2135373,6.0344746 80.213555,6.0345073 80.2135434,6.0345135 80.2135693,6.0345612 80.213613,6.0345377 80.2135979,6.0345099 80.2136274,6.034494 80.2136398,6.0345168 80.2136918,6.0344888 80.2136389,6.0343915 80.2135889,6.0344184 80.2136009,6.0344404</coordinates></LinearRing></outerBoundaryIs></Polygon></MultiGeometry>
  </Placemark>
  <Placemark id="buildings.237">
	<Style><LineStyle><color>ff0000ff</color></LineStyle><PolyStyle><fill>0</fill></PolyStyle></Style>
	<ExtendedData><SchemaData schemaUrl="#buildings">
		<SimpleData name="full_id">w495401507</SimpleData>
		<SimpleData name="osm_id">495401507</SimpleData>
		<SimpleData name="osm_type">way</SimpleData>
		<SimpleData name="building">yes</SimpleData>
	</SchemaData></ExtendedData>
      <MultiGeometry><Polygon><outerBoundaryIs><LinearRing><coordinates>80.2135936,6.0343908 80.2135679,6.0343451 80.2134767,6.0343958 80.2135024,6.0344415 80.2135936,6.0343908</coordinates></LinearRing></outerBoundaryIs></Polygon></MultiGeometry>
  </Placemark>
  <Placemark id="buildings.238">
	<Style><LineStyle><color>ff0000ff</color></LineStyle><PolyStyle><fill>0</fill></PolyStyle></Style>
	<ExtendedData><SchemaData schemaUrl="#buildings">
		<SimpleData name="full_id">w495401506</SimpleData>
		<SimpleData name="osm_id">495401506</SimpleData>
		<SimpleData name="osm_type">way</SimpleData>
		<SimpleData name="building">yes</SimpleData>
	</SchemaData></ExtendedData>
      <MultiGeometry><Polygon><outerBoundaryIs><LinearRing><coordinates>80.2134468,6.0343775 80.2133341,6.0341701 80.213269,6.0342051 80.2133816,6.0344125 80.2134468,6.0343775</coordinates></LinearRing></outerBoundaryIs></Polygon></MultiGeometry>
  </Placemark>
  <Placemark id="buildings.239">
	<Style><LineStyle><color>ff0000ff</color></LineStyle><PolyStyle><fill>0</fill></PolyStyle></Style>
	<ExtendedData><SchemaData schemaUrl="#buildings">
		<SimpleData name="full_id">w495401521</SimpleData>
		<SimpleData name="osm_id">495401521</SimpleData>
		<SimpleData name="osm_type">way</SimpleData>
		<SimpleData name="building">yes</SimpleData>
	</SchemaData></ExtendedData>
      <MultiGeometry><Polygon><outerBoundaryIs><LinearRing><coordinates>80.211415,6.033979 80.211481,6.0340702 80.2115353,6.0340313 80.2114203,6.0338725 80.2113654,6.0339119 80.2113821,6.0339349 80.2113543,6.0339548 80.2113866,6.0339993 80.211415,6.033979</coordinates></LinearRing></outerBoundaryIs></Polygon></MultiGeometry>
  </Placemark>
  <Placemark id="buildings.240">
	<Style><LineStyle><color>ff0000ff</color></LineStyle><PolyStyle><fill>0</fill></PolyStyle></Style>
	<ExtendedData><SchemaData schemaUrl="#buildings">
		<SimpleData name="full_id">w495401520</SimpleData>
		<SimpleData name="osm_id">495401520</SimpleData>
		<SimpleData name="osm_type">way</SimpleData>
		<SimpleData name="building">yes</SimpleData>
	</SchemaData></ExtendedData>
      <MultiGeometry><Polygon><outerBoundaryIs><LinearRing><coordinates>80.212907,6.0340367 80.2128372,6.0340721 80.2129149,6.0342236 80.2129846,6.0341883 80.212907,6.0340367</coordinates></LinearRing></outerBoundaryIs></Polygon></MultiGeometry>
  </Placemark>
  <Placemark id="buildings.241">
	<Style><LineStyle><color>ff0000ff</color></LineStyle><PolyStyle><fill>0</fill></PolyStyle></Style>
	<ExtendedData><SchemaData schemaUrl="#buildings">
		<SimpleData name="full_id">w495401519</SimpleData>
		<SimpleData name="osm_id">495401519</SimpleData>
		<SimpleData name="osm_type">way</SimpleData>
		<SimpleData name="building">yes</SimpleData>
	</SchemaData></ExtendedData>
      <MultiGeometry><Polygon><outerBoundaryIs><LinearRing><coordinates>80.2131477,6.0341481 80.2130666,6.0341948 80.213101,6.0342539 80.2131821,6.0342073 80.2131477,6.0341481</coordinates></LinearRing></outerBoundaryIs></Polygon></MultiGeometry>
  </Placemark>
  <Placemark id="buildings.242">
	<Style><LineStyle><color>ff0000ff</color></LineStyle><PolyStyle><fill>0</fill></PolyStyle></Style>
	<ExtendedData><SchemaData schemaUrl="#buildings">
		<SimpleData name="full_id">w495401518</SimpleData>
		<SimpleData name="osm_id">495401518</SimpleData>
		<SimpleData name="osm_type">way</SimpleData>
		<SimpleData name="building">yes</SimpleData>
	</SchemaData></ExtendedData>
      <MultiGeometry><Polygon><outerBoundaryIs><LinearRing><coordinates>80.2131879,6.0344562 80.2130954,6.0342955 80.213024,6.0343361 80.2131165,6.0344968 80.2131879,6.0344562</coordinates></LinearRing></outerBoundaryIs></Polygon></MultiGeometry>
  </Placemark>
  <Placemark id="buildings.243">
	<Style><LineStyle><color>ff0000ff</color></LineStyle><PolyStyle><fill>0</fill></PolyStyle></Style>
	<ExtendedData><SchemaData schemaUrl="#buildings">
		<SimpleData name="full_id">w495401517</SimpleData>
		<SimpleData name="osm_id">495401517</SimpleData>
		<SimpleData name="osm_type">way</SimpleData>
		<SimpleData name="building">yes</SimpleData>
	</SchemaData></ExtendedData>
      <MultiGeometry><Polygon><outerBoundaryIs><LinearRing><coordinates>80.213251,6.0344609 80.213145,6.0345189 80.2131737,6.0345707 80.2132797,6.0345127 80.213251,6.0344609</coordinates></LinearRing></outerBoundaryIs></Polygon></MultiGeometry>
  </Placemark>
  <Placemark id="buildings.244">
	<Style><LineStyle><color>ff0000ff</color></LineStyle><PolyStyle><fill>0</fill></PolyStyle></Style>
	<ExtendedData><SchemaData schemaUrl="#buildings">
		<SimpleData name="full_id">w495401516</SimpleData>
		<SimpleData name="osm_id">495401516</SimpleData>
		<SimpleData name="osm_type">way</SimpleData>
		<SimpleData name="building">yes</SimpleData>
	</SchemaData></ExtendedData>
      <MultiGeometry><Polygon><outerBoundaryIs><LinearRing><coordinates>80.2131651,6.0345755 80.213135,6.0345249 80.2130951,6.0345483 80.2131253,6.034599 80.2131651,6.0345755</coordinates></LinearRing></outerBoundaryIs></Polygon></MultiGeometry>
  </Placemark>
  <Placemark id="buildings.245">
	<Style><LineStyle><color>ff0000ff</color></LineStyle><PolyStyle><fill>0</fill></PolyStyle></Style>
	<ExtendedData><SchemaData schemaUrl="#buildings">
		<SimpleData name="full_id">w495401515</SimpleData>
		<SimpleData name="osm_id">495401515</SimpleData>
		<SimpleData name="osm_type">way</SimpleData>
		<SimpleData name="building">yes</SimpleData>
	</SchemaData></ExtendedData>
      <MultiGeometry><Polygon><outerBoundaryIs><LinearRing><coordinates>80.2135085,6.0346422 80.2134075,6.034694 80.2135175,6.0349061 80.2136184,6.0348543 80.2135085,6.0346422</coordinates></LinearRing></outerBoundaryIs></Polygon></MultiGeometry>
  </Placemark>
  <Placemark id="buildings.246">
	<Style><LineStyle><color>ff0000ff</color></LineStyle><PolyStyle><fill>0</fill></PolyStyle></Style>
	<ExtendedData><SchemaData schemaUrl="#buildings">
		<SimpleData name="full_id">w495401514</SimpleData>
		<SimpleData name="osm_id">495401514</SimpleData>
		<SimpleData name="osm_type">way</SimpleData>
		<SimpleData name="building">yes</SimpleData>
	</SchemaData></ExtendedData>
      <MultiGeometry><Polygon><outerBoundaryIs><LinearRing><coordinates>80.2134119,6.0347769 80.2132738,6.0348516 80.213352,6.0349948 80.2134902,6.0349201 80.2134119,6.0347769</coordinates></LinearRing></outerBoundaryIs></Polygon></MultiGeometry>
  </Placemark>
  <Placemark id="buildings.247">
	<Style><LineStyle><color>ff0000ff</color></LineStyle><PolyStyle><fill>0</fill></PolyStyle></Style>
	<ExtendedData><SchemaData schemaUrl="#buildings">
		<SimpleData name="full_id">w495401529</SimpleData>
		<SimpleData name="osm_id">495401529</SimpleData>
		<SimpleData name="osm_type">way</SimpleData>
		<SimpleData name="building">yes</SimpleData>
	</SchemaData></ExtendedData>
      <MultiGeometry><Polygon><outerBoundaryIs><LinearRing><coordinates>80.2111374,6.0344549 80.2110894,6.034488 80.2111645,6.0345954 80.2112125,6.0345622 80.2111374,6.0344549</coordinates></LinearRing></outerBoundaryIs></Polygon></MultiGeometry>
  </Placemark>
  <Placemark id="buildings.248">
	<Style><LineStyle><color>ff0000ff</color></LineStyle><PolyStyle><fill>0</fill></PolyStyle></Style>
	<ExtendedData><SchemaData schemaUrl="#buildings">
		<SimpleData name="full_id">w495401528</SimpleData>
		<SimpleData name="osm_id">495401528</SimpleData>
		<SimpleData name="osm_type">way</SimpleData>
		<SimpleData name="building">yes</SimpleData>
	</SchemaData></ExtendedData>
      <MultiGeometry><Polygon><outerBoundaryIs><LinearRing><coordinates>80.2111401,6.0346056 80.2110636,6.0344915 80.2110307,6.0345134 80.2111071,6.0346274 80.2111401,6.0346056</coordinates></LinearRing></outerBoundaryIs></Polygon></MultiGeometry>
  </Placemark>
  <Placemark id="buildings.249">
	<Style><LineStyle><color>ff0000ff</color></LineStyle><PolyStyle><fill>0</fill></PolyStyle></Style>
	<ExtendedData><SchemaData schemaUrl="#buildings">
		<SimpleData name="full_id">w495401527</SimpleData>
		<SimpleData name="osm_id">495401527</SimpleData>
		<SimpleData name="osm_type">way</SimpleData>
		<SimpleData name="building">yes</SimpleData>
	</SchemaData></ExtendedData>
      <MultiGeometry><Polygon><outerBoundaryIs><LinearRing><coordinates>80.2110951,6.0346402 80.2110207,6.0345302 80.2109807,6.034557 80.2110551,6.034667 80.2110951,6.0346402</coordinates></LinearRing></outerBoundaryIs></Polygon></MultiGeometry>
  </Placemark>
  <Placemark id="buildings.250">
	<Style><LineStyle><color>ff0000ff</color></LineStyle><PolyStyle><fill>0</fill></PolyStyle></Style>
	<ExtendedData><SchemaData schemaUrl="#buildings">
		<SimpleData name="full_id">w495401526</SimpleData>
		<SimpleData name="osm_id">495401526</SimpleData>
		<SimpleData name="osm_type">way</SimpleData>
		<SimpleData name="building">yes</SimpleData>
	</SchemaData></ExtendedData>
      <MultiGeometry><Polygon><outerBoundaryIs><LinearRing><coordinates>80.2110348,6.0346516 80.2109221,6.0345055 80.2108657,6.0345486 80.2109783,6.0346946 80.2110348,6.0346516</coordinates></LinearRing></outerBoundaryIs></Polygon></MultiGeometry>
  </Placemark>
  <Placemark id="buildings.251">
	<Style><LineStyle><color>ff0000ff</color></LineStyle><PolyStyle><fill>0</fill></PolyStyle></Style>
	<ExtendedData><SchemaData schemaUrl="#buildings">
		<SimpleData name="full_id">w495401525</SimpleData>
		<SimpleData name="osm_id">495401525</SimpleData>
		<SimpleData name="osm_type">way</SimpleData>
		<SimpleData name="building">yes</SimpleData>
	</SchemaData></ExtendedData>
      <MultiGeometry><Polygon><outerBoundaryIs><LinearRing><coordinates>80.2109282,6.0344589 80.2108815,6.0344098 80.2108198,6.0344678 80.2108665,6.0345169 80.2109282,6.0344589</coordinates></LinearRing></outerBoundaryIs></Polygon></MultiGeometry>
  </Placemark>
  <Placemark id="buildings.252">
	<Style><LineStyle><color>ff0000ff</color></LineStyle><PolyStyle><fill>0</fill></PolyStyle></Style>
	<ExtendedData><SchemaData schemaUrl="#buildings">
		<SimpleData name="full_id">w495401524</SimpleData>
		<SimpleData name="osm_id">495401524</SimpleData>
		<SimpleData name="osm_type">way</SimpleData>
		<SimpleData name="building">yes</SimpleData>
	</SchemaData></ExtendedData>
      <MultiGeometry><Polygon><outerBoundaryIs><LinearRing><coordinates>80.2109563,6.0343208 80.210892,6.0343802 80.2109398,6.0344315 80.2110042,6.0343722 80.2109563,6.0343208</coordinates></LinearRing></outerBoundaryIs></Polygon></MultiGeometry>
  </Placemark>
  <Placemark id="buildings.253">
	<Style><LineStyle><color>ff0000ff</color></LineStyle><PolyStyle><fill>0</fill></PolyStyle></Style>
	<ExtendedData><SchemaData schemaUrl="#buildings">
		<SimpleData name="full_id">w495401523</SimpleData>
		<SimpleData name="osm_id">495401523</SimpleData>
		<SimpleData name="osm_type">way</SimpleData>
		<SimpleData name="building">yes</SimpleData>
	</SchemaData></ExtendedData>
      <MultiGeometry><Polygon><outerBoundaryIs><LinearRing><coordinates>80.2110546,6.0344468 80.21101,6.0343852 80.2109828,6.0344046 80.2110274,6.0344663 80.2110546,6.0344468</coordinates></LinearRing></outerBoundaryIs></Polygon></MultiGeometry>
  </Placemark>
  <Placemark id="buildings.254">
	<Style><LineStyle><color>ff0000ff</color></LineStyle><PolyStyle><fill>0</fill></PolyStyle></Style>
	<ExtendedData><SchemaData schemaUrl="#buildings">
		<SimpleData name="full_id">w495401522</SimpleData>
		<SimpleData name="osm_id">495401522</SimpleData>
		<SimpleData name="osm_type">way</SimpleData>
		<SimpleData name="building">yes</SimpleData>
	</SchemaData></ExtendedData>
      <MultiGeometry><Polygon><outerBoundaryIs><LinearRing><coordinates>80.2113394,6.0343815 80.2113816,6.0343494 80.2113544,6.0343141 80.2113621,6.0343082 80.2113246,6.0342595 80.2112541,6.0343133 80.2112917,6.0343622 80.2113124,6.0343464 80.2113394,6.0343815</coordinates></LinearRing></outerBoundaryIs></Polygon></MultiGeometry>
  </Placemark>
  <Placemark id="buildings.255">
	<Style><LineStyle><color>ff0000ff</color></LineStyle><PolyStyle><fill>0</fill></PolyStyle></Style>
	<ExtendedData><SchemaData schemaUrl="#buildings">
		<SimpleData name="full_id">w507286656</SimpleData>
		<SimpleData name="osm_id">507286656</SimpleData>
		<SimpleData name="osm_type">way</SimpleData>
		<SimpleData name="building">yes</SimpleData>
	</SchemaData></ExtendedData>
      <MultiGeometry><Polygon><outerBoundaryIs><LinearRing><coordinates>80.2129734,6.0356372 80.2131064,6.0356111 80.2130326,6.035239 80.2128996,6.0352651 80.2129734,6.0356372</coordinates></LinearRing></outerBoundaryIs></Polygon></MultiGeometry>
  </Placemark>
  <Placemark id="buildings.256">
	<Style><LineStyle><color>ff0000ff</color></LineStyle><PolyStyle><fill>0</fill></PolyStyle></Style>
	<ExtendedData><SchemaData schemaUrl="#buildings">
		<SimpleData name="full_id">w507286655</SimpleData>
		<SimpleData name="osm_id">507286655</SimpleData>
		<SimpleData name="osm_type">way</SimpleData>
		<SimpleData name="building">yes</SimpleData>
	</SchemaData></ExtendedData>
      <MultiGeometry><Polygon><outerBoundaryIs><LinearRing><coordinates>80.2129365,6.035159 80.2127956,6.0351657 80.2127983,6.0352211 80.2129391,6.0352144 80.2129365,6.035159</coordinates></LinearRing></outerBoundaryIs></Polygon></MultiGeometry>
  </Placemark>
  <Placemark id="buildings.257">
	<Style><LineStyle><color>ff0000ff</color></LineStyle><PolyStyle><fill>0</fill></PolyStyle></Style>
	<ExtendedData><SchemaData schemaUrl="#buildings">
		<SimpleData name="full_id">w507286654</SimpleData>
		<SimpleData name="osm_id">507286654</SimpleData>
		<SimpleData name="osm_type">way</SimpleData>
		<SimpleData name="building">yes</SimpleData>
	</SchemaData></ExtendedData>
      <MultiGeometry><Polygon><outerBoundaryIs><LinearRing><coordinates>80.2131356,6.0353651 80.2132577,6.0353063 80.2131531,6.0350915 80.213031,6.0351504 80.2131356,6.0353651</coordinates></LinearRing></outerBoundaryIs></Polygon></MultiGeometry>
  </Placemark>
  <Placemark id="buildings.258">
	<Style><LineStyle><color>ff0000ff</color></LineStyle><PolyStyle><fill>0</fill></PolyStyle></Style>
	<ExtendedData><SchemaData schemaUrl="#buildings">
		<SimpleData name="full_id">w507286653</SimpleData>
		<SimpleData name="osm_id">507286653</SimpleData>
		<SimpleData name="osm_type">way</SimpleData>
		<SimpleData name="building">yes</SimpleData>
	</SchemaData></ExtendedData>
      <MultiGeometry><Polygon><outerBoundaryIs><LinearRing><coordinates>80.213251,6.0354278 80.2132201,6.0353624 80.213169,6.0353863 80.2131999,6.0354516 80.213251,6.0354278</coordinates></LinearRing></outerBoundaryIs></Polygon></MultiGeometry>
  </Placemark>
  <Placemark id="buildings.259">
	<Style><LineStyle><color>ff0000ff</color></LineStyle><PolyStyle><fill>0</fill></PolyStyle></Style>
	<ExtendedData><SchemaData schemaUrl="#buildings">
		<SimpleData name="full_id">w516537008</SimpleData>
		<SimpleData name="osm_id">516537008</SimpleData>
		<SimpleData name="osm_type">way</SimpleData>
		<SimpleData name="building">yes</SimpleData>
	</SchemaData></ExtendedData>
      <MultiGeometry><Polygon><outerBoundaryIs><LinearRing><coordinates>80.215154,6.0283379 80.2150977,6.0283993 80.2151269,6.0284258 80.2151832,6.0283645 80.215154,6.0283379</coordinates></LinearRing></outerBoundaryIs></Polygon></MultiGeometry>
  </Placemark>
  <Placemark id="buildings.260">
	<Style><LineStyle><color>ff0000ff</color></LineStyle><PolyStyle><fill>0</fill></PolyStyle></Style>
	<ExtendedData><SchemaData schemaUrl="#buildings">
		<SimpleData name="full_id">w516537007</SimpleData>
		<SimpleData name="osm_id">516537007</SimpleData>
		<SimpleData name="osm_type">way</SimpleData>
		<SimpleData name="building">yes</SimpleData>
	</SchemaData></ExtendedData>
      <MultiGeometry><Polygon><outerBoundaryIs><LinearRing><coordinates>80.215325,6.028516 80.215364,6.0284823 80.215307,6.028417 80.215268,6.0284576 80.215325,6.028516</coordinates></LinearRing></outerBoundaryIs></Polygon></MultiGeometry>
  </Placemark>
  <Placemark id="buildings.261">
	<Style><LineStyle><color>ff0000ff</color></LineStyle><PolyStyle><fill>0</fill></PolyStyle></Style>
	<ExtendedData><SchemaData schemaUrl="#buildings">
		<SimpleData name="full_id">w516537006</SimpleData>
		<SimpleData name="osm_id">516537006</SimpleData>
		<SimpleData name="osm_type">way</SimpleData>
		<SimpleData name="building">yes</SimpleData>
	</SchemaData></ExtendedData>
      <MultiGeometry><Polygon><outerBoundaryIs><LinearRing><coordinates>80.2152935,6.0284039 80.2151956,6.0283119 80.2151673,6.0283417 80.2152652,6.0284337 80.2152935,6.0284039</coordinates></LinearRing></outerBoundaryIs></Polygon></MultiGeometry>
  </Placemark>
  <Placemark id="buildings.262">
	<Style><LineStyle><color>ff0000ff</color></LineStyle><PolyStyle><fill>0</fill></PolyStyle></Style>
	<ExtendedData><SchemaData schemaUrl="#buildings">
		<SimpleData name="full_id">w516537005</SimpleData>
		<SimpleData name="osm_id">516537005</SimpleData>
		<SimpleData name="osm_type">way</SimpleData>
		<SimpleData name="building">yes</SimpleData>
	</SchemaData></ExtendedData>
      <MultiGeometry><Polygon><outerBoundaryIs><LinearRing><coordinates>80.2151312,6.0282532 80.2150997,6.0282259 80.2150749,6.0282541 80.2151064,6.0282815 80.2151312,6.0282532</coordinates></LinearRing></outerBoundaryIs></Polygon></MultiGeometry>
  </Placemark>
  <Placemark id="buildings.263">
	<Style><LineStyle><color>ff0000ff</color></LineStyle><PolyStyle><fill>0</fill></PolyStyle></Style>
	<ExtendedData><SchemaData schemaUrl="#buildings">
		<SimpleData name="full_id">w507286670</SimpleData>
		<SimpleData name="osm_id">507286670</SimpleData>
		<SimpleData name="osm_type">way</SimpleData>
		<SimpleData name="building">yes</SimpleData>
	</SchemaData></ExtendedData>
      <MultiGeometry><Polygon><outerBoundaryIs><LinearRing><coordinates>80.2119809,6.0355739 80.2120894,6.0354872 80.2122545,6.0356972 80.2123506,6.0356224 80.2123282,6.0355939 80.2124893,6.0354734 80.2124034,6.0353597 80.21224,6.0354819 80.2121845,6.0354113 80.2122295,6.0353753 80.2121566,6.0352851 80.2118978,6.0354918 80.2119152,6.0355133 80.2118822,6.0355409 80.211942,6.0356118 80.2119836,6.0355771 80.2119809,6.0355739</coordinates></LinearRing></outerBoundaryIs></Polygon></MultiGeometry>
  </Placemark>
  <Placemark id="buildings.264">
	<Style><LineStyle><color>ff0000ff</color></LineStyle><PolyStyle><fill>0</fill></PolyStyle></Style>
	<ExtendedData><SchemaData schemaUrl="#buildings">
		<SimpleData name="full_id">w507286669</SimpleData>
		<SimpleData name="osm_id">507286669</SimpleData>
		<SimpleData name="osm_type">way</SimpleData>
		<SimpleData name="building">yes</SimpleData>
	</SchemaData></ExtendedData>
      <MultiGeometry><Polygon><outerBoundaryIs><LinearRing><coordinates>80.2123269,6.0350677 80.2122062,6.0351504 80.2122409,6.0352004 80.2123616,6.0351177 80.2123269,6.0350677</coordinates></LinearRing></outerBoundaryIs></Polygon></MultiGeometry>
  </Placemark>
  <Placemark id="buildings.265">
	<Style><LineStyle><color>ff0000ff</color></LineStyle><PolyStyle><fill>0</fill></PolyStyle></Style>
	<ExtendedData><SchemaData schemaUrl="#buildings">
		<SimpleData name="full_id">w516537016</SimpleData>
		<SimpleData name="osm_id">516537016</SimpleData>
		<SimpleData name="osm_type">way</SimpleData>
		<SimpleData name="building">yes</SimpleData>
	</SchemaData></ExtendedData>
      <MultiGeometry><Polygon><outerBoundaryIs><LinearRing><coordinates>80.2156368,6.0284066 80.2155885,6.0283819 80.2155586,6.0284399 80.2156068,6.0284646 80.2156368,6.0284066</coordinates></LinearRing></outerBoundaryIs></Polygon></MultiGeometry>
  </Placemark>
  <Placemark id="buildings.266">
	<Style><LineStyle><color>ff0000ff</color></LineStyle><PolyStyle><fill>0</fill></PolyStyle></Style>
	<ExtendedData><SchemaData schemaUrl="#buildings">
		<SimpleData name="full_id">w516537015</SimpleData>
		<SimpleData name="osm_id">516537015</SimpleData>
		<SimpleData name="osm_type">way</SimpleData>
		<SimpleData name="building">yes</SimpleData>
		<SimpleData name="cuisine">seafood;fish;local</SimpleData>
		<SimpleData name="internet_2">wlan</SimpleData>
		<SimpleData name="phone">+94772423442</SimpleData>
		<SimpleData name="website">https://www.facebook.com/elita.restaurant</SimpleData>
		<SimpleData name="opening_ho">Mo-Su 11:00-23:00</SimpleData>
		<SimpleData name="addr_postc">80000</SimpleData>
		<SimpleData name="addr_hou_1">34</SimpleData>
		<SimpleData name="name_en">Elita Restaurant</SimpleData>
		<SimpleData name="addr_stree">Middle Street</SimpleData>
		<SimpleData name="amenity">restaurant</SimpleData>
	</SchemaData></ExtendedData>
      <MultiGeometry><Polygon><outerBoundaryIs><LinearRing><coordinates>80.2155536,6.0284527 80.2155084,6.0285729 80.2155452,6.0285866 80.2155903,6.0284664 80.2155536,6.0284527</coordinates></LinearRing></outerBoundaryIs></Polygon></MultiGeometry>
  </Placemark>
  <Placemark id="buildings.267">
	<Style><LineStyle><color>ff0000ff</color></LineStyle><PolyStyle><fill>0</fill></PolyStyle></Style>
	<ExtendedData><SchemaData schemaUrl="#buildings">
		<SimpleData name="full_id">w516537014</SimpleData>
		<SimpleData name="osm_id">516537014</SimpleData>
		<SimpleData name="osm_type">way</SimpleData>
		<SimpleData name="building">yes</SimpleData>
	</SchemaData></ExtendedData>
      <MultiGeometry><Polygon><outerBoundaryIs><LinearRing><coordinates>80.2157515,6.0284626 80.2156556,6.0284159 80.2156344,6.0284589 80.2157303,6.0285055 80.2157515,6.0284626</coordinates></LinearRing></outerBoundaryIs></Polygon></MultiGeometry>
  </Placemark>
  <Placemark id="buildings.268">
	<Style><LineStyle><color>ff0000ff</color></LineStyle><PolyStyle><fill>0</fill></PolyStyle></Style>
	<ExtendedData><SchemaData schemaUrl="#buildings">
		<SimpleData name="full_id">w516537013</SimpleData>
		<SimpleData name="osm_id">516537013</SimpleData>
		<SimpleData name="osm_type">way</SimpleData>
		<SimpleData name="building">yes</SimpleData>
	</SchemaData></ExtendedData>
      <MultiGeometry><Polygon><outerBoundaryIs><LinearRing><coordinates>80.215791,6.0281712 80.2157018,6.0282579 80.2157507,6.0283076 80.2158399,6.028221 80.215791,6.0281712</coordinates></LinearRing></outerBoundaryIs></Polygon></MultiGeometry>
  </Placemark>
  <Placemark id="buildings.269">
	<Style><LineStyle><color>ff0000ff</color></LineStyle><PolyStyle><fill>0</fill></PolyStyle></Style>
	<ExtendedData><SchemaData schemaUrl="#buildings">
		<SimpleData name="full_id">w516537012</SimpleData>
		<SimpleData name="osm_id">516537012</SimpleData>
		<SimpleData name="osm_type">way</SimpleData>
		<SimpleData name="building">yes</SimpleData>
	</SchemaData></ExtendedData>
      <MultiGeometry><Polygon><outerBoundaryIs><LinearRing><coordinates>80.2158219,6.0283072 80.2157863,6.0282779 80.2157584,6.0283114 80.2157939,6.0283407 80.2158219,6.0283072</coordinates></LinearRing></outerBoundaryIs></Polygon></MultiGeometry>
  </Placemark>
  <Placemark id="buildings.270">
	<Style><LineStyle><color>ff0000ff</color></LineStyle><PolyStyle><fill>0</fill></PolyStyle></Style>
	<ExtendedData><SchemaData schemaUrl="#buildings">
		<SimpleData name="full_id">w516537011</SimpleData>
		<SimpleData name="osm_id">516537011</SimpleData>
		<SimpleData name="osm_type">way</SimpleData>
		<SimpleData name="building">yes</SimpleData>
	</SchemaData></ExtendedData>
      <MultiGeometry><Polygon><outerBoundaryIs><LinearRing><coordinates>80.2159064,6.0283613 80.2158353,6.0283046 80.2157826,6.0283699 80.2158537,6.0284266 80.2159064,6.0283613</coordinates></LinearRing></outerBoundaryIs></Polygon></MultiGeometry>
  </Placemark>
  <Placemark id="buildings.271">
	<Style><LineStyle><color>ff0000ff</color></LineStyle><PolyStyle><fill>0</fill></PolyStyle></Style>
	<ExtendedData><SchemaData schemaUrl="#buildings">
		<SimpleData name="full_id">w516537010</SimpleData>
		<SimpleData name="osm_id">516537010</SimpleData>
		<SimpleData name="osm_type">way</SimpleData>
		<SimpleData name="building">yes</SimpleData>
	</SchemaData></ExtendedData>
      <MultiGeometry><Polygon><outerBoundaryIs><LinearRing><coordinates>80.2158842,6.0282378 80.2159393,6.0281874 80.2158626,6.0281053 80.2158078,6.0281558 80.2158842,6.0282378</coordinates></LinearRing></outerBoundaryIs></Polygon></MultiGeometry>
  </Placemark>
  <Placemark id="buildings.272">
	<Style><LineStyle><color>ff0000ff</color></LineStyle><PolyStyle><fill>0</fill></PolyStyle></Style>
	<ExtendedData><SchemaData schemaUrl="#buildings">
		<SimpleData name="full_id">w516537009</SimpleData>
		<SimpleData name="osm_id">516537009</SimpleData>
		<SimpleData name="osm_type">way</SimpleData>
		<SimpleData name="building">yes</SimpleData>
	</SchemaData></ExtendedData>
      <MultiGeometry><Polygon><outerBoundaryIs><LinearRing><coordinates>80.2151828,6.0283746 80.215093,6.0284653 80.2151357,6.0285071 80.2152255,6.0284164 80.2151828,6.0283746</coordinates></LinearRing></outerBoundaryIs></Polygon></MultiGeometry>
  </Placemark>
  <Placemark id="buildings.273">
	<Style><LineStyle><color>ff0000ff</color></LineStyle><PolyStyle><fill>0</fill></PolyStyle></Style>
	<ExtendedData><SchemaData schemaUrl="#buildings">
		<SimpleData name="full_id">w516537024</SimpleData>
		<SimpleData name="osm_id">516537024</SimpleData>
		<SimpleData name="osm_type">way</SimpleData>
		<SimpleData name="building">yes</SimpleData>
	</SchemaData></ExtendedData>
      <MultiGeometry><Polygon><outerBoundaryIs><LinearRing><coordinates>80.2160914,6.0289801 80.2161101,6.02891 80.2159888,6.028878 80.2159701,6.0289481 80.2160914,6.0289801</coordinates></LinearRing></outerBoundaryIs></Polygon></MultiGeometry>
  </Placemark>
  <Placemark id="buildings.274">
	<Style><LineStyle><color>ff0000ff</color></LineStyle><PolyStyle><fill>0</fill></PolyStyle></Style>
	<ExtendedData><SchemaData schemaUrl="#buildings">
		<SimpleData name="full_id">w516537023</SimpleData>
		<SimpleData name="osm_id">516537023</SimpleData>
		<SimpleData name="osm_type">way</SimpleData>
		<SimpleData name="building">yes</SimpleData>
	</SchemaData></ExtendedData>
      <MultiGeometry><Polygon><outerBoundaryIs><LinearRing><coordinates>80.2159599,6.028942 80.2159248,6.0289365 80.2159279,6.0289173 80.2159591,6.0289222 80.2159662,6.0288776 80.2159346,6.0288726 80.2159359,6.0288642 80.2158885,6.0288567 80.2158505,6.0290938 80.2158996,6.0291016 80.2159042,6.0290727 80.215938,6.0290781 80.2159599,6.028942</coordinates></LinearRing></outerBoundaryIs></Polygon></MultiGeometry>
  </Placemark>
  <Placemark id="buildings.275">
	<Style><LineStyle><color>ff0000ff</color></LineStyle><PolyStyle><fill>0</fill></PolyStyle></Style>
	<ExtendedData><SchemaData schemaUrl="#buildings">
		<SimpleData name="full_id">w516537022</SimpleData>
		<SimpleData name="osm_id">516537022</SimpleData>
		<SimpleData name="osm_type">way</SimpleData>
		<SimpleData name="building">yes</SimpleData>
	</SchemaData></ExtendedData>
      <MultiGeometry><Polygon><outerBoundaryIs><LinearRing><coordinates>80.2159629,6.0291619 80.2159649,6.0291926 80.216039,6.0291879 80.216037,6.0291577 80.2160916,6.0291542 80.2160886,6.0291085 80.2159532,6.0291171 80.2159561,6.0291623 80.2159629,6.0291619</coordinates></LinearRing></outerBoundaryIs></Polygon></MultiGeometry>
  </Placemark>
  <Placemark id="buildings.276">
	<Style><LineStyle><color>ff0000ff</color></LineStyle><PolyStyle><fill>0</fill></PolyStyle></Style>
	<ExtendedData><SchemaData schemaUrl="#buildings">
		<SimpleData name="full_id">w516537021</SimpleData>
		<SimpleData name="osm_id">516537021</SimpleData>
		<SimpleData name="osm_type">way</SimpleData>
		<SimpleData name="building">yes</SimpleData>
	</SchemaData></ExtendedData>
      <MultiGeometry><Polygon><outerBoundaryIs><LinearRing><coordinates>80.2160371,6.0292028 80.2159654,6.0292155 80.2159787,6.0292901 80.2160504,6.0292774 80.2160371,6.0292028</coordinates></LinearRing></outerBoundaryIs></Polygon></MultiGeometry>
  </Placemark>
  <Placemark id="buildings.277">
	<Style><LineStyle><color>ff0000ff</color></LineStyle><PolyStyle><fill>0</fill></PolyStyle></Style>
	<ExtendedData><SchemaData schemaUrl="#buildings">
		<SimpleData name="full_id">w516537020</SimpleData>
		<SimpleData name="osm_id">516537020</SimpleData>
		<SimpleData name="osm_type">way</SimpleData>
		<SimpleData name="building">yes</SimpleData>
	</SchemaData></ExtendedData>
      <MultiGeometry><Polygon><outerBoundaryIs><LinearRing><coordinates>80.2161001,6.0292908 80.2159975,6.0292955 80.2159993,6.0293343 80.2161019,6.0293297 80.2161001,6.0292908</coordinates></LinearRing></outerBoundaryIs></Polygon></MultiGeometry>
  </Placemark>
  <Placemark id="buildings.278">
	<Style><LineStyle><color>ff0000ff</color></LineStyle><PolyStyle><fill>0</fill></PolyStyle></Style>
	<ExtendedData><SchemaData schemaUrl="#buildings">
		<SimpleData name="full_id">w516537019</SimpleData>
		<SimpleData name="osm_id">516537019</SimpleData>
		<SimpleData name="osm_type">way</SimpleData>
		<SimpleData name="building">yes</SimpleData>
	</SchemaData></ExtendedData>
      <MultiGeometry><Polygon><outerBoundaryIs><LinearRing><coordinates>80.2160794,6.0292775 80.2161339,6.0292831 80.2161426,6.0291991 80.2160881,6.0291935 80.2160794,6.0292775</coordinates></LinearRing></outerBoundaryIs></Polygon></MultiGeometry>
  </Placemark>
  <Placemark id="buildings.279">
	<Style><LineStyle><color>ff0000ff</color></LineStyle><PolyStyle><fill>0</fill></PolyStyle></Style>
	<ExtendedData><SchemaData schemaUrl="#buildings">
		<SimpleData name="full_id">w516537018</SimpleData>
		<SimpleData name="osm_id">516537018</SimpleData>
		<SimpleData name="osm_type">way</SimpleData>
		<SimpleData name="building">yes</SimpleData>
	</SchemaData></ExtendedData>
      <MultiGeometry><Polygon><outerBoundaryIs><LinearRing><coordinates>80.2157186,6.0285106 80.2155986,6.0284706 80.2155604,6.0285839 80.2156804,6.0286239 80.2157186,6.0285106</coordinates></LinearRing></outerBoundaryIs></Polygon></MultiGeometry>
  </Placemark>
  <Placemark id="buildings.280">
	<Style><LineStyle><color>ff0000ff</color></LineStyle><PolyStyle><fill>0</fill></PolyStyle></Style>
	<ExtendedData><SchemaData schemaUrl="#buildings">
		<SimpleData name="full_id">w516537017</SimpleData>
		<SimpleData name="osm_id">516537017</SimpleData>
		<SimpleData name="osm_type">way</SimpleData>
		<SimpleData name="building">yes</SimpleData>
	</SchemaData></ExtendedData>
      <MultiGeometry><Polygon><outerBoundaryIs><LinearRing><coordinates>80.2158849,6.0286073 80.2157287,6.0285687 80.215716,6.0286191 80.2158723,6.0286577 80.2158849,6.0286073</coordinates></LinearRing></outerBoundaryIs></Polygon></MultiGeometry>
  </Placemark>
  <Placemark id="buildings.281">
	<Style><LineStyle><color>ff0000ff</color></LineStyle><PolyStyle><fill>0</fill></PolyStyle></Style>
	<ExtendedData><SchemaData schemaUrl="#buildings">
		<SimpleData name="full_id">w495401571</SimpleData>
		<SimpleData name="osm_id">495401571</SimpleData>
		<SimpleData name="osm_type">way</SimpleData>
		<SimpleData name="building">yes</SimpleData>
	</SchemaData></ExtendedData>
      <MultiGeometry><Polygon><outerBoundaryIs><LinearRing><coordinates>80.2122458,6.0334146 80.2121864,6.0334675 80.2122387,6.0335256 80.2122981,6.0334726 80.2122458,6.0334146</coordinates></LinearRing></outerBoundaryIs></Polygon></MultiGeometry>
  </Placemark>
  <Placemark id="buildings.282">
	<Style><LineStyle><color>ff0000ff</color></LineStyle><PolyStyle><fill>0</fill></PolyStyle></Style>
	<ExtendedData><SchemaData schemaUrl="#buildings">
		<SimpleData name="full_id">w495401570</SimpleData>
		<SimpleData name="osm_id">495401570</SimpleData>
		<SimpleData name="osm_type">way</SimpleData>
		<SimpleData name="building">yes</SimpleData>
	</SchemaData></ExtendedData>
      <MultiGeometry><Polygon><outerBoundaryIs><LinearRing><coordinates>80.2122022,6.0335219 80.2121385,6.0334446 80.2120913,6.0334831 80.212155,6.0335604 80.2122022,6.0335219</coordinates></LinearRing></outerBoundaryIs></Polygon></MultiGeometry>
  </Placemark>
  <Placemark id="buildings.283">
	<Style><LineStyle><color>ff0000ff</color></LineStyle><PolyStyle><fill>0</fill></PolyStyle></Style>
	<ExtendedData><SchemaData schemaUrl="#buildings">
		<SimpleData name="full_id">w495401569</SimpleData>
		<SimpleData name="osm_id">495401569</SimpleData>
		<SimpleData name="osm_type">way</SimpleData>
		<SimpleData name="building">yes</SimpleData>
	</SchemaData></ExtendedData>
      <MultiGeometry><Polygon><outerBoundaryIs><LinearRing><coordinates>80.2120695,6.0335066 80.2119997,6.0334219 80.2119411,6.0334696 80.2120108,6.0335543 80.2120695,6.0335066</coordinates></LinearRing></outerBoundaryIs></Polygon></MultiGeometry>
  </Placemark>
  <Placemark id="buildings.284">
	<Style><LineStyle><color>ff0000ff</color></LineStyle><PolyStyle><fill>0</fill></PolyStyle></Style>
	<ExtendedData><SchemaData schemaUrl="#buildings">
		<SimpleData name="full_id">w495401568</SimpleData>
		<SimpleData name="osm_id">495401568</SimpleData>
		<SimpleData name="osm_type">way</SimpleData>
		<SimpleData name="building">yes</SimpleData>
	</SchemaData></ExtendedData>
      <MultiGeometry><Polygon><outerBoundaryIs><LinearRing><coordinates>80.2118717,6.0334554 80.2118818,6.0334451 80.211823,6.0333877 80.2117507,6.0334611 80.211802,6.0335111 80.2117772,6.0335363 80.211835,6.0335926 80.211838,6.0335895 80.2118936,6.0336437 80.2119454,6.0335911 80.2118938,6.0335409 80.2119259,6.0335083 80.2118717,6.0334554</coordinates></LinearRing></outerBoundaryIs></Polygon></MultiGeometry>
  </Placemark>
  <Placemark id="buildings.285">
	<Style><LineStyle><color>ff0000ff</color></LineStyle><PolyStyle><fill>0</fill></PolyStyle></Style>
	<ExtendedData><SchemaData schemaUrl="#buildings">
		<SimpleData name="full_id">w495401567</SimpleData>
		<SimpleData name="osm_id">495401567</SimpleData>
		<SimpleData name="osm_type">way</SimpleData>
		<SimpleData name="building">yes</SimpleData>
	</SchemaData></ExtendedData>
      <MultiGeometry><Polygon><outerBoundaryIs><LinearRing><coordinates>80.2120983,6.0335393 80.211993,6.0335993 80.2120176,6.0336419 80.2121228,6.0335819 80.2120983,6.0335393</coordinates></LinearRing></outerBoundaryIs></Polygon></MultiGeometry>
  </Placemark>
  <Placemark id="buildings.286">
	<Style><LineStyle><color>ff0000ff</color></LineStyle><PolyStyle><fill>0</fill></PolyStyle></Style>
	<ExtendedData><SchemaData schemaUrl="#buildings">
		<SimpleData name="full_id">w495401566</SimpleData>
		<SimpleData name="osm_id">495401566</SimpleData>
		<SimpleData name="osm_type">way</SimpleData>
		<SimpleData name="building">yes</SimpleData>
	</SchemaData></ExtendedData>
      <MultiGeometry><Polygon><outerBoundaryIs><LinearRing><coordinates>80.2119454,6.0336406 80.2118907,6.0336707 80.2119189,6.0337214 80.2119736,6.0336913 80.2119454,6.0336406</coordinates></LinearRing></outerBoundaryIs></Polygon></MultiGeometry>
  </Placemark>
  <Placemark id="buildings.287">
	<Style><LineStyle><color>ff0000ff</color></LineStyle><PolyStyle><fill>0</fill></PolyStyle></Style>
	<ExtendedData><SchemaData schemaUrl="#buildings">
		<SimpleData name="full_id">w495401565</SimpleData>
		<SimpleData name="osm_id">495401565</SimpleData>
		<SimpleData name="osm_type">way</SimpleData>
		<SimpleData name="building">yes</SimpleData>
	</SchemaData></ExtendedData>
      <MultiGeometry><Polygon><outerBoundaryIs><LinearRing><coordinates>80.2119058,6.0337327 80.2118757,6.033688 80.211824,6.0337225 80.2118542,6.0337672 80.2119058,6.0337327</coordinates></LinearRing></outerBoundaryIs></Polygon></MultiGeometry>
  </Placemark>
  <Placemark id="buildings.288">
	<Style><LineStyle><color>ff0000ff</color></LineStyle><PolyStyle><fill>0</fill></PolyStyle></Style>
	<ExtendedData><SchemaData schemaUrl="#buildings">
		<SimpleData name="full_id">w495401564</SimpleData>
		<SimpleData name="osm_id">495401564</SimpleData>
		<SimpleData name="osm_type">way</SimpleData>
		<SimpleData name="building">yes</SimpleData>
	</SchemaData></ExtendedData>
      <MultiGeometry><Polygon><outerBoundaryIs><LinearRing><coordinates>80.2122585,6.0336533 80.2122136,6.0335926 80.212177,6.0336194 80.2122219,6.0336801 80.2122585,6.0336533</coordinates></LinearRing></outerBoundaryIs></Polygon></MultiGeometry>
  </Placemark>
  <Placemark id="buildings.289">
	<Style><LineStyle><color>ff0000ff</color></LineStyle><PolyStyle><fill>0</fill></PolyStyle></Style>
	<ExtendedData><SchemaData schemaUrl="#buildings">
		<SimpleData name="full_id">w495401581</SimpleData>
		<SimpleData name="osm_id">495401581</SimpleData>
		<SimpleData name="osm_type">way</SimpleData>
		<SimpleData name="building">yes</SimpleData>
	</SchemaData></ExtendedData>
      <MultiGeometry><Polygon><outerBoundaryIs><LinearRing><coordinates>80.2121016,6.0327351 80.2120292,6.0329551 80.2121132,6.0329825 80.2121856,6.0327624 80.2121016,6.0327351</coordinates></LinearRing></outerBoundaryIs></Polygon></MultiGeometry>
  </Placemark>
  <Placemark id="buildings.290">
	<Style><LineStyle><color>ff0000ff</color></LineStyle><PolyStyle><fill>0</fill></PolyStyle></Style>
	<ExtendedData><SchemaData schemaUrl="#buildings">
		<SimpleData name="full_id">w495401579</SimpleData>
		<SimpleData name="osm_id">495401579</SimpleData>
		<SimpleData name="osm_type">way</SimpleData>
		<SimpleData name="building">yes</SimpleData>
		<SimpleData name="image">https://photos.app.goo.gl/GVbtiWjjR4MrtGf68</SimpleData>
		<SimpleData name="religion">buddhist</SimpleData>
		<SimpleData name="amenity">place_of_worship</SimpleData>
	</SchemaData></ExtendedData>
      <MultiGeometry><Polygon><outerBoundaryIs><LinearRing><coordinates>80.2120091,6.0329897 80.2119735,6.0330991 80.2120104,6.033108 80.2120313,6.0331087 80.2120468,6.0330998 80.2120563,6.0330871 80.212063,6.033077 80.2120676,6.0330552 80.2120627,6.0330359 80.2120556,6.0330214 80.212039,6.0330045 80.2120091,6.0329897</coordinates></LinearRing></outerBoundaryIs></Polygon></MultiGeometry>
  </Placemark>
  <Placemark id="buildings.291">
	<Style><LineStyle><color>ff0000ff</color></LineStyle><PolyStyle><fill>0</fill></PolyStyle></Style>
	<ExtendedData><SchemaData schemaUrl="#buildings">
		<SimpleData name="full_id">w495401577</SimpleData>
		<SimpleData name="osm_id">495401577</SimpleData>
		<SimpleData name="osm_type">way</SimpleData>
		<SimpleData name="building">yes</SimpleData>
	</SchemaData></ExtendedData>
      <MultiGeometry><Polygon><outerBoundaryIs><LinearRing><coordinates>80.2120768,6.0332105 80.2119776,6.0331145 80.2118684,6.0332261 80.2119677,6.0333221 80.2120768,6.0332105</coordinates></LinearRing></outerBoundaryIs></Polygon></MultiGeometry>
  </Placemark>
  <Placemark id="buildings.292">
	<Style><LineStyle><color>ff0000ff</color></LineStyle><PolyStyle><fill>0</fill></PolyStyle></Style>
	<ExtendedData><SchemaData schemaUrl="#buildings">
		<SimpleData name="full_id">w495401576</SimpleData>
		<SimpleData name="osm_id">495401576</SimpleData>
		<SimpleData name="osm_type">way</SimpleData>
		<SimpleData name="building">yes</SimpleData>
	</SchemaData></ExtendedData>
      <MultiGeometry><Polygon><outerBoundaryIs><LinearRing><coordinates>80.212113,6.0332232 80.2120453,6.0332739 80.2120739,6.0333116 80.2121416,6.0332609 80.212113,6.0332232</coordinates></LinearRing></outerBoundaryIs></Polygon></MultiGeometry>
  </Placemark>
  <Placemark id="buildings.293">
	<Style><LineStyle><color>ff0000ff</color></LineStyle><PolyStyle><fill>0</fill></PolyStyle></Style>
	<ExtendedData><SchemaData schemaUrl="#buildings">
		<SimpleData name="full_id">w495401574</SimpleData>
		<SimpleData name="osm_id">495401574</SimpleData>
		<SimpleData name="osm_type">way</SimpleData>
		<SimpleData name="building">yes</SimpleData>
	</SchemaData></ExtendedData>
      <MultiGeometry><Polygon><outerBoundaryIs><LinearRing><coordinates>80.2121526,6.0332439 80.2122048,6.0332078 80.2121605,6.0331445 80.2121083,6.0331805 80.2121526,6.0332439</coordinates></LinearRing></outerBoundaryIs></Polygon></MultiGeometry>
  </Placemark>
  <Placemark id="buildings.294">
	<Style><LineStyle><color>ff0000ff</color></LineStyle><PolyStyle><fill>0</fill></PolyStyle></Style>
	<ExtendedData><SchemaData schemaUrl="#buildings">
		<SimpleData name="full_id">w495401573</SimpleData>
		<SimpleData name="osm_id">495401573</SimpleData>
		<SimpleData name="osm_type">way</SimpleData>
		<SimpleData name="building">yes</SimpleData>
	</SchemaData></ExtendedData>
      <MultiGeometry><Polygon><outerBoundaryIs><LinearRing><coordinates>80.2124054,6.0332565 80.2123384,6.0333172 80.2123994,6.0333839 80.2124664,6.0333232 80.2124054,6.0332565</coordinates></LinearRing></outerBoundaryIs></Polygon></MultiGeometry>
  </Placemark>
  <Placemark id="buildings.295">
	<Style><LineStyle><color>ff0000ff</color></LineStyle><PolyStyle><fill>0</fill></PolyStyle></Style>
	<ExtendedData><SchemaData schemaUrl="#buildings">
		<SimpleData name="full_id">w495401572</SimpleData>
		<SimpleData name="osm_id">495401572</SimpleData>
		<SimpleData name="osm_type">way</SimpleData>
		<SimpleData name="building">yes</SimpleData>
	</SchemaData></ExtendedData>
      <MultiGeometry><Polygon><outerBoundaryIs><LinearRing><coordinates>80.2123746,6.0333992 80.2123088,6.0333372 80.2122526,6.0333962 80.2123183,6.0334582 80.2123746,6.0333992</coordinates></LinearRing></outerBoundaryIs></Polygon></MultiGeometry>
  </Placemark>
  <Placemark id="buildings.296">
	<Style><LineStyle><color>ff0000ff</color></LineStyle><PolyStyle><fill>0</fill></PolyStyle></Style>
	<ExtendedData><SchemaData schemaUrl="#buildings">
		<SimpleData name="full_id">w507286639</SimpleData>
		<SimpleData name="osm_id">507286639</SimpleData>
		<SimpleData name="osm_type">way</SimpleData>
		<SimpleData name="building">yes</SimpleData>
	</SchemaData></ExtendedData>
      <MultiGeometry><Polygon><outerBoundaryIs><LinearRing><coordinates>80.2129412,6.034885 80.2130125,6.0348637 80.2129803,6.034757 80.212909,6.0347783 80.2129412,6.034885</coordinates></LinearRing></outerBoundaryIs></Polygon></MultiGeometry>
  </Placemark>
  <Placemark id="buildings.297">
	<Style><LineStyle><color>ff0000ff</color></LineStyle><PolyStyle><fill>0</fill></PolyStyle></Style>
	<ExtendedData><SchemaData schemaUrl="#buildings">
		<SimpleData name="full_id">w507286638</SimpleData>
		<SimpleData name="osm_id">507286638</SimpleData>
		<SimpleData name="osm_type">way</SimpleData>
		<SimpleData name="building">yes</SimpleData>
	</SchemaData></ExtendedData>
      <MultiGeometry><Polygon><outerBoundaryIs><LinearRing><coordinates>80.2130498,6.0349143 80.2130228,6.0348687 80.2129544,6.0349087 80.2129814,6.0349543 80.2130498,6.0349143</coordinates></LinearRing></outerBoundaryIs></Polygon></MultiGeometry>
  </Placemark>
  <Placemark id="buildings.298">
	<Style><LineStyle><color>ff0000ff</color></LineStyle><PolyStyle><fill>0</fill></PolyStyle></Style>
	<ExtendedData><SchemaData schemaUrl="#buildings">
		<SimpleData name="full_id">w507286637</SimpleData>
		<SimpleData name="osm_id">507286637</SimpleData>
		<SimpleData name="osm_type">way</SimpleData>
		<SimpleData name="building">yes</SimpleData>
	</SchemaData></ExtendedData>
      <MultiGeometry><Polygon><outerBoundaryIs><LinearRing><coordinates>80.2129546,6.0350677 80.2129264,6.0349676 80.2128465,6.0349899 80.2128747,6.0350899 80.2129546,6.0350677</coordinates></LinearRing></outerBoundaryIs></Polygon></MultiGeometry>
  </Placemark>
  <Placemark id="buildings.299">
	<Style><LineStyle><color>ff0000ff</color></LineStyle><PolyStyle><fill>0</fill></PolyStyle></Style>
	<ExtendedData><SchemaData schemaUrl="#buildings">
		<SimpleData name="full_id">w507286636</SimpleData>
		<SimpleData name="osm_id">507286636</SimpleData>
		<SimpleData name="osm_type">way</SimpleData>
		<SimpleData name="building">yes</SimpleData>
	</SchemaData></ExtendedData>
      <MultiGeometry><Polygon><outerBoundaryIs><LinearRing><coordinates>80.2131021,6.0350143 80.2129787,6.035069 80.2130086,6.0351356 80.2131319,6.0350809 80.2131021,6.0350143</coordinates></LinearRing></outerBoundaryIs></Polygon></MultiGeometry>
  </Placemark>
  <Placemark id="buildings.300">
	<Style><LineStyle><color>ff0000ff</color></LineStyle><PolyStyle><fill>0</fill></PolyStyle></Style>
	<ExtendedData><SchemaData schemaUrl="#buildings">
		<SimpleData name="full_id">w507286635</SimpleData>
		<SimpleData name="osm_id">507286635</SimpleData>
		<SimpleData name="osm_type">way</SimpleData>
		<SimpleData name="building">yes</SimpleData>
	</SchemaData></ExtendedData>
      <MultiGeometry><Polygon><outerBoundaryIs><LinearRing><coordinates>80.213023,6.0349476 80.2129519,6.0349783 80.2129849,6.035054 80.213056,6.0350233 80.213023,6.0349476</coordinates></LinearRing></outerBoundaryIs></Polygon></MultiGeometry>
  </Placemark>
  <Placemark id="buildings.301">
	<Style><LineStyle><color>ff0000ff</color></LineStyle><PolyStyle><fill>0</fill></PolyStyle></Style>
	<ExtendedData><SchemaData schemaUrl="#buildings">
		<SimpleData name="full_id">w507286634</SimpleData>
		<SimpleData name="osm_id">507286634</SimpleData>
		<SimpleData name="osm_type">way</SimpleData>
		<SimpleData name="building">yes</SimpleData>
	</SchemaData></ExtendedData>
      <MultiGeometry><Polygon><outerBoundaryIs><LinearRing><coordinates>80.2118629,6.0350103 80.2116497,6.0346356 80.2115713,6.0346797 80.2117845,6.0350544 80.2118629,6.0350103</coordinates></LinearRing></outerBoundaryIs></Polygon></MultiGeometry>
  </Placemark>
  <Placemark id="buildings.302">
	<Style><LineStyle><color>ff0000ff</color></LineStyle><PolyStyle><fill>0</fill></PolyStyle></Style>
	<ExtendedData><SchemaData schemaUrl="#buildings">
		<SimpleData name="full_id">w507286633</SimpleData>
		<SimpleData name="osm_id">507286633</SimpleData>
		<SimpleData name="osm_type">way</SimpleData>
		<SimpleData name="building">yes</SimpleData>
	</SchemaData></ExtendedData>
      <MultiGeometry><Polygon><outerBoundaryIs><LinearRing><coordinates>80.2121137,6.0348223 80.2121976,6.0347655 80.2119777,6.0344441 80.2118938,6.0345009 80.2121137,6.0348223</coordinates></LinearRing></outerBoundaryIs></Polygon></MultiGeometry>
  </Placemark>
  <Placemark id="buildings.303">
	<Style><LineStyle><color>ff0000ff</color></LineStyle><PolyStyle><fill>0</fill></PolyStyle></Style>
	<ExtendedData><SchemaData schemaUrl="#buildings">
		<SimpleData name="full_id">w495401589</SimpleData>
		<SimpleData name="osm_id">495401589</SimpleData>
		<SimpleData name="osm_type">way</SimpleData>
		<SimpleData name="building">yes</SimpleData>
	</SchemaData></ExtendedData>
      <MultiGeometry><Polygon><outerBoundaryIs><LinearRing><coordinates>80.2137257,6.0354584 80.2138404,6.035415 80.213723,6.0351087 80.2136083,6.0351522 80.2137257,6.0354584</coordinates></LinearRing></outerBoundaryIs></Polygon></MultiGeometry>
  </Placemark>
  <Placemark id="buildings.304">
	<Style><LineStyle><color>ff0000ff</color></LineStyle><PolyStyle><fill>0</fill></PolyStyle></Style>
	<ExtendedData><SchemaData schemaUrl="#buildings">
		<SimpleData name="full_id">w507286643</SimpleData>
		<SimpleData name="osm_id">507286643</SimpleData>
		<SimpleData name="osm_type">way</SimpleData>
		<SimpleData name="building">yes</SimpleData>
	</SchemaData></ExtendedData>
      <MultiGeometry><Polygon><outerBoundaryIs><LinearRing><coordinates>80.2135165,6.0352064 80.2133851,6.0352851 80.2134285,6.0353568 80.2135599,6.0352781 80.2135165,6.0352064</coordinates></LinearRing></outerBoundaryIs></Polygon></MultiGeometry>
  </Placemark>
  <Placemark id="buildings.305">
	<Style><LineStyle><color>ff0000ff</color></LineStyle><PolyStyle><fill>0</fill></PolyStyle></Style>
	<ExtendedData><SchemaData schemaUrl="#buildings">
		<SimpleData name="full_id">w507286641</SimpleData>
		<SimpleData name="osm_id">507286641</SimpleData>
		<SimpleData name="osm_type">way</SimpleData>
		<SimpleData name="building">yes</SimpleData>
	</SchemaData></ExtendedData>
      <MultiGeometry><Polygon><outerBoundaryIs><LinearRing><coordinates>80.2133878,6.0340207 80.2133301,6.0339207 80.2132663,6.0339571 80.2133239,6.0340571 80.2133878,6.0340207</coordinates></LinearRing></outerBoundaryIs></Polygon></MultiGeometry>
  </Placemark>
  <Placemark id="buildings.306">
	<Style><LineStyle><color>ff0000ff</color></LineStyle><PolyStyle><fill>0</fill></PolyStyle></Style>
	<ExtendedData><SchemaData schemaUrl="#buildings">
		<SimpleData name="full_id">w507286640</SimpleData>
		<SimpleData name="osm_id">507286640</SimpleData>
		<SimpleData name="osm_type">way</SimpleData>
		<SimpleData name="building">yes</SimpleData>
	</SchemaData></ExtendedData>
      <MultiGeometry><Polygon><outerBoundaryIs><LinearRing><coordinates>80.2128942,6.0349356 80.2128942,6.0348076 80.2128232,6.0348076 80.2128232,6.0349356 80.2128942,6.0349356</coordinates></LinearRing></outerBoundaryIs></Polygon></MultiGeometry>
  </Placemark>
  <Placemark id="buildings.307">
	<Style><LineStyle><color>ff0000ff</color></LineStyle><PolyStyle><fill>0</fill></PolyStyle></Style>
	<ExtendedData><SchemaData schemaUrl="#buildings">
		<SimpleData name="full_id">w516537064</SimpleData>
		<SimpleData name="osm_id">516537064</SimpleData>
		<SimpleData name="osm_type">way</SimpleData>
		<SimpleData name="building">yes</SimpleData>
	</SchemaData></ExtendedData>
      <MultiGeometry><Polygon><outerBoundaryIs><LinearRing><coordinates>80.2156086,6.0287787 80.2154712,6.0287454 80.2154452,6.0288512 80.2155827,6.0288845 80.2156086,6.0287787</coordinates></LinearRing></outerBoundaryIs></Polygon></MultiGeometry>
  </Placemark>
  <Placemark id="buildings.308">
	<Style><LineStyle><color>ff0000ff</color></LineStyle><PolyStyle><fill>0</fill></PolyStyle></Style>
	<ExtendedData><SchemaData schemaUrl="#buildings">
		<SimpleData name="full_id">w516537063</SimpleData>
		<SimpleData name="osm_id">516537063</SimpleData>
		<SimpleData name="osm_type">way</SimpleData>
		<SimpleData name="building">yes</SimpleData>
	</SchemaData></ExtendedData>
      <MultiGeometry><Polygon><outerBoundaryIs><LinearRing><coordinates>80.2155932,6.0289027 80.2154309,6.0288621 80.2154001,6.0289835 80.2155624,6.0290242 80.2155932,6.0289027</coordinates></LinearRing></outerBoundaryIs></Polygon></MultiGeometry>
  </Placemark>
  <Placemark id="buildings.309">
	<Style><LineStyle><color>ff0000ff</color></LineStyle><PolyStyle><fill>0</fill></PolyStyle></Style>
	<ExtendedData><SchemaData schemaUrl="#buildings">
		<SimpleData name="full_id">w516537062</SimpleData>
		<SimpleData name="osm_id">516537062</SimpleData>
		<SimpleData name="osm_type">way</SimpleData>
		<SimpleData name="building">yes</SimpleData>
	</SchemaData></ExtendedData>
      <MultiGeometry><Polygon><outerBoundaryIs><LinearRing><coordinates>80.2157327,6.0290148 80.2155872,6.0289788 80.2155715,6.0290412 80.215717,6.0290772 80.2157327,6.0290148</coordinates></LinearRing></outerBoundaryIs></Polygon></MultiGeometry>
  </Placemark>
  <Placemark id="buildings.310">
	<Style><LineStyle><color>ff0000ff</color></LineStyle><PolyStyle><fill>0</fill></PolyStyle></Style>
	<ExtendedData><SchemaData schemaUrl="#buildings">
		<SimpleData name="full_id">w516537061</SimpleData>
		<SimpleData name="osm_id">516537061</SimpleData>
		<SimpleData name="osm_type">way</SimpleData>
		<SimpleData name="building">yes</SimpleData>
	</SchemaData></ExtendedData>
      <MultiGeometry><Polygon><outerBoundaryIs><LinearRing><coordinates>80.2157195,6.0289256 80.2157336,6.0288742 80.2156632,6.0288552 80.2156518,6.0288967 80.2156175,6.0288875 80.2155979,6.0289592 80.2157165,6.0289912 80.2157334,6.0289293 80.2157195,6.0289256</coordinates></LinearRing></outerBoundaryIs></Polygon></MultiGeometry>
  </Placemark>
  <Placemark id="buildings.311">
	<Style><LineStyle><color>ff0000ff</color></LineStyle><PolyStyle><fill>0</fill></PolyStyle></Style>
	<ExtendedData><SchemaData schemaUrl="#buildings">
		<SimpleData name="full_id">w516537060</SimpleData>
		<SimpleData name="osm_id">516537060</SimpleData>
		<SimpleData name="osm_type">way</SimpleData>
		<SimpleData name="building">yes</SimpleData>
	</SchemaData></ExtendedData>
      <MultiGeometry><Polygon><outerBoundaryIs><LinearRing><coordinates>80.2157464,6.0289117 80.2157367,6.028943 80.2158473,6.0289769 80.2158633,6.0289251 80.2158263,6.0289138 80.2158457,6.0288512 80.2157566,6.0288239 80.2157309,6.0289069 80.2157464,6.0289117</coordinates></LinearRing></outerBoundaryIs></Polygon></MultiGeometry>
  </Placemark>
  <Placemark id="buildings.312">
	<Style><LineStyle><color>ff0000ff</color></LineStyle><PolyStyle><fill>0</fill></PolyStyle></Style>
	<ExtendedData><SchemaData schemaUrl="#buildings">
		<SimpleData name="full_id">w516537059</SimpleData>
		<SimpleData name="osm_id">516537059</SimpleData>
		<SimpleData name="osm_type">way</SimpleData>
		<SimpleData name="building">yes</SimpleData>
	</SchemaData></ExtendedData>
      <MultiGeometry><Polygon><outerBoundaryIs><LinearRing><coordinates>80.2154276,6.0299203 80.2154795,6.0299249 80.2154922,6.0297829 80.2154403,6.0297783 80.2154276,6.0299203</coordinates></LinearRing></outerBoundaryIs></Polygon></MultiGeometry>
  </Placemark>
  <Placemark id="buildings.313">
	<Style><LineStyle><color>ff0000ff</color></LineStyle><PolyStyle><fill>0</fill></PolyStyle></Style>
	<ExtendedData><SchemaData schemaUrl="#buildings">
		<SimpleData name="full_id">w516537058</SimpleData>
		<SimpleData name="osm_id">516537058</SimpleData>
		<SimpleData name="osm_type">way</SimpleData>
		<SimpleData name="building">yes</SimpleData>
	</SchemaData></ExtendedData>
      <MultiGeometry><Polygon><outerBoundaryIs><LinearRing><coordinates>80.2146276,6.0297536 80.2145624,6.029747 80.2145564,6.0298057 80.2146216,6.0298123 80.2146276,6.0297536</coordinates></LinearRing></outerBoundaryIs></Polygon></MultiGeometry>
  </Placemark>
  <Placemark id="buildings.314">
	<Style><LineStyle><color>ff0000ff</color></LineStyle><PolyStyle><fill>0</fill></PolyStyle></Style>
	<ExtendedData><SchemaData schemaUrl="#buildings">
		<SimpleData name="full_id">w516537057</SimpleData>
		<SimpleData name="osm_id">516537057</SimpleData>
		<SimpleData name="osm_type">way</SimpleData>
		<SimpleData name="building">yes</SimpleData>
	</SchemaData></ExtendedData>
      <MultiGeometry><Polygon><outerBoundaryIs><LinearRing><coordinates>80.2144855,6.029749 80.2144057,6.0297401 80.214397,6.0298182 80.2144767,6.029827 80.2144855,6.029749</coordinates></LinearRing></outerBoundaryIs></Polygon></MultiGeometry>
  </Placemark>
  <Placemark id="buildings.315">
	<Style><LineStyle><color>ff0000ff</color></LineStyle><PolyStyle><fill>0</fill></PolyStyle></Style>
	<ExtendedData><SchemaData schemaUrl="#buildings">
		<SimpleData name="full_id">w516537072</SimpleData>
		<SimpleData name="osm_id">516537072</SimpleData>
		<SimpleData name="osm_type">way</SimpleData>
		<SimpleData name="building">yes</SimpleData>
	</SchemaData></ExtendedData>
      <MultiGeometry><Polygon><outerBoundaryIs><LinearRing><coordinates>80.2163449,6.0290801 80.2164059,6.0290871 80.2164153,6.0290057 80.2163543,6.0289988 80.2163449,6.0290801</coordinates></LinearRing></outerBoundaryIs></Polygon></MultiGeometry>
  </Placemark>
  <Placemark id="buildings.316">
	<Style><LineStyle><color>ff0000ff</color></LineStyle><PolyStyle><fill>0</fill></PolyStyle></Style>
	<ExtendedData><SchemaData schemaUrl="#buildings">
		<SimpleData name="full_id">w516537071</SimpleData>
		<SimpleData name="osm_id">516537071</SimpleData>
		<SimpleData name="osm_type">way</SimpleData>
		<SimpleData name="building">yes</SimpleData>
	</SchemaData></ExtendedData>
      <MultiGeometry><Polygon><outerBoundaryIs><LinearRing><coordinates>80.2164562,6.0291001 80.216503,6.0291043 80.2165097,6.0290303 80.2164629,6.0290261 80.2164562,6.0291001</coordinates></LinearRing></outerBoundaryIs></Polygon></MultiGeometry>
  </Placemark>
  <Placemark id="buildings.317">
	<Style><LineStyle><color>ff0000ff</color></LineStyle><PolyStyle><fill>0</fill></PolyStyle></Style>
	<ExtendedData><SchemaData schemaUrl="#buildings">
		<SimpleData name="full_id">w516537070</SimpleData>
		<SimpleData name="osm_id">516537070</SimpleData>
		<SimpleData name="osm_type">way</SimpleData>
		<SimpleData name="building">yes</SimpleData>
	</SchemaData></ExtendedData>
      <MultiGeometry><Polygon><outerBoundaryIs><LinearRing><coordinates>80.2165145,6.0291041 80.2165568,6.0291081 80.2165628,6.0290441 80.2165206,6.0290401 80.2165145,6.0291041</coordinates></LinearRing></outerBoundaryIs></Polygon></MultiGeometry>
  </Placemark>
  <Placemark id="buildings.318">
	<Style><LineStyle><color>ff0000ff</color></LineStyle><PolyStyle><fill>0</fill></PolyStyle></Style>
	<ExtendedData><SchemaData schemaUrl="#buildings">
		<SimpleData name="full_id">w516537069</SimpleData>
		<SimpleData name="osm_id">516537069</SimpleData>
		<SimpleData name="osm_type">way</SimpleData>
		<SimpleData name="building">yes</SimpleData>
	</SchemaData></ExtendedData>
      <MultiGeometry><Polygon><outerBoundaryIs><LinearRing><coordinates>80.2166279,6.0291048 80.2166826,6.0291118 80.2166926,6.0290345 80.2166379,6.0290274 80.2166279,6.0291048</coordinates></LinearRing></outerBoundaryIs></Polygon></MultiGeometry>
  </Placemark>
  <Placemark id="buildings.319">
	<Style><LineStyle><color>ff0000ff</color></LineStyle><PolyStyle><fill>0</fill></PolyStyle></Style>
	<ExtendedData><SchemaData schemaUrl="#buildings">
		<SimpleData name="full_id">w516537068</SimpleData>
		<SimpleData name="osm_id">516537068</SimpleData>
		<SimpleData name="osm_type">way</SimpleData>
		<SimpleData name="building">yes</SimpleData>
	</SchemaData></ExtendedData>
      <MultiGeometry><Polygon><outerBoundaryIs><LinearRing><coordinates>80.2167023,6.0289654 80.2166332,6.0289588 80.2166281,6.029011 80.2166972,6.0290177 80.2167023,6.0289654</coordinates></LinearRing></outerBoundaryIs></Polygon></MultiGeometry>
  </Placemark>
  <Placemark id="buildings.320">
	<Style><LineStyle><color>ff0000ff</color></LineStyle><PolyStyle><fill>0</fill></PolyStyle></Style>
	<ExtendedData><SchemaData schemaUrl="#buildings">
		<SimpleData name="full_id">w516537067</SimpleData>
		<SimpleData name="osm_id">516537067</SimpleData>
		<SimpleData name="osm_type">way</SimpleData>
		<SimpleData name="building">yes</SimpleData>
	</SchemaData></ExtendedData>
      <MultiGeometry><Polygon><outerBoundaryIs><LinearRing><coordinates>80.216774,6.0290521 80.2167573,6.0291075 80.2168122,6.0291239 80.216829,6.0290686 80.216774,6.0290521</coordinates></LinearRing></outerBoundaryIs></Polygon></MultiGeometry>
  </Placemark>
  <Placemark id="buildings.321">
	<Style><LineStyle><color>ff0000ff</color></LineStyle><PolyStyle><fill>0</fill></PolyStyle></Style>
	<ExtendedData><SchemaData schemaUrl="#buildings">
		<SimpleData name="full_id">w516537066</SimpleData>
		<SimpleData name="osm_id">516537066</SimpleData>
		<SimpleData name="osm_type">way</SimpleData>
		<SimpleData name="building">yes</SimpleData>
	</SchemaData></ExtendedData>
      <MultiGeometry><Polygon><outerBoundaryIs><LinearRing><coordinates>80.2168733,6.0290168 80.216774,6.0289861 80.216761,6.029028 80.2168602,6.0290586 80.2168733,6.0290168</coordinates></LinearRing></outerBoundaryIs></Polygon></MultiGeometry>
  </Placemark>
  <Placemark id="buildings.322">
	<Style><LineStyle><color>ff0000ff</color></LineStyle><PolyStyle><fill>0</fill></PolyStyle></Style>
	<ExtendedData><SchemaData schemaUrl="#buildings">
		<SimpleData name="full_id">w516537065</SimpleData>
		<SimpleData name="osm_id">516537065</SimpleData>
		<SimpleData name="osm_type">way</SimpleData>
		<SimpleData name="building">yes</SimpleData>
	</SchemaData></ExtendedData>
      <MultiGeometry><Polygon><outerBoundaryIs><LinearRing><coordinates>80.2156502,6.0286253 80.2155114,6.0285893 80.2154729,6.028736 80.2156117,6.028772 80.2156502,6.0286253</coordinates></LinearRing></outerBoundaryIs></Polygon></MultiGeometry>
  </Placemark>
  <Placemark id="buildings.323">
	<Style><LineStyle><color>ff0000ff</color></LineStyle><PolyStyle><fill>0</fill></PolyStyle></Style>
	<ExtendedData><SchemaData schemaUrl="#buildings">
		<SimpleData name="full_id">w516537080</SimpleData>
		<SimpleData name="osm_id">516537080</SimpleData>
		<SimpleData name="osm_type">way</SimpleData>
		<SimpleData name="building">yes</SimpleData>
	</SchemaData></ExtendedData>
      <MultiGeometry><Polygon><outerBoundaryIs><LinearRing><coordinates>80.2164012,6.0282306 80.2164522,6.0281239 80.2163708,6.0280854 80.2163192,6.0282094 80.2164012,6.0282306</coordinates></LinearRing></outerBoundaryIs></Polygon></MultiGeometry>
  </Placemark>
  <Placemark id="buildings.324">
	<Style><LineStyle><color>ff0000ff</color></LineStyle><PolyStyle><fill>0</fill></PolyStyle></Style>
	<ExtendedData><SchemaData schemaUrl="#buildings">
		<SimpleData name="full_id">w516537079</SimpleData>
		<SimpleData name="osm_id">516537079</SimpleData>
		<SimpleData name="osm_type">way</SimpleData>
		<SimpleData name="building">yes</SimpleData>
	</SchemaData></ExtendedData>
      <MultiGeometry><Polygon><outerBoundaryIs><LinearRing><coordinates>80.2165689,6.0283399 80.2164629,6.0282872 80.2164393,6.0283342 80.2165453,6.0283869 80.2165689,6.0283399</coordinates></LinearRing></outerBoundaryIs></Polygon></MultiGeometry>
  </Placemark>
  <Placemark id="buildings.325">
	<Style><LineStyle><color>ff0000ff</color></LineStyle><PolyStyle><fill>0</fill></PolyStyle></Style>
	<ExtendedData><SchemaData schemaUrl="#buildings">
		<SimpleData name="full_id">w516537078</SimpleData>
		<SimpleData name="osm_id">516537078</SimpleData>
		<SimpleData name="osm_type">way</SimpleData>
		<SimpleData name="building">yes</SimpleData>
	</SchemaData></ExtendedData>
      <MultiGeometry><Polygon><outerBoundaryIs><LinearRing><coordinates>80.2165662,6.0285266 80.2166103,6.0285472 80.2166539,6.0284545 80.2166098,6.028434 80.2165662,6.0285266</coordinates></LinearRing></outerBoundaryIs></Polygon></MultiGeometry>
  </Placemark>
  <Placemark id="buildings.326">
	<Style><LineStyle><color>ff0000ff</color></LineStyle><PolyStyle><fill>0</fill></PolyStyle></Style>
	<ExtendedData><SchemaData schemaUrl="#buildings">
		<SimpleData name="full_id">w516537077</SimpleData>
		<SimpleData name="osm_id">516537077</SimpleData>
		<SimpleData name="osm_type">way</SimpleData>
		<SimpleData name="building">yes</SimpleData>
	</SchemaData></ExtendedData>
      <MultiGeometry><Polygon><outerBoundaryIs><LinearRing><coordinates>80.2166607,6.0284553 80.2167158,6.0284843 80.2167453,6.028429 80.2166902,6.0283999 80.2166607,6.0284553</coordinates></LinearRing></outerBoundaryIs></Polygon></MultiGeometry>
  </Placemark>
  <Placemark id="buildings.327">
	<Style><LineStyle><color>ff0000ff</color></LineStyle><PolyStyle><fill>0</fill></PolyStyle></Style>
	<ExtendedData><SchemaData schemaUrl="#buildings">
		<SimpleData name="full_id">w516537076</SimpleData>
		<SimpleData name="osm_id">516537076</SimpleData>
		<SimpleData name="osm_type">way</SimpleData>
		<SimpleData name="building">yes</SimpleData>
	</SchemaData></ExtendedData>
      <MultiGeometry><Polygon><outerBoundaryIs><LinearRing><coordinates>80.2164806,6.0284815 80.2163691,6.0284475 80.2163454,6.0285243 80.2164568,6.0285583 80.2164806,6.0284815</coordinates></LinearRing></outerBoundaryIs></Polygon></MultiGeometry>
  </Placemark>
  <Placemark id="buildings.328">
	<Style><LineStyle><color>ff0000ff</color></LineStyle><PolyStyle><fill>0</fill></PolyStyle></Style>
	<ExtendedData><SchemaData schemaUrl="#buildings">
		<SimpleData name="full_id">w516537075</SimpleData>
		<SimpleData name="osm_id">516537075</SimpleData>
		<SimpleData name="osm_type">way</SimpleData>
		<SimpleData name="building">yes</SimpleData>
	</SchemaData></ExtendedData>
      <MultiGeometry><Polygon><outerBoundaryIs><LinearRing><coordinates>80.2165534,6.028652 80.2164636,6.0286093 80.2164344,6.0286701 80.2165243,6.0287127 80.2165534,6.028652</coordinates></LinearRing></outerBoundaryIs></Polygon></MultiGeometry>
  </Placemark>
  <Placemark id="buildings.329">
	<Style><LineStyle><color>ff0000ff</color></LineStyle><PolyStyle><fill>0</fill></PolyStyle></Style>
	<ExtendedData><SchemaData schemaUrl="#buildings">
		<SimpleData name="full_id">w516537074</SimpleData>
		<SimpleData name="osm_id">516537074</SimpleData>
		<SimpleData name="osm_type">way</SimpleData>
		<SimpleData name="building">yes</SimpleData>
	</SchemaData></ExtendedData>
      <MultiGeometry><Polygon><outerBoundaryIs><LinearRing><coordinates>80.2163342,6.028706 80.2163067,6.028786 80.2163708,6.0288078 80.2163983,6.0287278 80.2163342,6.028706</coordinates></LinearRing></outerBoundaryIs></Polygon></MultiGeometry>
  </Placemark>
  <Placemark id="buildings.330">
	<Style><LineStyle><color>ff0000ff</color></LineStyle><PolyStyle><fill>0</fill></PolyStyle></Style>
	<ExtendedData><SchemaData schemaUrl="#buildings">
		<SimpleData name="full_id">w516537073</SimpleData>
		<SimpleData name="osm_id">516537073</SimpleData>
		<SimpleData name="osm_type">way</SimpleData>
		<SimpleData name="building">yes</SimpleData>
	</SchemaData></ExtendedData>
      <MultiGeometry><Polygon><outerBoundaryIs><LinearRing><coordinates>80.2162584,6.0290608 80.2163217,6.0290689 80.2163331,6.0289809 80.2162698,6.0289728 80.2162584,6.0290608</coordinates></LinearRing></outerBoundaryIs></Polygon></MultiGeometry>
  </Placemark>
  <Placemark id="buildings.331">
	<Style><LineStyle><color>ff0000ff</color></LineStyle><PolyStyle><fill>0</fill></PolyStyle></Style>
	<ExtendedData><SchemaData schemaUrl="#buildings">
		<SimpleData name="full_id">w516537088</SimpleData>
		<SimpleData name="osm_id">516537088</SimpleData>
		<SimpleData name="osm_type">way</SimpleData>
		<SimpleData name="building">yes</SimpleData>
	</SchemaData></ExtendedData>
      <MultiGeometry><Polygon><outerBoundaryIs><LinearRing><coordinates>80.2165427,6.0279438 80.2164287,6.0278911 80.216391,6.0279718 80.216505,6.0280245 80.2165427,6.0279438</coordinates></LinearRing></outerBoundaryIs></Polygon></MultiGeometry>
  </Placemark>
  <Placemark id="buildings.332">
	<Style><LineStyle><color>ff0000ff</color></LineStyle><PolyStyle><fill>0</fill></PolyStyle></Style>
	<ExtendedData><SchemaData schemaUrl="#buildings">
		<SimpleData name="full_id">w516537087</SimpleData>
		<SimpleData name="osm_id">516537087</SimpleData>
		<SimpleData name="osm_type">way</SimpleData>
		<SimpleData name="building">yes</SimpleData>
	</SchemaData></ExtendedData>
      <MultiGeometry><Polygon><outerBoundaryIs><LinearRing><coordinates>80.2166124,6.0281065 80.2166697,6.0280086 80.2165785,6.0279559 80.2165212,6.0280538 80.2166124,6.0281065</coordinates></LinearRing></outerBoundaryIs></Polygon></MultiGeometry>
  </Placemark>
  <Placemark id="buildings.333">
	<Style><LineStyle><color>ff0000ff</color></LineStyle><PolyStyle><fill>0</fill></PolyStyle></Style>
	<ExtendedData><SchemaData schemaUrl="#buildings">
		<SimpleData name="full_id">w516537086</SimpleData>
		<SimpleData name="osm_id">516537086</SimpleData>
		<SimpleData name="osm_type">way</SimpleData>
		<SimpleData name="building">yes</SimpleData>
	</SchemaData></ExtendedData>
      <MultiGeometry><Polygon><outerBoundaryIs><LinearRing><coordinates>80.2166761,6.0280332 80.2166245,6.0281045 80.2167404,6.0281874 80.216792,6.0281161 80.2166761,6.0280332</coordinates></LinearRing></outerBoundaryIs></Polygon></MultiGeometry>
  </Placemark>
  <Placemark id="buildings.334">
	<Style><LineStyle><color>ff0000ff</color></LineStyle><PolyStyle><fill>0</fill></PolyStyle></Style>
	<ExtendedData><SchemaData schemaUrl="#buildings">
		<SimpleData name="full_id">w516537085</SimpleData>
		<SimpleData name="osm_id">516537085</SimpleData>
		<SimpleData name="osm_type">way</SimpleData>
		<SimpleData name="building">yes</SimpleData>
	</SchemaData></ExtendedData>
      <MultiGeometry><Polygon><outerBoundaryIs><LinearRing><coordinates>80.2168196,6.0280485 80.2167231,6.0279818 80.2166902,6.0280289 80.2167868,6.0280956 80.2168196,6.0280485</coordinates></LinearRing></outerBoundaryIs></Polygon></MultiGeometry>
  </Placemark>
  <Placemark id="buildings.335">
	<Style><LineStyle><color>ff0000ff</color></LineStyle><PolyStyle><fill>0</fill></PolyStyle></Style>
	<ExtendedData><SchemaData schemaUrl="#buildings">
		<SimpleData name="full_id">w516537084</SimpleData>
		<SimpleData name="osm_id">516537084</SimpleData>
		<SimpleData name="osm_type">way</SimpleData>
		<SimpleData name="building">yes</SimpleData>
	</SchemaData></ExtendedData>
      <MultiGeometry><Polygon><outerBoundaryIs><LinearRing><coordinates>80.2166346,6.0279565 80.2166701,6.0278418 80.2166098,6.0278233 80.2165742,6.027938 80.2166346,6.0279565</coordinates></LinearRing></outerBoundaryIs></Polygon></MultiGeometry>
  </Placemark>
  <Placemark id="buildings.336">
	<Style><LineStyle><color>ff0000ff</color></LineStyle><PolyStyle><fill>0</fill></PolyStyle></Style>
	<ExtendedData><SchemaData schemaUrl="#buildings">
		<SimpleData name="full_id">w516537083</SimpleData>
		<SimpleData name="osm_id">516537083</SimpleData>
		<SimpleData name="osm_type">way</SimpleData>
		<SimpleData name="building">yes</SimpleData>
	</SchemaData></ExtendedData>
      <MultiGeometry><Polygon><outerBoundaryIs><LinearRing><coordinates>80.2168975,6.0285329 80.2167299,6.0284964 80.2167228,6.0285285 80.2167189,6.0285276 80.2166643,6.0287759 80.2167903,6.0288033 80.2168297,6.0286243 80.2168752,6.0286342 80.2168975,6.0285329</coordinates></LinearRing></outerBoundaryIs></Polygon></MultiGeometry>
  </Placemark>
  <Placemark id="buildings.337">
	<Style><LineStyle><color>ff0000ff</color></LineStyle><PolyStyle><fill>0</fill></PolyStyle></Style>
	<ExtendedData><SchemaData schemaUrl="#buildings">
		<SimpleData name="full_id">w516537082</SimpleData>
		<SimpleData name="osm_id">516537082</SimpleData>
		<SimpleData name="osm_type">way</SimpleData>
		<SimpleData name="building">yes</SimpleData>
	</SchemaData></ExtendedData>
      <MultiGeometry><Polygon><outerBoundaryIs><LinearRing><coordinates>80.216998,6.0284139 80.2166238,6.0282072 80.216562,6.028318 80.2169361,6.0285247 80.216998,6.0284139</coordinates></LinearRing></outerBoundaryIs></Polygon></MultiGeometry>
  </Placemark>
  <Placemark id="buildings.338">
	<Style><LineStyle><color>ff0000ff</color></LineStyle><PolyStyle><fill>0</fill></PolyStyle></Style>
	<ExtendedData><SchemaData schemaUrl="#buildings">
		<SimpleData name="full_id">w516537081</SimpleData>
		<SimpleData name="osm_id">516537081</SimpleData>
		<SimpleData name="osm_type">way</SimpleData>
		<SimpleData name="building">yes</SimpleData>
	</SchemaData></ExtendedData>
      <MultiGeometry><Polygon><outerBoundaryIs><LinearRing><coordinates>80.216599,6.0282139 80.2164589,6.0281379 80.2164041,6.0282377 80.2164196,6.0282489 80.2165443,6.0283137 80.216599,6.0282139</coordinates></LinearRing></outerBoundaryIs></Polygon></MultiGeometry>
  </Placemark>
  <Placemark id="buildings.339">
	<Style><LineStyle><color>ff0000ff</color></LineStyle><PolyStyle><fill>0</fill></PolyStyle></Style>
	<ExtendedData><SchemaData schemaUrl="#buildings">
		<SimpleData name="full_id">w516537032</SimpleData>
		<SimpleData name="osm_id">516537032</SimpleData>
		<SimpleData name="osm_type">way</SimpleData>
		<SimpleData name="building">yes</SimpleData>
	</SchemaData></ExtendedData>
      <MultiGeometry><Polygon><outerBoundaryIs><LinearRing><coordinates>80.2158024,6.0292675 80.2157203,6.0292634 80.2157163,6.029342 80.2157984,6.0293462 80.2158024,6.0292675</coordinates></LinearRing></outerBoundaryIs></Polygon></MultiGeometry>
  </Placemark>
  <Placemark id="buildings.340">
	<Style><LineStyle><color>ff0000ff</color></LineStyle><PolyStyle><fill>0</fill></PolyStyle></Style>
	<ExtendedData><SchemaData schemaUrl="#buildings">
		<SimpleData name="full_id">w516537031</SimpleData>
		<SimpleData name="osm_id">516537031</SimpleData>
		<SimpleData name="osm_type">way</SimpleData>
		<SimpleData name="building">yes</SimpleData>
	</SchemaData></ExtendedData>
      <MultiGeometry><Polygon><outerBoundaryIs><LinearRing><coordinates>80.2157964,6.0291861 80.2157394,6.029177 80.215728,6.029247 80.215785,6.0292562 80.2157964,6.0291861</coordinates></LinearRing></outerBoundaryIs></Polygon></MultiGeometry>
  </Placemark>
  <Placemark id="buildings.341">
	<Style><LineStyle><color>ff0000ff</color></LineStyle><PolyStyle><fill>0</fill></PolyStyle></Style>
	<ExtendedData><SchemaData schemaUrl="#buildings">
		<SimpleData name="full_id">w516537030</SimpleData>
		<SimpleData name="osm_id">516537030</SimpleData>
		<SimpleData name="osm_type">way</SimpleData>
		<SimpleData name="building">yes</SimpleData>
	</SchemaData></ExtendedData>
      <MultiGeometry><Polygon><outerBoundaryIs><LinearRing><coordinates>80.2158105,6.0291268 80.2157508,6.0291175 80.2157436,6.0291632 80.2158032,6.0291725 80.2158105,6.0291268</coordinates></LinearRing></outerBoundaryIs></Polygon></MultiGeometry>
  </Placemark>
  <Placemark id="buildings.342">
	<Style><LineStyle><color>ff0000ff</color></LineStyle><PolyStyle><fill>0</fill></PolyStyle></Style>
	<ExtendedData><SchemaData schemaUrl="#buildings">
		<SimpleData name="full_id">w516537029</SimpleData>
		<SimpleData name="osm_id">516537029</SimpleData>
		<SimpleData name="osm_type">way</SimpleData>
		<SimpleData name="building">yes</SimpleData>
	</SchemaData></ExtendedData>
      <MultiGeometry><Polygon><outerBoundaryIs><LinearRing><coordinates>80.2158219,6.0292402 80.2159164,6.0292473 80.2159245,6.0291412 80.2158299,6.0291341 80.2158219,6.0292402</coordinates></LinearRing></outerBoundaryIs></Polygon></MultiGeometry>
  </Placemark>
  <Placemark id="buildings.343">
	<Style><LineStyle><color>ff0000ff</color></LineStyle><PolyStyle><fill>0</fill></PolyStyle></Style>
	<ExtendedData><SchemaData schemaUrl="#buildings">
		<SimpleData name="full_id">w516537028</SimpleData>
		<SimpleData name="osm_id">516537028</SimpleData>
		<SimpleData name="osm_type">way</SimpleData>
		<SimpleData name="building">yes</SimpleData>
	</SchemaData></ExtendedData>
      <MultiGeometry><Polygon><outerBoundaryIs><LinearRing><coordinates>80.2159144,6.0292562 80.2158256,6.0292596 80.215829,6.0293443 80.2159178,6.0293409 80.2159144,6.0292562</coordinates></LinearRing></outerBoundaryIs></Polygon></MultiGeometry>
  </Placemark>
  <Placemark id="buildings.344">
	<Style><LineStyle><color>ff0000ff</color></LineStyle><PolyStyle><fill>0</fill></PolyStyle></Style>
	<ExtendedData><SchemaData schemaUrl="#buildings">
		<SimpleData name="full_id">w516537027</SimpleData>
		<SimpleData name="osm_id">516537027</SimpleData>
		<SimpleData name="osm_type">way</SimpleData>
		<SimpleData name="building">yes</SimpleData>
	</SchemaData></ExtendedData>
      <MultiGeometry><Polygon><outerBoundaryIs><LinearRing><coordinates>80.2158292,6.0290001 80.2157582,6.0289854 80.215739,6.0290773 80.2158101,6.029092 80.2158292,6.0290001</coordinates></LinearRing></outerBoundaryIs></Polygon></MultiGeometry>
  </Placemark>
  <Placemark id="buildings.345">
	<Style><LineStyle><color>ff0000ff</color></LineStyle><PolyStyle><fill>0</fill></PolyStyle></Style>
	<ExtendedData><SchemaData schemaUrl="#buildings">
		<SimpleData name="full_id">w516537026</SimpleData>
		<SimpleData name="osm_id">516537026</SimpleData>
		<SimpleData name="osm_type">way</SimpleData>
		<SimpleData name="building">yes</SimpleData>
	</SchemaData></ExtendedData>
      <MultiGeometry><Polygon><outerBoundaryIs><LinearRing><coordinates>80.2159929,6.0290381 80.215953,6.0290368 80.215951,6.0290975 80.2159908,6.0290988 80.2159929,6.0290381</coordinates></LinearRing></outerBoundaryIs></Polygon></MultiGeometry>
  </Placemark>
  <Placemark id="buildings.346">
	<Style><LineStyle><color>ff0000ff</color></LineStyle><PolyStyle><fill>0</fill></PolyStyle></Style>
	<ExtendedData><SchemaData schemaUrl="#buildings">
		<SimpleData name="full_id">w516537025</SimpleData>
		<SimpleData name="osm_id">516537025</SimpleData>
		<SimpleData name="osm_type">way</SimpleData>
		<SimpleData name="building">yes</SimpleData>
	</SchemaData></ExtendedData>
      <MultiGeometry><Polygon><outerBoundaryIs><LinearRing><coordinates>80.2161444,6.0290288 80.2160036,6.0290194 80.2159984,6.0290961 80.2161393,6.0291054 80.2161444,6.0290288</coordinates></LinearRing></outerBoundaryIs></Polygon></MultiGeometry>
  </Placemark>
  <Placemark id="buildings.347">
	<Style><LineStyle><color>ff0000ff</color></LineStyle><PolyStyle><fill>0</fill></PolyStyle></Style>
	<ExtendedData><SchemaData schemaUrl="#buildings">
		<SimpleData name="full_id">w516537040</SimpleData>
		<SimpleData name="osm_id">516537040</SimpleData>
		<SimpleData name="osm_type">way</SimpleData>
		<SimpleData name="building">yes</SimpleData>
	</SchemaData></ExtendedData>
      <MultiGeometry><Polygon><outerBoundaryIs><LinearRing><coordinates>80.2143534,6.0290108 80.2142977,6.0290148 80.2143023,6.0290782 80.214358,6.0290742 80.2143534,6.0290108</coordinates></LinearRing></outerBoundaryIs></Polygon></MultiGeometry>
  </Placemark>
  <Placemark id="buildings.348">
	<Style><LineStyle><color>ff0000ff</color></LineStyle><PolyStyle><fill>0</fill></PolyStyle></Style>
	<ExtendedData><SchemaData schemaUrl="#buildings">
		<SimpleData name="full_id">w516537039</SimpleData>
		<SimpleData name="osm_id">516537039</SimpleData>
		<SimpleData name="osm_type">way</SimpleData>
		<SimpleData name="building">yes</SimpleData>
	</SchemaData></ExtendedData>
      <MultiGeometry><Polygon><outerBoundaryIs><LinearRing><coordinates>80.214293,6.0290695 80.2142856,6.0290074 80.2142204,6.0290151 80.2142278,6.0290771 80.214293,6.0290695</coordinates></LinearRing></outerBoundaryIs></Polygon></MultiGeometry>
  </Placemark>
  <Placemark id="buildings.349">
	<Style><LineStyle><color>ff0000ff</color></LineStyle><PolyStyle><fill>0</fill></PolyStyle></Style>
	<ExtendedData><SchemaData schemaUrl="#buildings">
		<SimpleData name="full_id">w516537038</SimpleData>
		<SimpleData name="osm_id">516537038</SimpleData>
		<SimpleData name="osm_type">way</SimpleData>
		<SimpleData name="building">yes</SimpleData>
	</SchemaData></ExtendedData>
      <MultiGeometry><Polygon><outerBoundaryIs><LinearRing><coordinates>80.2143017,6.0290948 80.2142689,6.0291515 80.2143264,6.0291845 80.2143592,6.0291278 80.2143017,6.0290948</coordinates></LinearRing></outerBoundaryIs></Polygon></MultiGeometry>
  </Placemark>
  <Placemark id="buildings.350">
	<Style><LineStyle><color>ff0000ff</color></LineStyle><PolyStyle><fill>0</fill></PolyStyle></Style>
	<ExtendedData><SchemaData schemaUrl="#buildings">
		<SimpleData name="full_id">w516537037</SimpleData>
		<SimpleData name="osm_id">516537037</SimpleData>
		<SimpleData name="osm_type">way</SimpleData>
		<SimpleData name="building">yes</SimpleData>
	</SchemaData></ExtendedData>
      <MultiGeometry><Polygon><outerBoundaryIs><LinearRing><coordinates>80.2145253,6.0286728 80.2143578,6.0286973 80.2143711,6.0287874 80.214387,6.0287851 80.2143932,6.0288275 80.2144893,6.0288135 80.2144831,6.0287719 80.2145387,6.0287638 80.2145253,6.0286728</coordinates></LinearRing></outerBoundaryIs></Polygon></MultiGeometry>
  </Placemark>
  <Placemark id="buildings.351">
	<Style><LineStyle><color>ff0000ff</color></LineStyle><PolyStyle><fill>0</fill></PolyStyle></Style>
	<ExtendedData><SchemaData schemaUrl="#buildings">
		<SimpleData name="full_id">w516537036</SimpleData>
		<SimpleData name="osm_id">516537036</SimpleData>
		<SimpleData name="osm_type">way</SimpleData>
		<SimpleData name="building">yes</SimpleData>
	</SchemaData></ExtendedData>
      <MultiGeometry><Polygon><outerBoundaryIs><LinearRing><coordinates>80.2154886,6.0290701 80.2153585,6.0290081 80.2153007,6.0291281 80.2154308,6.0291901 80.2154886,6.0290701</coordinates></LinearRing></outerBoundaryIs></Polygon></MultiGeometry>
  </Placemark>
  <Placemark id="buildings.352">
	<Style><LineStyle><color>ff0000ff</color></LineStyle><PolyStyle><fill>0</fill></PolyStyle></Style>
	<ExtendedData><SchemaData schemaUrl="#buildings">
		<SimpleData name="full_id">w516537035</SimpleData>
		<SimpleData name="osm_id">516537035</SimpleData>
		<SimpleData name="osm_type">way</SimpleData>
		<SimpleData name="building">yes</SimpleData>
	</SchemaData></ExtendedData>
      <MultiGeometry><Polygon><outerBoundaryIs><LinearRing><coordinates>80.2157045,6.0291808 80.2156153,6.0291601 80.2155965,6.0292406 80.2156857,6.0292612 80.2157045,6.0291808</coordinates></LinearRing></outerBoundaryIs></Polygon></MultiGeometry>
  </Placemark>
  <Placemark id="buildings.353">
	<Style><LineStyle><color>ff0000ff</color></LineStyle><PolyStyle><fill>0</fill></PolyStyle></Style>
	<ExtendedData><SchemaData schemaUrl="#buildings">
		<SimpleData name="full_id">w516537034</SimpleData>
		<SimpleData name="osm_id">516537034</SimpleData>
		<SimpleData name="osm_type">way</SimpleData>
		<SimpleData name="building">yes</SimpleData>
	</SchemaData></ExtendedData>
      <MultiGeometry><Polygon><outerBoundaryIs><LinearRing><coordinates>80.2157173,6.0291155 80.2156509,6.0291021 80.2156397,6.0291571 80.2157061,6.0291704 80.2157173,6.0291155</coordinates></LinearRing></outerBoundaryIs></Polygon></MultiGeometry>
  </Placemark>
  <Placemark id="buildings.354">
	<Style><LineStyle><color>ff0000ff</color></LineStyle><PolyStyle><fill>0</fill></PolyStyle></Style>
	<ExtendedData><SchemaData schemaUrl="#buildings">
		<SimpleData name="full_id">w516537033</SimpleData>
		<SimpleData name="osm_id">516537033</SimpleData>
		<SimpleData name="osm_type">way</SimpleData>
		<SimpleData name="building">yes</SimpleData>
	</SchemaData></ExtendedData>
      <MultiGeometry><Polygon><outerBoundaryIs><LinearRing><coordinates>80.2155845,6.0292335 80.2156194,6.0291055 80.2155699,6.0290921 80.215535,6.0292202 80.2155845,6.0292335</coordinates></LinearRing></outerBoundaryIs></Polygon></MultiGeometry>
  </Placemark>
  <Placemark id="buildings.355">
	<Style><LineStyle><color>ff0000ff</color></LineStyle><PolyStyle><fill>0</fill></PolyStyle></Style>
	<ExtendedData><SchemaData schemaUrl="#buildings">
		<SimpleData name="full_id">w516537048</SimpleData>
		<SimpleData name="osm_id">516537048</SimpleData>
		<SimpleData name="osm_type">way</SimpleData>
		<SimpleData name="building">yes</SimpleData>
	</SchemaData></ExtendedData>
      <MultiGeometry><Polygon><outerBoundaryIs><LinearRing><coordinates>80.2147678,6.0291515 80.2148321,6.0291518 80.2148328,6.0290271 80.2147684,6.0290268 80.2147678,6.0291515</coordinates></LinearRing></outerBoundaryIs></Polygon></MultiGeometry>
  </Placemark>
  <Placemark id="buildings.356">
	<Style><LineStyle><color>ff0000ff</color></LineStyle><PolyStyle><fill>0</fill></PolyStyle></Style>
	<ExtendedData><SchemaData schemaUrl="#buildings">
		<SimpleData name="full_id">w516537047</SimpleData>
		<SimpleData name="osm_id">516537047</SimpleData>
		<SimpleData name="osm_type">way</SimpleData>
		<SimpleData name="building">yes</SimpleData>
	</SchemaData></ExtendedData>
      <MultiGeometry><Polygon><outerBoundaryIs><LinearRing><coordinates>80.2147485,6.0289815 80.2148183,6.0289784 80.2148062,6.0287133 80.2147364,6.0287164 80.2147485,6.0289815</coordinates></LinearRing></outerBoundaryIs></Polygon></MultiGeometry>
  </Placemark>
  <Placemark id="buildings.357">
	<Style><LineStyle><color>ff0000ff</color></LineStyle><PolyStyle><fill>0</fill></PolyStyle></Style>
	<ExtendedData><SchemaData schemaUrl="#buildings">
		<SimpleData name="full_id">w516537046</SimpleData>
		<SimpleData name="osm_id">516537046</SimpleData>
		<SimpleData name="osm_type">way</SimpleData>
		<SimpleData name="building">yes</SimpleData>
	</SchemaData></ExtendedData>
      <MultiGeometry><Polygon><outerBoundaryIs><LinearRing><coordinates>80.2148288,6.02879 80.2148858,6.02879 80.2148858,6.0286894 80.2148288,6.0286894 80.2148288,6.02879</coordinates></LinearRing></outerBoundaryIs></Polygon></MultiGeometry>
  </Placemark>
  <Placemark id="buildings.358">
	<Style><LineStyle><color>ff0000ff</color></LineStyle><PolyStyle><fill>0</fill></PolyStyle></Style>
	<ExtendedData><SchemaData schemaUrl="#buildings">
		<SimpleData name="full_id">w516537045</SimpleData>
		<SimpleData name="osm_id">516537045</SimpleData>
		<SimpleData name="osm_type">way</SimpleData>
		<SimpleData name="building">yes</SimpleData>
	</SchemaData></ExtendedData>
      <MultiGeometry><Polygon><outerBoundaryIs><LinearRing><coordinates>80.2146558,6.0290088 80.2146403,6.0289294 80.2145322,6.0289502 80.2145476,6.0290296 80.2146558,6.0290088</coordinates></LinearRing></outerBoundaryIs></Polygon></MultiGeometry>
  </Placemark>
  <Placemark id="buildings.359">
	<Style><LineStyle><color>ff0000ff</color></LineStyle><PolyStyle><fill>0</fill></PolyStyle></Style>
	<ExtendedData><SchemaData schemaUrl="#buildings">
		<SimpleData name="full_id">w516537044</SimpleData>
		<SimpleData name="osm_id">516537044</SimpleData>
		<SimpleData name="osm_type">way</SimpleData>
		<SimpleData name="building">yes</SimpleData>
	</SchemaData></ExtendedData>
      <MultiGeometry><Polygon><outerBoundaryIs><LinearRing><coordinates>80.2146256,6.0289227 80.2145901,6.0287594 80.214495,6.0287798 80.2145305,6.0289432 80.2146256,6.0289227</coordinates></LinearRing></outerBoundaryIs></Polygon></MultiGeometry>
  </Placemark>
  <Placemark id="buildings.360">
	<Style><LineStyle><color>ff0000ff</color></LineStyle><PolyStyle><fill>0</fill></PolyStyle></Style>
	<ExtendedData><SchemaData schemaUrl="#buildings">
		<SimpleData name="full_id">w516537043</SimpleData>
		<SimpleData name="osm_id">516537043</SimpleData>
		<SimpleData name="osm_type">way</SimpleData>
		<SimpleData name="building">yes</SimpleData>
	</SchemaData></ExtendedData>
      <MultiGeometry><Polygon><outerBoundaryIs><LinearRing><coordinates>80.2144365,6.0288394 80.214333,6.0288585 80.2143565,6.0289839 80.21446,6.0289648 80.2144365,6.0288394</coordinates></LinearRing></outerBoundaryIs></Polygon></MultiGeometry>
  </Placemark>
  <Placemark id="buildings.361">
	<Style><LineStyle><color>ff0000ff</color></LineStyle><PolyStyle><fill>0</fill></PolyStyle></Style>
	<ExtendedData><SchemaData schemaUrl="#buildings">
		<SimpleData name="full_id">w516537042</SimpleData>
		<SimpleData name="osm_id">516537042</SimpleData>
		<SimpleData name="osm_type">way</SimpleData>
		<SimpleData name="building">yes</SimpleData>
	</SchemaData></ExtendedData>
      <MultiGeometry><Polygon><outerBoundaryIs><LinearRing><coordinates>80.2144578,6.0290522 80.2145298,6.0290381 80.214516,6.0289683 80.2143646,6.0289979 80.2143783,6.029067 80.2143803,6.0290666 80.2143977,6.029155 80.2144751,6.0291399 80.2144578,6.0290522</coordinates></LinearRing></outerBoundaryIs></Polygon></MultiGeometry>
  </Placemark>
  <Placemark id="buildings.362">
	<Style><LineStyle><color>ff0000ff</color></LineStyle><PolyStyle><fill>0</fill></PolyStyle></Style>
	<ExtendedData><SchemaData schemaUrl="#buildings">
		<SimpleData name="full_id">w516537041</SimpleData>
		<SimpleData name="osm_id">516537041</SimpleData>
		<SimpleData name="osm_type">way</SimpleData>
		<SimpleData name="building">yes</SimpleData>
	</SchemaData></ExtendedData>
      <MultiGeometry><Polygon><outerBoundaryIs><LinearRing><coordinates>80.2143084,6.0288241 80.2142052,6.0288287 80.214213,6.0289999 80.2143162,6.0289952 80.2143084,6.0288241</coordinates></LinearRing></outerBoundaryIs></Polygon></MultiGeometry>
  </Placemark>
  <Placemark id="buildings.363">
	<Style><LineStyle><color>ff0000ff</color></LineStyle><PolyStyle><fill>0</fill></PolyStyle></Style>
	<ExtendedData><SchemaData schemaUrl="#buildings">
		<SimpleData name="full_id">w516537056</SimpleData>
		<SimpleData name="osm_id">516537056</SimpleData>
		<SimpleData name="osm_type">way</SimpleData>
		<SimpleData name="building">yes</SimpleData>
	</SchemaData></ExtendedData>
      <MultiGeometry><Polygon><outerBoundaryIs><LinearRing><coordinates>80.2147262,6.0296876 80.2146544,6.0296749 80.2146445,6.0297304 80.2147163,6.0297431 80.2147262,6.0296876</coordinates></LinearRing></outerBoundaryIs></Polygon></MultiGeometry>
  </Placemark>
  <Placemark id="buildings.364">
	<Style><LineStyle><color>ff0000ff</color></LineStyle><PolyStyle><fill>0</fill></PolyStyle></Style>
	<ExtendedData><SchemaData schemaUrl="#buildings">
		<SimpleData name="full_id">w516537055</SimpleData>
		<SimpleData name="osm_id">516537055</SimpleData>
		<SimpleData name="osm_type">way</SimpleData>
		<SimpleData name="building">yes</SimpleData>
	</SchemaData></ExtendedData>
      <MultiGeometry><Polygon><outerBoundaryIs><LinearRing><coordinates>80.2146182,6.0293762 80.2144352,6.0293429 80.2144126,6.0294656 80.2145956,6.0294989 80.2146182,6.0293762</coordinates></LinearRing></outerBoundaryIs></Polygon></MultiGeometry>
  </Placemark>
  <Placemark id="buildings.365">
	<Style><LineStyle><color>ff0000ff</color></LineStyle><PolyStyle><fill>0</fill></PolyStyle></Style>
	<ExtendedData><SchemaData schemaUrl="#buildings">
		<SimpleData name="full_id">w516537054</SimpleData>
		<SimpleData name="osm_id">516537054</SimpleData>
		<SimpleData name="osm_type">way</SimpleData>
		<SimpleData name="building">yes</SimpleData>
	</SchemaData></ExtendedData>
      <MultiGeometry><Polygon><outerBoundaryIs><LinearRing><coordinates>80.2147074,6.0294442 80.2146182,6.0294275 80.2146052,6.0294966 80.2146944,6.0295133 80.2147074,6.0294442</coordinates></LinearRing></outerBoundaryIs></Polygon></MultiGeometry>
  </Placemark>
  <Placemark id="buildings.366">
	<Style><LineStyle><color>ff0000ff</color></LineStyle><PolyStyle><fill>0</fill></PolyStyle></Style>
	<ExtendedData><SchemaData schemaUrl="#buildings">
		<SimpleData name="full_id">w516537053</SimpleData>
		<SimpleData name="osm_id">516537053</SimpleData>
		<SimpleData name="osm_type">way</SimpleData>
		<SimpleData name="building">yes</SimpleData>
	</SchemaData></ExtendedData>
      <MultiGeometry><Polygon><outerBoundaryIs><LinearRing><coordinates>80.2147892,6.0293975 80.2146692,6.0293789 80.2146618,6.0294259 80.2147818,6.0294445 80.2147892,6.0293975</coordinates></LinearRing></outerBoundaryIs></Polygon></MultiGeometry>
  </Placemark>
  <Placemark id="buildings.367">
	<Style><LineStyle><color>ff0000ff</color></LineStyle><PolyStyle><fill>0</fill></PolyStyle></Style>
	<ExtendedData><SchemaData schemaUrl="#buildings">
		<SimpleData name="full_id">w516537052</SimpleData>
		<SimpleData name="osm_id">516537052</SimpleData>
		<SimpleData name="osm_type">way</SimpleData>
		<SimpleData name="building">yes</SimpleData>
	</SchemaData></ExtendedData>
      <MultiGeometry><Polygon><outerBoundaryIs><LinearRing><coordinates>80.2147242,6.0292815 80.214637,6.0292675 80.214627,6.029329 80.2147142,6.029343 80.2147242,6.0292815</coordinates></LinearRing></outerBoundaryIs></Polygon></MultiGeometry>
  </Placemark>
  <Placemark id="buildings.368">
	<Style><LineStyle><color>ff0000ff</color></LineStyle><PolyStyle><fill>0</fill></PolyStyle></Style>
	<ExtendedData><SchemaData schemaUrl="#buildings">
		<SimpleData name="full_id">w516537051</SimpleData>
		<SimpleData name="osm_id">516537051</SimpleData>
		<SimpleData name="osm_type">way</SimpleData>
		<SimpleData name="building">yes</SimpleData>
	</SchemaData></ExtendedData>
      <MultiGeometry><Polygon><outerBoundaryIs><LinearRing><coordinates>80.2148073,6.0293015 80.2147429,6.0292868 80.2147322,6.0293336 80.2147965,6.0293483 80.2148073,6.0293015</coordinates></LinearRing></outerBoundaryIs></Polygon></MultiGeometry>
  </Placemark>
  <Placemark id="buildings.369">
	<Style><LineStyle><color>ff0000ff</color></LineStyle><PolyStyle><fill>0</fill></PolyStyle></Style>
	<ExtendedData><SchemaData schemaUrl="#buildings">
		<SimpleData name="full_id">w516537050</SimpleData>
		<SimpleData name="osm_id">516537050</SimpleData>
		<SimpleData name="osm_type">way</SimpleData>
		<SimpleData name="building">yes</SimpleData>
	</SchemaData></ExtendedData>
      <MultiGeometry><Polygon><outerBoundaryIs><LinearRing><coordinates>80.2146021,6.0292688 80.2144513,6.0292415 80.2144337,6.0293372 80.2145846,6.0293645 80.2146021,6.0292688</coordinates></LinearRing></outerBoundaryIs></Polygon></MultiGeometry>
  </Placemark>
  <Placemark id="buildings.370">
	<Style><LineStyle><color>ff0000ff</color></LineStyle><PolyStyle><fill>0</fill></PolyStyle></Style>
	<ExtendedData><SchemaData schemaUrl="#buildings">
		<SimpleData name="full_id">w516537049</SimpleData>
		<SimpleData name="osm_id">516537049</SimpleData>
		<SimpleData name="osm_type">way</SimpleData>
		<SimpleData name="building">yes</SimpleData>
	</SchemaData></ExtendedData>
      <MultiGeometry><Polygon><outerBoundaryIs><LinearRing><coordinates>80.214715,6.0290426 80.2144791,6.0290832 80.2144994,6.0292004 80.2147354,6.0291598 80.214715,6.0290426</coordinates></LinearRing></outerBoundaryIs></Polygon></MultiGeometry>
  </Placemark>
  <Placemark id="buildings.371">
	<Style><LineStyle><color>ff0000ff</color></LineStyle><PolyStyle><fill>0</fill></PolyStyle></Style>
	<ExtendedData><SchemaData schemaUrl="#buildings">
		<SimpleData name="full_id">w439269679</SimpleData>
		<SimpleData name="osm_id">439269679</SimpleData>
		<SimpleData name="osm_type">way</SimpleData>
		<SimpleData name="building">yes</SimpleData>
	</SchemaData></ExtendedData>
      <MultiGeometry><Polygon><outerBoundaryIs><LinearRing><coordinates>80.2156649,6.0341188 80.2157991,6.0341228 80.2158019,6.0340276 80.2156678,6.0340236 80.2156649,6.0341188</coordinates></LinearRing></outerBoundaryIs></Polygon></MultiGeometry>
  </Placemark>
  <Placemark id="buildings.372">
	<Style><LineStyle><color>ff0000ff</color></LineStyle><PolyStyle><fill>0</fill></PolyStyle></Style>
	<ExtendedData><SchemaData schemaUrl="#buildings">
		<SimpleData name="full_id">w439269678</SimpleData>
		<SimpleData name="osm_id">439269678</SimpleData>
		<SimpleData name="osm_type">way</SimpleData>
		<SimpleData name="building">yes</SimpleData>
	</SchemaData></ExtendedData>
      <MultiGeometry><Polygon><outerBoundaryIs><LinearRing><coordinates>80.2145384,6.0354545 80.2146537,6.0354598 80.2146563,6.0354037 80.214541,6.0353984 80.2145384,6.0354545</coordinates></LinearRing></outerBoundaryIs></Polygon></MultiGeometry>
  </Placemark>
  <Placemark id="buildings.373">
	<Style><LineStyle><color>ff0000ff</color></LineStyle><PolyStyle><fill>0</fill></PolyStyle></Style>
	<ExtendedData><SchemaData schemaUrl="#buildings">
		<SimpleData name="full_id">w439269676</SimpleData>
		<SimpleData name="osm_id">439269676</SimpleData>
		<SimpleData name="osm_type">way</SimpleData>
		<SimpleData name="building">yes</SimpleData>
	</SchemaData></ExtendedData>
      <MultiGeometry><Polygon><outerBoundaryIs><LinearRing><coordinates>80.2151439,6.0352551 80.2152029,6.0352604 80.2152099,6.0351847 80.2151509,6.0351793 80.2151439,6.0352551</coordinates></LinearRing></outerBoundaryIs></Polygon></MultiGeometry>
  </Placemark>
  <Placemark id="buildings.374">
	<Style><LineStyle><color>ff0000ff</color></LineStyle><PolyStyle><fill>0</fill></PolyStyle></Style>
	<ExtendedData><SchemaData schemaUrl="#buildings">
		<SimpleData name="full_id">w439269674</SimpleData>
		<SimpleData name="osm_id">439269674</SimpleData>
		<SimpleData name="osm_type">way</SimpleData>
		<SimpleData name="building">yes</SimpleData>
	</SchemaData></ExtendedData>
      <MultiGeometry><Polygon><outerBoundaryIs><LinearRing><coordinates>80.2153773,6.0354111 80.2154463,6.0354192 80.2154538,6.0353563 80.2153848,6.0353482 80.2153773,6.0354111</coordinates></LinearRing></outerBoundaryIs></Polygon></MultiGeometry>
  </Placemark>
  <Placemark id="buildings.375">
	<Style><LineStyle><color>ff0000ff</color></LineStyle><PolyStyle><fill>0</fill></PolyStyle></Style>
	<ExtendedData><SchemaData schemaUrl="#buildings">
		<SimpleData name="full_id">w439269673</SimpleData>
		<SimpleData name="osm_id">439269673</SimpleData>
		<SimpleData name="osm_type">way</SimpleData>
		<SimpleData name="building">yes</SimpleData>
	</SchemaData></ExtendedData>
      <MultiGeometry><Polygon><outerBoundaryIs><LinearRing><coordinates>80.215783,6.03342 80.2158755,6.0334013 80.2158545,6.0332985 80.215762,6.0333172 80.215783,6.03342</coordinates></LinearRing></outerBoundaryIs></Polygon></MultiGeometry>
  </Placemark>
  <Placemark id="buildings.376">
	<Style><LineStyle><color>ff0000ff</color></LineStyle><PolyStyle><fill>0</fill></PolyStyle></Style>
	<ExtendedData><SchemaData schemaUrl="#buildings">
		<SimpleData name="full_id">w439269672</SimpleData>
		<SimpleData name="osm_id">439269672</SimpleData>
		<SimpleData name="osm_type">way</SimpleData>
		<SimpleData name="building">yes</SimpleData>
	</SchemaData></ExtendedData>
      <MultiGeometry><Polygon><outerBoundaryIs><LinearRing><coordinates>80.2160327,6.033627 80.2161493,6.0336391 80.2161558,6.033578 80.216039,6.033566 80.2160327,6.033627</coordinates></LinearRing></outerBoundaryIs></Polygon></MultiGeometry>
  </Placemark>
  <Placemark id="buildings.377">
	<Style><LineStyle><color>ff0000ff</color></LineStyle><PolyStyle><fill>0</fill></PolyStyle></Style>
	<ExtendedData><SchemaData schemaUrl="#buildings">
		<SimpleData name="full_id">w439269671</SimpleData>
		<SimpleData name="osm_id">439269671</SimpleData>
		<SimpleData name="osm_type">way</SimpleData>
		<SimpleData name="building">yes</SimpleData>
	</SchemaData></ExtendedData>
      <MultiGeometry><Polygon><outerBoundaryIs><LinearRing><coordinates>80.2153082,6.0342842 80.2154168,6.0342868 80.2154186,6.0342179 80.2153099,6.0342152 80.2153082,6.0342842</coordinates></LinearRing></outerBoundaryIs></Polygon></MultiGeometry>
  </Placemark>
  <Placemark id="buildings.378">
	<Style><LineStyle><color>ff0000ff</color></LineStyle><PolyStyle><fill>0</fill></PolyStyle></Style>
	<ExtendedData><SchemaData schemaUrl="#buildings">
		<SimpleData name="full_id">w439269670</SimpleData>
		<SimpleData name="osm_id">439269670</SimpleData>
		<SimpleData name="osm_type">way</SimpleData>
		<SimpleData name="building">yes</SimpleData>
	</SchemaData></ExtendedData>
      <MultiGeometry><Polygon><outerBoundaryIs><LinearRing><coordinates>80.2159184,6.0342475 80.2161115,6.0342448 80.21611,6.0341331 80.2159169,6.0341358 80.2159184,6.0342475</coordinates></LinearRing></outerBoundaryIs></Polygon></MultiGeometry>
  </Placemark>
  <Placemark id="buildings.379">
	<Style><LineStyle><color>ff0000ff</color></LineStyle><PolyStyle><fill>0</fill></PolyStyle></Style>
	<ExtendedData><SchemaData schemaUrl="#buildings">
		<SimpleData name="full_id">w439269688</SimpleData>
		<SimpleData name="osm_id">439269688</SimpleData>
		<SimpleData name="osm_type">way</SimpleData>
		<SimpleData name="building">yes</SimpleData>
	</SchemaData></ExtendedData>
      <MultiGeometry><Polygon><outerBoundaryIs><LinearRing><coordinates>80.2163905,6.0342795 80.2166976,6.0342462 80.2166828,6.0341112 80.2163757,6.0341445 80.2163905,6.0342795</coordinates></LinearRing></outerBoundaryIs></Polygon></MultiGeometry>
  </Placemark>
  <Placemark id="buildings.380">
	<Style><LineStyle><color>ff0000ff</color></LineStyle><PolyStyle><fill>0</fill></PolyStyle></Style>
	<ExtendedData><SchemaData schemaUrl="#buildings">
		<SimpleData name="full_id">w439269686</SimpleData>
		<SimpleData name="osm_id">439269686</SimpleData>
		<SimpleData name="osm_type">way</SimpleData>
		<SimpleData name="building">yes</SimpleData>
	</SchemaData></ExtendedData>
      <MultiGeometry><Polygon><outerBoundaryIs><LinearRing><coordinates>80.2164173,6.0347076 80.2165031,6.0347103 80.2165152,6.0343277 80.2164293,6.0343251 80.2164173,6.0347076</coordinates></LinearRing></outerBoundaryIs></Polygon></MultiGeometry>
  </Placemark>
  <Placemark id="buildings.381">
	<Style><LineStyle><color>ff0000ff</color></LineStyle><PolyStyle><fill>0</fill></PolyStyle></Style>
	<ExtendedData><SchemaData schemaUrl="#buildings">
		<SimpleData name="full_id">w439269683</SimpleData>
		<SimpleData name="osm_id">439269683</SimpleData>
		<SimpleData name="osm_type">way</SimpleData>
		<SimpleData name="building">yes</SimpleData>
	</SchemaData></ExtendedData>
      <MultiGeometry><Polygon><outerBoundaryIs><LinearRing><coordinates>80.2155778,6.0343068 80.2157374,6.0343095 80.2157386,6.0342348 80.215579,6.0342321 80.2155778,6.0343068</coordinates></LinearRing></outerBoundaryIs></Polygon></MultiGeometry>
  </Placemark>
  <Placemark id="buildings.382">
	<Style><LineStyle><color>ff0000ff</color></LineStyle><PolyStyle><fill>0</fill></PolyStyle></Style>
	<ExtendedData><SchemaData schemaUrl="#buildings">
		<SimpleData name="full_id">w439269682</SimpleData>
		<SimpleData name="osm_id">439269682</SimpleData>
		<SimpleData name="osm_type">way</SimpleData>
		<SimpleData name="building">yes</SimpleData>
	</SchemaData></ExtendedData>
      <MultiGeometry><Polygon><outerBoundaryIs><LinearRing><coordinates>80.2155007,6.035031 80.2157126,6.0350484 80.2157192,6.0349685 80.2155073,6.0349512 80.2155007,6.035031</coordinates></LinearRing></outerBoundaryIs></Polygon></MultiGeometry>
  </Placemark>
  <Placemark id="buildings.383">
	<Style><LineStyle><color>ff0000ff</color></LineStyle><PolyStyle><fill>0</fill></PolyStyle></Style>
	<ExtendedData><SchemaData schemaUrl="#buildings">
		<SimpleData name="full_id">w439269681</SimpleData>
		<SimpleData name="osm_id">439269681</SimpleData>
		<SimpleData name="osm_type">way</SimpleData>
		<SimpleData name="building">yes</SimpleData>
	</SchemaData></ExtendedData>
      <MultiGeometry><Polygon><outerBoundaryIs><LinearRing><coordinates>80.215215,6.0352671 80.2153075,6.0352711 80.2153106,6.0352004 80.2152181,6.0351964 80.215215,6.0352671</coordinates></LinearRing></outerBoundaryIs></Polygon></MultiGeometry>
  </Placemark>
  <Placemark id="buildings.384">
	<Style><LineStyle><color>ff0000ff</color></LineStyle><PolyStyle><fill>0</fill></PolyStyle></Style>
	<ExtendedData><SchemaData schemaUrl="#buildings">
		<SimpleData name="full_id">w439269680</SimpleData>
		<SimpleData name="osm_id">439269680</SimpleData>
		<SimpleData name="osm_type">way</SimpleData>
		<SimpleData name="building">yes</SimpleData>
	</SchemaData></ExtendedData>
      <MultiGeometry><Polygon><outerBoundaryIs><LinearRing><coordinates>80.2157952,6.0343205 80.2158701,6.0343322 80.2158781,6.0342819 80.2158031,6.0342702 80.2157952,6.0343205</coordinates></LinearRing></outerBoundaryIs></Polygon></MultiGeometry>
  </Placemark>
  <Placemark id="buildings.385">
	<Style><LineStyle><color>ff0000ff</color></LineStyle><PolyStyle><fill>0</fill></PolyStyle></Style>
	<ExtendedData><SchemaData schemaUrl="#buildings">
		<SimpleData name="full_id">w439269695</SimpleData>
		<SimpleData name="osm_id">439269695</SimpleData>
		<SimpleData name="osm_type">way</SimpleData>
		<SimpleData name="building">yes</SimpleData>
	</SchemaData></ExtendedData>
      <MultiGeometry><Polygon><outerBoundaryIs><LinearRing><coordinates>80.2154128,6.034735 80.2154799,6.0347403 80.2154906,6.0346071 80.2154235,6.0346017 80.2154128,6.034735</coordinates></LinearRing></outerBoundaryIs></Polygon></MultiGeometry>
  </Placemark>
  <Placemark id="buildings.386">
	<Style><LineStyle><color>ff0000ff</color></LineStyle><PolyStyle><fill>0</fill></PolyStyle></Style>
	<ExtendedData><SchemaData schemaUrl="#buildings">
		<SimpleData name="full_id">w439269694</SimpleData>
		<SimpleData name="osm_id">439269694</SimpleData>
		<SimpleData name="osm_type">way</SimpleData>
		<SimpleData name="building">yes</SimpleData>
	</SchemaData></ExtendedData>
      <MultiGeometry><Polygon><outerBoundaryIs><LinearRing><coordinates>80.2164696,6.0351251 80.2166507,6.0351464 80.2166597,6.0350702 80.2164787,6.0350488 80.2164696,6.0351251</coordinates></LinearRing></outerBoundaryIs></Polygon></MultiGeometry>
  </Placemark>
  <Placemark id="buildings.387">
	<Style><LineStyle><color>ff0000ff</color></LineStyle><PolyStyle><fill>0</fill></PolyStyle></Style>
	<ExtendedData><SchemaData schemaUrl="#buildings">
		<SimpleData name="full_id">w439269693</SimpleData>
		<SimpleData name="osm_id">439269693</SimpleData>
		<SimpleData name="osm_type">way</SimpleData>
		<SimpleData name="building">yes</SimpleData>
	</SchemaData></ExtendedData>
      <MultiGeometry><Polygon><outerBoundaryIs><LinearRing><coordinates>80.2162604,6.0342195 80.2163221,6.0342182 80.2163208,6.0341608 80.2162591,6.0341622 80.2162604,6.0342195</coordinates></LinearRing></outerBoundaryIs></Polygon></MultiGeometry>
  </Placemark>
  <Placemark id="buildings.388">
	<Style><LineStyle><color>ff0000ff</color></LineStyle><PolyStyle><fill>0</fill></PolyStyle></Style>
	<ExtendedData><SchemaData schemaUrl="#buildings">
		<SimpleData name="full_id">w439269692</SimpleData>
		<SimpleData name="osm_id">439269692</SimpleData>
		<SimpleData name="osm_type">way</SimpleData>
		<SimpleData name="building">yes</SimpleData>
	</SchemaData></ExtendedData>
      <MultiGeometry><Polygon><outerBoundaryIs><LinearRing><coordinates>80.2167553,6.0342928 80.2168813,6.0342848 80.2168771,6.0342189 80.216751,6.0342269 80.2167553,6.0342928</coordinates></LinearRing></outerBoundaryIs></Polygon></MultiGeometry>
  </Placemark>
  <Placemark id="buildings.389">
	<Style><LineStyle><color>ff0000ff</color></LineStyle><PolyStyle><fill>0</fill></PolyStyle></Style>
	<ExtendedData><SchemaData schemaUrl="#buildings">
		<SimpleData name="full_id">w439269691</SimpleData>
		<SimpleData name="osm_id">439269691</SimpleData>
		<SimpleData name="osm_type">way</SimpleData>
		<SimpleData name="building">yes</SimpleData>
	</SchemaData></ExtendedData>
      <MultiGeometry><Polygon><outerBoundaryIs><LinearRing><coordinates>80.2148569,6.0346683 80.2149924,6.0346523 80.2149817,6.0345625 80.2148462,6.0345785 80.2148569,6.0346683</coordinates></LinearRing></outerBoundaryIs></Polygon></MultiGeometry>
  </Placemark>
  <Placemark id="buildings.390">
	<Style><LineStyle><color>ff0000ff</color></LineStyle><PolyStyle><fill>0</fill></PolyStyle></Style>
	<ExtendedData><SchemaData schemaUrl="#buildings">
		<SimpleData name="full_id">w439269690</SimpleData>
		<SimpleData name="osm_id">439269690</SimpleData>
		<SimpleData name="osm_type">way</SimpleData>
		<SimpleData name="building">yes</SimpleData>
	</SchemaData></ExtendedData>
      <MultiGeometry><Polygon><outerBoundaryIs><LinearRing><coordinates>80.2153458,6.0343655 80.2154517,6.0343575 80.2154487,6.0343181 80.2153427,6.0343261 80.2153458,6.0343655</coordinates></LinearRing></outerBoundaryIs></Polygon></MultiGeometry>
  </Placemark>
  <Placemark id="buildings.391">
	<Style><LineStyle><color>ff0000ff</color></LineStyle><PolyStyle><fill>0</fill></PolyStyle></Style>
	<ExtendedData><SchemaData schemaUrl="#buildings">
		<SimpleData name="full_id">w439269689</SimpleData>
		<SimpleData name="osm_id">439269689</SimpleData>
		<SimpleData name="osm_type">way</SimpleData>
		<SimpleData name="building">yes</SimpleData>
	</SchemaData></ExtendedData>
      <MultiGeometry><Polygon><outerBoundaryIs><LinearRing><coordinates>80.2163301,6.0351157 80.2164347,6.0351171 80.2164358,6.035033 80.2163312,6.0350317 80.2163301,6.0351157</coordinates></LinearRing></outerBoundaryIs></Polygon></MultiGeometry>
  </Placemark>
  <Placemark id="buildings.392">
	<Style><LineStyle><color>ff0000ff</color></LineStyle><PolyStyle><fill>0</fill></PolyStyle></Style>
	<ExtendedData><SchemaData schemaUrl="#buildings">
		<SimpleData name="full_id">w439269707</SimpleData>
		<SimpleData name="osm_id">439269707</SimpleData>
		<SimpleData name="osm_type">way</SimpleData>
		<SimpleData name="building">yes</SimpleData>
	</SchemaData></ExtendedData>
      <MultiGeometry><Polygon><outerBoundaryIs><LinearRing><coordinates>80.2160968,6.035049 80.2163234,6.035085 80.2163355,6.0350098 80.2161089,6.0349738 80.2160968,6.035049</coordinates></LinearRing></outerBoundaryIs></Polygon></MultiGeometry>
  </Placemark>
  <Placemark id="buildings.393">
	<Style><LineStyle><color>ff0000ff</color></LineStyle><PolyStyle><fill>0</fill></PolyStyle></Style>
	<ExtendedData><SchemaData schemaUrl="#buildings">
		<SimpleData name="full_id">w439269706</SimpleData>
		<SimpleData name="osm_id">439269706</SimpleData>
		<SimpleData name="osm_type">way</SimpleData>
		<SimpleData name="building">yes</SimpleData>
	</SchemaData></ExtendedData>
      <MultiGeometry><Polygon><outerBoundaryIs><LinearRing><coordinates>80.2145606,6.0353769 80.2147101,6.0353838 80.2147144,6.0352908 80.2145649,6.0352839 80.2145606,6.0353769</coordinates></LinearRing></outerBoundaryIs></Polygon></MultiGeometry>
  </Placemark>
  <Placemark id="buildings.394">
	<Style><LineStyle><color>ff0000ff</color></LineStyle><PolyStyle><fill>0</fill></PolyStyle></Style>
	<ExtendedData><SchemaData schemaUrl="#buildings">
		<SimpleData name="full_id">w439269704</SimpleData>
		<SimpleData name="osm_id">439269704</SimpleData>
		<SimpleData name="osm_type">way</SimpleData>
		<SimpleData name="building">yes</SimpleData>
	</SchemaData></ExtendedData>
      <MultiGeometry><Polygon><outerBoundaryIs><LinearRing><coordinates>80.2149575,6.0354298 80.2150447,6.0354365 80.2150549,6.0353038 80.2149678,6.0352971 80.2149575,6.0354298</coordinates></LinearRing></outerBoundaryIs></Polygon></MultiGeometry>
  </Placemark>
  <Placemark id="buildings.395">
	<Style><LineStyle><color>ff0000ff</color></LineStyle><PolyStyle><fill>0</fill></PolyStyle></Style>
	<ExtendedData><SchemaData schemaUrl="#buildings">
		<SimpleData name="full_id">w439269702</SimpleData>
		<SimpleData name="osm_id">439269702</SimpleData>
		<SimpleData name="osm_type">way</SimpleData>
		<SimpleData name="building">yes</SimpleData>
	</SchemaData></ExtendedData>
      <MultiGeometry><Polygon><outerBoundaryIs><LinearRing><coordinates>80.2153298,6.0346429 80.2154036,6.0346442 80.2154053,6.0345494 80.2153316,6.034548 80.2153298,6.0346429</coordinates></LinearRing></outerBoundaryIs></Polygon></MultiGeometry>
  </Placemark>
  <Placemark id="buildings.396">
	<Style><LineStyle><color>ff0000ff</color></LineStyle><PolyStyle><fill>0</fill></PolyStyle></Style>
	<ExtendedData><SchemaData schemaUrl="#buildings">
		<SimpleData name="full_id">w439269701</SimpleData>
		<SimpleData name="osm_id">439269701</SimpleData>
		<SimpleData name="osm_type">way</SimpleData>
		<SimpleData name="building">yes</SimpleData>
	</SchemaData></ExtendedData>
      <MultiGeometry><Polygon><outerBoundaryIs><LinearRing><coordinates>80.2154316,6.0343095 80.2154893,6.0343122 80.2154928,6.0342369 80.2154351,6.0342342 80.2154316,6.0343095</coordinates></LinearRing></outerBoundaryIs></Polygon></MultiGeometry>
  </Placemark>
  <Placemark id="buildings.397">
	<Style><LineStyle><color>ff0000ff</color></LineStyle><PolyStyle><fill>0</fill></PolyStyle></Style>
	<ExtendedData><SchemaData schemaUrl="#buildings">
		<SimpleData name="full_id">w439269698</SimpleData>
		<SimpleData name="osm_id">439269698</SimpleData>
		<SimpleData name="osm_type">way</SimpleData>
		<SimpleData name="building">yes</SimpleData>
	</SchemaData></ExtendedData>
      <MultiGeometry><Polygon><outerBoundaryIs><LinearRing><coordinates>80.2162751,6.0340635 80.2163395,6.0340581 80.2163342,6.0339951 80.2162699,6.0340004 80.2162751,6.0340635</coordinates></LinearRing></outerBoundaryIs></Polygon></MultiGeometry>
  </Placemark>
  <Placemark id="buildings.398">
	<Style><LineStyle><color>ff0000ff</color></LineStyle><PolyStyle><fill>0</fill></PolyStyle></Style>
	<ExtendedData><SchemaData schemaUrl="#buildings">
		<SimpleData name="full_id">w439269697</SimpleData>
		<SimpleData name="osm_id">439269697</SimpleData>
		<SimpleData name="osm_type">way</SimpleData>
		<SimpleData name="building">yes</SimpleData>
	</SchemaData></ExtendedData>
      <MultiGeometry><Polygon><outerBoundaryIs><LinearRing><coordinates>80.2159318,6.0346303 80.2159841,6.0346303 80.2159841,6.0345996 80.2159318,6.0345996 80.2159318,6.0346303</coordinates></LinearRing></outerBoundaryIs></Polygon></MultiGeometry>
  </Placemark>
  <Placemark id="buildings.399">
	<Style><LineStyle><color>ff0000ff</color></LineStyle><PolyStyle><fill>0</fill></PolyStyle></Style>
	<ExtendedData><SchemaData schemaUrl="#buildings">
		<SimpleData name="full_id">w439269640</SimpleData>
		<SimpleData name="osm_id">439269640</SimpleData>
		<SimpleData name="osm_type">way</SimpleData>
		<SimpleData name="building">yes</SimpleData>
	</SchemaData></ExtendedData>
      <MultiGeometry><Polygon><outerBoundaryIs><LinearRing><coordinates>80.2167472,6.0342115 80.2169149,6.0341968 80.2169057,6.0340935 80.2167381,6.0341081 80.2167472,6.0342115</coordinates></LinearRing></outerBoundaryIs></Polygon></MultiGeometry>
  </Placemark>
  <Placemark id="buildings.400">
	<Style><LineStyle><color>ff0000ff</color></LineStyle><PolyStyle><fill>0</fill></PolyStyle></Style>
	<ExtendedData><SchemaData schemaUrl="#buildings">
		<SimpleData name="full_id">w439269639</SimpleData>
		<SimpleData name="osm_id">439269639</SimpleData>
		<SimpleData name="osm_type">way</SimpleData>
		<SimpleData name="building">yes</SimpleData>
	</SchemaData></ExtendedData>
      <MultiGeometry><Polygon><outerBoundaryIs><LinearRing><coordinates>80.2148167,6.0352164 80.2149267,6.0352311 80.2149337,6.0351789 80.2148237,6.0351643 80.2148167,6.0352164</coordinates></LinearRing></outerBoundaryIs></Polygon></MultiGeometry>
  </Placemark>
  <Placemark id="buildings.401">
	<Style><LineStyle><color>ff0000ff</color></LineStyle><PolyStyle><fill>0</fill></PolyStyle></Style>
	<ExtendedData><SchemaData schemaUrl="#buildings">
		<SimpleData name="full_id">w439269638</SimpleData>
		<SimpleData name="osm_id">439269638</SimpleData>
		<SimpleData name="osm_type">way</SimpleData>
		<SimpleData name="building">yes</SimpleData>
	</SchemaData></ExtendedData>
      <MultiGeometry><Polygon><outerBoundaryIs><LinearRing><coordinates>80.2155067,6.0341888 80.2155563,6.0341942 80.2155666,6.0341 80.2155169,6.0340947 80.2155067,6.0341888</coordinates></LinearRing></outerBoundaryIs></Polygon></MultiGeometry>
  </Placemark>
  <Placemark id="buildings.402">
	<Style><LineStyle><color>ff0000ff</color></LineStyle><PolyStyle><fill>0</fill></PolyStyle></Style>
	<ExtendedData><SchemaData schemaUrl="#buildings">
		<SimpleData name="full_id">w439269637</SimpleData>
		<SimpleData name="osm_id">439269637</SimpleData>
		<SimpleData name="osm_type">way</SimpleData>
		<SimpleData name="building">yes</SimpleData>
	</SchemaData></ExtendedData>
      <MultiGeometry><Polygon><outerBoundaryIs><LinearRing><coordinates>80.2152318,6.0339801 80.2153337,6.0339708 80.2153275,6.033904 80.2152256,6.0339134 80.2152318,6.0339801</coordinates></LinearRing></outerBoundaryIs></Polygon></MultiGeometry>
  </Placemark>
  <Placemark id="buildings.403">
	<Style><LineStyle><color>ff0000ff</color></LineStyle><PolyStyle><fill>0</fill></PolyStyle></Style>
	<ExtendedData><SchemaData schemaUrl="#buildings">
		<SimpleData name="full_id">w439269635</SimpleData>
		<SimpleData name="osm_id">439269635</SimpleData>
		<SimpleData name="osm_type">way</SimpleData>
		<SimpleData name="building">yes</SimpleData>
	</SchemaData></ExtendedData>
      <MultiGeometry><Polygon><outerBoundaryIs><LinearRing><coordinates>80.2162792,6.0346023 80.216369,6.0346036 80.2163732,6.0343233 80.2162834,6.034322 80.2162792,6.0346023</coordinates></LinearRing></outerBoundaryIs></Polygon></MultiGeometry>
  </Placemark>
  <Placemark id="buildings.404">
	<Style><LineStyle><color>ff0000ff</color></LineStyle><PolyStyle><fill>0</fill></PolyStyle></Style>
	<ExtendedData><SchemaData schemaUrl="#buildings">
		<SimpleData name="full_id">w439269634</SimpleData>
		<SimpleData name="osm_id">439269634</SimpleData>
		<SimpleData name="osm_type">way</SimpleData>
		<SimpleData name="building">yes</SimpleData>
	</SchemaData></ExtendedData>
      <MultiGeometry><Polygon><outerBoundaryIs><LinearRing><coordinates>80.2156657,6.0339891 80.215773,6.0339891 80.215773,6.033925 80.2156657,6.033925 80.2156657,6.0339891</coordinates></LinearRing></outerBoundaryIs></Polygon></MultiGeometry>
  </Placemark>
  <Placemark id="buildings.405">
	<Style><LineStyle><color>ff0000ff</color></LineStyle><PolyStyle><fill>0</fill></PolyStyle></Style>
	<ExtendedData><SchemaData schemaUrl="#buildings">
		<SimpleData name="full_id">w439269633</SimpleData>
		<SimpleData name="osm_id">439269633</SimpleData>
		<SimpleData name="osm_type">way</SimpleData>
		<SimpleData name="building">yes</SimpleData>
	</SchemaData></ExtendedData>
      <MultiGeometry><Polygon><outerBoundaryIs><LinearRing><coordinates>80.2156375,6.0353218 80.2157166,6.0353231 80.2157184,6.0352175 80.2156393,6.0352162 80.2156375,6.0353218</coordinates></LinearRing></outerBoundaryIs></Polygon></MultiGeometry>
  </Placemark>
  <Placemark id="buildings.406">
	<Style><LineStyle><color>ff0000ff</color></LineStyle><PolyStyle><fill>0</fill></PolyStyle></Style>
	<ExtendedData><SchemaData schemaUrl="#buildings">
		<SimpleData name="full_id">w439269649</SimpleData>
		<SimpleData name="osm_id">439269649</SimpleData>
		<SimpleData name="osm_type">way</SimpleData>
		<SimpleData name="building">yes</SimpleData>
	</SchemaData></ExtendedData>
      <MultiGeometry><Polygon><outerBoundaryIs><LinearRing><coordinates>80.2164508,6.0350357 80.2165447,6.035037 80.2165464,6.0349211 80.2164525,6.0349197 80.2164508,6.0350357</coordinates></LinearRing></outerBoundaryIs></Polygon></MultiGeometry>
  </Placemark>
  <Placemark id="buildings.407">
	<Style><LineStyle><color>ff0000ff</color></LineStyle><PolyStyle><fill>0</fill></PolyStyle></Style>
	<ExtendedData><SchemaData schemaUrl="#buildings">
		<SimpleData name="full_id">w439269648</SimpleData>
		<SimpleData name="osm_id">439269648</SimpleData>
		<SimpleData name="osm_type">way</SimpleData>
		<SimpleData name="building">yes</SimpleData>
	</SchemaData></ExtendedData>
      <MultiGeometry><Polygon><outerBoundaryIs><LinearRing><coordinates>80.2157427,6.0342348 80.2158876,6.0342442 80.2158929,6.0341628 80.215748,6.0341535 80.2157427,6.0342348</coordinates></LinearRing></outerBoundaryIs></Polygon></MultiGeometry>
  </Placemark>
  <Placemark id="buildings.408">
	<Style><LineStyle><color>ff0000ff</color></LineStyle><PolyStyle><fill>0</fill></PolyStyle></Style>
	<ExtendedData><SchemaData schemaUrl="#buildings">
		<SimpleData name="full_id">w439269647</SimpleData>
		<SimpleData name="osm_id">439269647</SimpleData>
		<SimpleData name="osm_type">way</SimpleData>
		<SimpleData name="building">yes</SimpleData>
	</SchemaData></ExtendedData>
      <MultiGeometry><Polygon><outerBoundaryIs><LinearRing><coordinates>80.2159419,6.0343309 80.2161082,6.0343269 80.216107,6.0342774 80.2159407,6.0342814 80.2159419,6.0343309</coordinates></LinearRing></outerBoundaryIs></Polygon></MultiGeometry>
  </Placemark>
  <Placemark id="buildings.409">
	<Style><LineStyle><color>ff0000ff</color></LineStyle><PolyStyle><fill>0</fill></PolyStyle></Style>
	<ExtendedData><SchemaData schemaUrl="#buildings">
		<SimpleData name="full_id">w439269646</SimpleData>
		<SimpleData name="osm_id">439269646</SimpleData>
		<SimpleData name="osm_type">way</SimpleData>
		<SimpleData name="building">yes</SimpleData>
	</SchemaData></ExtendedData>
      <MultiGeometry><Polygon><outerBoundaryIs><LinearRing><coordinates>80.2159761,6.0339314 80.2160606,6.0339341 80.2160653,6.0337858 80.2159808,6.0337832 80.2159761,6.0339314</coordinates></LinearRing></outerBoundaryIs></Polygon></MultiGeometry>
  </Placemark>
  <Placemark id="buildings.410">
	<Style><LineStyle><color>ff0000ff</color></LineStyle><PolyStyle><fill>0</fill></PolyStyle></Style>
	<ExtendedData><SchemaData schemaUrl="#buildings">
		<SimpleData name="full_id">w439269645</SimpleData>
		<SimpleData name="osm_id">439269645</SimpleData>
		<SimpleData name="osm_type">way</SimpleData>
		<SimpleData name="building">yes</SimpleData>
	</SchemaData></ExtendedData>
      <MultiGeometry><Polygon><outerBoundaryIs><LinearRing><coordinates>80.2161223,6.0339408 80.2162403,6.0339341 80.216232,6.0337894 80.216114,6.0337961 80.2161223,6.0339408</coordinates></LinearRing></outerBoundaryIs></Polygon></MultiGeometry>
  </Placemark>
  <Placemark id="buildings.411">
	<Style><LineStyle><color>ff0000ff</color></LineStyle><PolyStyle><fill>0</fill></PolyStyle></Style>
	<ExtendedData><SchemaData schemaUrl="#buildings">
		<SimpleData name="full_id">w439269644</SimpleData>
		<SimpleData name="osm_id">439269644</SimpleData>
		<SimpleData name="osm_type">way</SimpleData>
		<SimpleData name="building">yes</SimpleData>
	</SchemaData></ExtendedData>
      <MultiGeometry><Polygon><outerBoundaryIs><LinearRing><coordinates>80.2153612,6.0351697 80.2154765,6.0351724 80.215479,6.0350655 80.2153637,6.0350629 80.2153612,6.0351697</coordinates></LinearRing></outerBoundaryIs></Polygon></MultiGeometry>
  </Placemark>
  <Placemark id="buildings.412">
	<Style><LineStyle><color>ff0000ff</color></LineStyle><PolyStyle><fill>0</fill></PolyStyle></Style>
	<ExtendedData><SchemaData schemaUrl="#buildings">
		<SimpleData name="full_id">w439269643</SimpleData>
		<SimpleData name="osm_id">439269643</SimpleData>
		<SimpleData name="osm_type">way</SimpleData>
		<SimpleData name="building">yes</SimpleData>
	</SchemaData></ExtendedData>
      <MultiGeometry><Polygon><outerBoundaryIs><LinearRing><coordinates>80.2149509,6.0351856 80.2150259,6.0351924 80.2150307,6.0351395 80.2149557,6.0351327 80.2149509,6.0351856</coordinates></LinearRing></outerBoundaryIs></Polygon></MultiGeometry>
  </Placemark>
  <Placemark id="buildings.413">
	<Style><LineStyle><color>ff0000ff</color></LineStyle><PolyStyle><fill>0</fill></PolyStyle></Style>
	<ExtendedData><SchemaData schemaUrl="#buildings">
		<SimpleData name="full_id">w439269641</SimpleData>
		<SimpleData name="osm_id">439269641</SimpleData>
		<SimpleData name="osm_type">way</SimpleData>
		<SimpleData name="building">yes</SimpleData>
	</SchemaData></ExtendedData>
      <MultiGeometry><Polygon><outerBoundaryIs><LinearRing><coordinates>80.2164897,6.0335447 80.2166051,6.0335206 80.2165774,6.0333891 80.216462,6.0334131 80.2164897,6.0335447</coordinates></LinearRing></outerBoundaryIs></Polygon></MultiGeometry>
  </Placemark>
  <Placemark id="buildings.414">
	<Style><LineStyle><color>ff0000ff</color></LineStyle><PolyStyle><fill>0</fill></PolyStyle></Style>
	<ExtendedData><SchemaData schemaUrl="#buildings">
		<SimpleData name="full_id">w439269660</SimpleData>
		<SimpleData name="osm_id">439269660</SimpleData>
		<SimpleData name="osm_type">way</SimpleData>
		<SimpleData name="building">yes</SimpleData>
	</SchemaData></ExtendedData>
      <MultiGeometry><Polygon><outerBoundaryIs><LinearRing><coordinates>80.2153069,6.0342115 80.2154289,6.0342182 80.2154383,6.0340489 80.2153162,6.0340422 80.2153069,6.0342115</coordinates></LinearRing></outerBoundaryIs></Polygon></MultiGeometry>
  </Placemark>
  <Placemark id="buildings.415">
	<Style><LineStyle><color>ff0000ff</color></LineStyle><PolyStyle><fill>0</fill></PolyStyle></Style>
	<ExtendedData><SchemaData schemaUrl="#buildings">
		<SimpleData name="full_id">w439269658</SimpleData>
		<SimpleData name="osm_id">439269658</SimpleData>
		<SimpleData name="osm_type">way</SimpleData>
		<SimpleData name="building">yes</SimpleData>
	</SchemaData></ExtendedData>
      <MultiGeometry><Polygon><outerBoundaryIs><LinearRing><coordinates>80.215901,6.034813 80.2162363,6.0348517 80.2162498,6.0347356 80.2159145,6.034697 80.215901,6.034813</coordinates></LinearRing></outerBoundaryIs></Polygon></MultiGeometry>
  </Placemark>
  <Placemark id="buildings.416">
	<Style><LineStyle><color>ff0000ff</color></LineStyle><PolyStyle><fill>0</fill></PolyStyle></Style>
	<ExtendedData><SchemaData schemaUrl="#buildings">
		<SimpleData name="full_id">w439269657</SimpleData>
		<SimpleData name="osm_id">439269657</SimpleData>
		<SimpleData name="osm_type">way</SimpleData>
		<SimpleData name="building">yes</SimpleData>
	</SchemaData></ExtendedData>
      <MultiGeometry><Polygon><outerBoundaryIs><LinearRing><coordinates>80.2154812,6.0343242 80.2155429,6.0343282 80.2155498,6.0342227 80.2154881,6.0342187 80.2154812,6.0343242</coordinates></LinearRing></outerBoundaryIs></Polygon></MultiGeometry>
  </Placemark>
  <Placemark id="buildings.417">
	<Style><LineStyle><color>ff0000ff</color></LineStyle><PolyStyle><fill>0</fill></PolyStyle></Style>
	<ExtendedData><SchemaData schemaUrl="#buildings">
		<SimpleData name="full_id">w439269656</SimpleData>
		<SimpleData name="osm_id">439269656</SimpleData>
		<SimpleData name="osm_type">way</SimpleData>
		<SimpleData name="building">yes</SimpleData>
	</SchemaData></ExtendedData>
      <MultiGeometry><Polygon><outerBoundaryIs><LinearRing><coordinates>80.2163315,6.0333553 80.2164012,6.0333513 80.2163915,6.0331836 80.2163217,6.0331876 80.2163315,6.0333553</coordinates></LinearRing></outerBoundaryIs></Polygon></MultiGeometry>
  </Placemark>
  <Placemark id="buildings.418">
	<Style><LineStyle><color>ff0000ff</color></LineStyle><PolyStyle><fill>0</fill></PolyStyle></Style>
	<ExtendedData><SchemaData schemaUrl="#buildings">
		<SimpleData name="full_id">w439269655</SimpleData>
		<SimpleData name="osm_id">439269655</SimpleData>
		<SimpleData name="osm_type">way</SimpleData>
		<SimpleData name="building">yes</SimpleData>
	</SchemaData></ExtendedData>
      <MultiGeometry><Polygon><outerBoundaryIs><LinearRing><coordinates>80.2165903,6.0350504 80.2168049,6.0350877 80.2168278,6.0349577 80.2166132,6.0349203 80.2165903,6.0350504</coordinates></LinearRing></outerBoundaryIs></Polygon></MultiGeometry>
  </Placemark>
  <Placemark id="buildings.419">
	<Style><LineStyle><color>ff0000ff</color></LineStyle><PolyStyle><fill>0</fill></PolyStyle></Style>
	<ExtendedData><SchemaData schemaUrl="#buildings">
		<SimpleData name="full_id">w439269654</SimpleData>
		<SimpleData name="osm_id">439269654</SimpleData>
		<SimpleData name="osm_type">way</SimpleData>
		<SimpleData name="building">yes</SimpleData>
	</SchemaData></ExtendedData>
      <MultiGeometry><Polygon><outerBoundaryIs><LinearRing><coordinates>80.2155597,6.0352978 80.2156147,6.0353004 80.2156181,6.0352303 80.2155631,6.0352277 80.2155597,6.0352978</coordinates></LinearRing></outerBoundaryIs></Polygon></MultiGeometry>
  </Placemark>
  <Placemark id="buildings.420">
	<Style><LineStyle><color>ff0000ff</color></LineStyle><PolyStyle><fill>0</fill></PolyStyle></Style>
	<ExtendedData><SchemaData schemaUrl="#buildings">
		<SimpleData name="full_id">w439269653</SimpleData>
		<SimpleData name="osm_id">439269653</SimpleData>
		<SimpleData name="osm_type">way</SimpleData>
		<SimpleData name="building">yes</SimpleData>
	</SchemaData></ExtendedData>
      <MultiGeometry><Polygon><outerBoundaryIs><LinearRing><coordinates>80.2154691,6.0344202 80.2155362,6.0344202 80.2155362,6.0343282 80.2154691,6.0343282 80.2154691,6.0344202</coordinates></LinearRing></outerBoundaryIs></Polygon></MultiGeometry>
  </Placemark>
  <Placemark id="buildings.421">
	<Style><LineStyle><color>ff0000ff</color></LineStyle><PolyStyle><fill>0</fill></PolyStyle></Style>
	<ExtendedData><SchemaData schemaUrl="#buildings">
		<SimpleData name="full_id">w439269650</SimpleData>
		<SimpleData name="osm_id">439269650</SimpleData>
		<SimpleData name="osm_type">way</SimpleData>
		<SimpleData name="building">yes</SimpleData>
	</SchemaData></ExtendedData>
      <MultiGeometry><Polygon><outerBoundaryIs><LinearRing><coordinates>80.214645,6.0346056 80.2147777,6.0346164 80.2147832,6.0345496 80.2146505,6.0345388 80.214645,6.0346056</coordinates></LinearRing></outerBoundaryIs></Polygon></MultiGeometry>
  </Placemark>
  <Placemark id="buildings.422">
	<Style><LineStyle><color>ff0000ff</color></LineStyle><PolyStyle><fill>0</fill></PolyStyle></Style>
	<ExtendedData><SchemaData schemaUrl="#buildings">
		<SimpleData name="full_id">w439269669</SimpleData>
		<SimpleData name="osm_id">439269669</SimpleData>
		<SimpleData name="osm_type">way</SimpleData>
		<SimpleData name="building">yes</SimpleData>
	</SchemaData></ExtendedData>
      <MultiGeometry><Polygon><outerBoundaryIs><LinearRing><coordinates>80.2154832,6.0353938 80.2156643,6.0353978 80.2156655,6.0353431 80.2154844,6.0353391 80.2154832,6.0353938</coordinates></LinearRing></outerBoundaryIs></Polygon></MultiGeometry>
  </Placemark>
  <Placemark id="buildings.423">
	<Style><LineStyle><color>ff0000ff</color></LineStyle><PolyStyle><fill>0</fill></PolyStyle></Style>
	<ExtendedData><SchemaData schemaUrl="#buildings">
		<SimpleData name="full_id">w439269668</SimpleData>
		<SimpleData name="osm_id">439269668</SimpleData>
		<SimpleData name="osm_type">way</SimpleData>
		<SimpleData name="building">yes</SimpleData>
	</SchemaData></ExtendedData>
      <MultiGeometry><Polygon><outerBoundaryIs><LinearRing><coordinates>80.2160364,6.0345996 80.2162698,6.0346129 80.2162766,6.0344944 80.2160433,6.0344811 80.2160364,6.0345996</coordinates></LinearRing></outerBoundaryIs></Polygon></MultiGeometry>
  </Placemark>
  <Placemark id="buildings.424">
	<Style><LineStyle><color>ff0000ff</color></LineStyle><PolyStyle><fill>0</fill></PolyStyle></Style>
	<ExtendedData><SchemaData schemaUrl="#buildings">
		<SimpleData name="full_id">w439269667</SimpleData>
		<SimpleData name="osm_id">439269667</SimpleData>
		<SimpleData name="osm_type">way</SimpleData>
		<SimpleData name="building">yes</SimpleData>
	</SchemaData></ExtendedData>
      <MultiGeometry><Polygon><outerBoundaryIs><LinearRing><coordinates>80.2158889,6.0334653 80.2159707,6.033476 80.215984,6.0333749 80.2159022,6.0333642 80.2158889,6.0334653</coordinates></LinearRing></outerBoundaryIs></Polygon></MultiGeometry>
  </Placemark>
  <Placemark id="buildings.425">
	<Style><LineStyle><color>ff0000ff</color></LineStyle><PolyStyle><fill>0</fill></PolyStyle></Style>
	<ExtendedData><SchemaData schemaUrl="#buildings">
		<SimpleData name="full_id">w439269664</SimpleData>
		<SimpleData name="osm_id">439269664</SimpleData>
		<SimpleData name="osm_type">way</SimpleData>
		<SimpleData name="building">yes</SimpleData>
	</SchemaData></ExtendedData>
      <MultiGeometry><Polygon><outerBoundaryIs><LinearRing><coordinates>80.2164321,6.0338567 80.2165179,6.0338447 80.2165079,6.0337743 80.2164221,6.0337863 80.2164321,6.0338567</coordinates></LinearRing></outerBoundaryIs></Polygon></MultiGeometry>
  </Placemark>
  <Placemark id="buildings.426">
	<Style><LineStyle><color>ff0000ff</color></LineStyle><PolyStyle><fill>0</fill></PolyStyle></Style>
	<ExtendedData><SchemaData schemaUrl="#buildings">
		<SimpleData name="full_id">w439269663</SimpleData>
		<SimpleData name="osm_id">439269663</SimpleData>
		<SimpleData name="osm_type">way</SimpleData>
		<SimpleData name="building">yes</SimpleData>
	</SchemaData></ExtendedData>
      <MultiGeometry><Polygon><outerBoundaryIs><LinearRing><coordinates>80.2160418,6.0335607 80.2161558,6.033578 80.2161674,6.0335026 80.2160534,6.0334853 80.2160418,6.0335607</coordinates></LinearRing></outerBoundaryIs></Polygon></MultiGeometry>
  </Placemark>
  <Placemark id="buildings.427">
	<Style><LineStyle><color>ff0000ff</color></LineStyle><PolyStyle><fill>0</fill></PolyStyle></Style>
	<ExtendedData><SchemaData schemaUrl="#buildings">
		<SimpleData name="full_id">w439269662</SimpleData>
		<SimpleData name="osm_id">439269662</SimpleData>
		<SimpleData name="osm_type">way</SimpleData>
		<SimpleData name="building">yes</SimpleData>
	</SchemaData></ExtendedData>
      <MultiGeometry><Polygon><outerBoundaryIs><LinearRing><coordinates>80.215736,6.0337414 80.2159023,6.0337494 80.2159045,6.0337042 80.2157382,6.0336962 80.215736,6.0337414</coordinates></LinearRing></outerBoundaryIs></Polygon></MultiGeometry>
  </Placemark>
  <Placemark id="buildings.428">
	<Style><LineStyle><color>ff0000ff</color></LineStyle><PolyStyle><fill>0</fill></PolyStyle></Style>
	<ExtendedData><SchemaData schemaUrl="#buildings">
		<SimpleData name="full_id">w439269661</SimpleData>
		<SimpleData name="osm_id">439269661</SimpleData>
		<SimpleData name="osm_type">way</SimpleData>
		<SimpleData name="building">yes</SimpleData>
	</SchemaData></ExtendedData>
      <MultiGeometry><Polygon><outerBoundaryIs><LinearRing><coordinates>80.2156585,6.0355325 80.2157262,6.0355358 80.2157325,6.035409 80.2156648,6.0354057 80.2156585,6.0355325</coordinates></LinearRing></outerBoundaryIs></Polygon></MultiGeometry>
  </Placemark>
  <Placemark id="buildings.429">
	<Style><LineStyle><color>ff0000ff</color></LineStyle><PolyStyle><fill>0</fill></PolyStyle></Style>
	<ExtendedData><SchemaData schemaUrl="#buildings">
		<SimpleData name="full_id">w439337674</SimpleData>
		<SimpleData name="osm_id">439337674</SimpleData>
		<SimpleData name="osm_type">way</SimpleData>
		<SimpleData name="building">yes</SimpleData>
	</SchemaData></ExtendedData>
      <MultiGeometry><Polygon><outerBoundaryIs><LinearRing><coordinates>80.2157991,6.0354705 80.2159238,6.0354731 80.2159251,6.0354103 80.2158004,6.0354077 80.2157991,6.0354705</coordinates></LinearRing></outerBoundaryIs></Polygon></MultiGeometry>
  </Placemark>
  <Placemark id="buildings.430">
	<Style><LineStyle><color>ff0000ff</color></LineStyle><PolyStyle><fill>0</fill></PolyStyle></Style>
	<ExtendedData><SchemaData schemaUrl="#buildings">
		<SimpleData name="full_id">w439337689</SimpleData>
		<SimpleData name="osm_id">439337689</SimpleData>
		<SimpleData name="osm_type">way</SimpleData>
		<SimpleData name="building">yes</SimpleData>
	</SchemaData></ExtendedData>
      <MultiGeometry><Polygon><outerBoundaryIs><LinearRing><coordinates>80.2171529,6.0344729 80.217259,6.0345964 80.2173328,6.0345337 80.2172267,6.0344102 80.2171529,6.0344729</coordinates></LinearRing></outerBoundaryIs></Polygon></MultiGeometry>
  </Placemark>
  <Placemark id="buildings.431">
	<Style><LineStyle><color>ff0000ff</color></LineStyle><PolyStyle><fill>0</fill></PolyStyle></Style>
	<ExtendedData><SchemaData schemaUrl="#buildings">
		<SimpleData name="full_id">w439337687</SimpleData>
		<SimpleData name="osm_id">439337687</SimpleData>
		<SimpleData name="osm_type">way</SimpleData>
		<SimpleData name="building">yes</SimpleData>
	</SchemaData></ExtendedData>
      <MultiGeometry><Polygon><outerBoundaryIs><LinearRing><coordinates>80.2162054,6.0353344 80.2163114,6.0353371 80.2163143,6.0352197 80.2162084,6.035217 80.2162054,6.0353344</coordinates></LinearRing></outerBoundaryIs></Polygon></MultiGeometry>
  </Placemark>
  <Placemark id="buildings.432">
	<Style><LineStyle><color>ff0000ff</color></LineStyle><PolyStyle><fill>0</fill></PolyStyle></Style>
	<ExtendedData><SchemaData schemaUrl="#buildings">
		<SimpleData name="full_id">w439337684</SimpleData>
		<SimpleData name="osm_id">439337684</SimpleData>
		<SimpleData name="osm_type">way</SimpleData>
		<SimpleData name="building">yes</SimpleData>
	</SchemaData></ExtendedData>
      <MultiGeometry><Polygon><outerBoundaryIs><LinearRing><coordinates>80.2160264,6.035401 80.2160391,6.0352432 80.2159744,6.0352381 80.2159692,6.0353032 80.2159132,6.0352988 80.2159058,6.0353915 80.2160264,6.035401</coordinates></LinearRing></outerBoundaryIs></Polygon></MultiGeometry>
  </Placemark>
  <Placemark id="buildings.433">
	<Style><LineStyle><color>ff0000ff</color></LineStyle><PolyStyle><fill>0</fill></PolyStyle></Style>
	<ExtendedData><SchemaData schemaUrl="#buildings">
		<SimpleData name="full_id">w439337699</SimpleData>
		<SimpleData name="osm_id">439337699</SimpleData>
		<SimpleData name="osm_type">way</SimpleData>
		<SimpleData name="building">yes</SimpleData>
	</SchemaData></ExtendedData>
      <MultiGeometry><Polygon><outerBoundaryIs><LinearRing><coordinates>80.2164012,6.0353278 80.2164428,6.0353451 80.216465,6.0352925 80.2164234,6.0352752 80.2164012,6.0353278</coordinates></LinearRing></outerBoundaryIs></Polygon></MultiGeometry>
  </Placemark>
  <Placemark id="buildings.434">
	<Style><LineStyle><color>ff0000ff</color></LineStyle><PolyStyle><fill>0</fill></PolyStyle></Style>
	<ExtendedData><SchemaData schemaUrl="#buildings">
		<SimpleData name="full_id">w439337698</SimpleData>
		<SimpleData name="osm_id">439337698</SimpleData>
		<SimpleData name="osm_type">way</SimpleData>
		<SimpleData name="building">yes</SimpleData>
	</SchemaData></ExtendedData>
      <MultiGeometry><Polygon><outerBoundaryIs><LinearRing><coordinates>80.217059,6.0339994 80.2171569,6.0339914 80.2171422,6.0338135 80.2170443,6.0338215 80.217059,6.0339994</coordinates></LinearRing></outerBoundaryIs></Polygon></MultiGeometry>
  </Placemark>
  <Placemark id="buildings.435">
	<Style><LineStyle><color>ff0000ff</color></LineStyle><PolyStyle><fill>0</fill></PolyStyle></Style>
	<ExtendedData><SchemaData schemaUrl="#buildings">
		<SimpleData name="full_id">w439337697</SimpleData>
		<SimpleData name="osm_id">439337697</SimpleData>
		<SimpleData name="osm_type">way</SimpleData>
		<SimpleData name="building">yes</SimpleData>
	</SchemaData></ExtendedData>
      <MultiGeometry><Polygon><outerBoundaryIs><LinearRing><coordinates>80.2171127,6.0343982 80.2172133,6.0343929 80.2172039,6.034219 80.2171033,6.0342243 80.2171127,6.0343982</coordinates></LinearRing></outerBoundaryIs></Polygon></MultiGeometry>
  </Placemark>
  <Placemark id="buildings.436">
	<Style><LineStyle><color>ff0000ff</color></LineStyle><PolyStyle><fill>0</fill></PolyStyle></Style>
	<ExtendedData><SchemaData schemaUrl="#buildings">
		<SimpleData name="full_id">w439337692</SimpleData>
		<SimpleData name="osm_id">439337692</SimpleData>
		<SimpleData name="osm_type">way</SimpleData>
		<SimpleData name="building">yes</SimpleData>
	</SchemaData></ExtendedData>
      <MultiGeometry><Polygon><outerBoundaryIs><LinearRing><coordinates>80.2169933,6.0333419 80.2171301,6.0332859 80.2171019,6.0332178 80.2169651,6.0332738 80.2169933,6.0333419</coordinates></LinearRing></outerBoundaryIs></Polygon></MultiGeometry>
  </Placemark>
  <Placemark id="buildings.437">
	<Style><LineStyle><color>ff0000ff</color></LineStyle><PolyStyle><fill>0</fill></PolyStyle></Style>
	<ExtendedData><SchemaData schemaUrl="#buildings">
		<SimpleData name="full_id">w439337704</SimpleData>
		<SimpleData name="osm_id">439337704</SimpleData>
		<SimpleData name="osm_type">way</SimpleData>
		<SimpleData name="building">yes</SimpleData>
	</SchemaData></ExtendedData>
      <MultiGeometry><Polygon><outerBoundaryIs><LinearRing><coordinates>80.2169947,6.033462 80.2171038,6.0334126 80.2171744,6.0333806 80.2171406,6.033307 80.2169609,6.0333883 80.2169947,6.033462</coordinates></LinearRing></outerBoundaryIs></Polygon></MultiGeometry>
  </Placemark>
  <Placemark id="buildings.438">
	<Style><LineStyle><color>ff0000ff</color></LineStyle><PolyStyle><fill>0</fill></PolyStyle></Style>
	<ExtendedData><SchemaData schemaUrl="#buildings">
		<SimpleData name="full_id">w439337701</SimpleData>
		<SimpleData name="osm_id">439337701</SimpleData>
		<SimpleData name="osm_type">way</SimpleData>
		<SimpleData name="building">yes</SimpleData>
	</SchemaData></ExtendedData>
      <MultiGeometry><Polygon><outerBoundaryIs><LinearRing><coordinates>80.2170872,6.0341955 80.2171797,6.0341888 80.217167,6.034014 80.2170745,6.0340207 80.2170872,6.0341955</coordinates></LinearRing></outerBoundaryIs></Polygon></MultiGeometry>
  </Placemark>
  <Placemark id="buildings.439">
	<Style><LineStyle><color>ff0000ff</color></LineStyle><PolyStyle><fill>0</fill></PolyStyle></Style>
	<ExtendedData><SchemaData schemaUrl="#buildings">
		<SimpleData name="full_id">w439269719</SimpleData>
		<SimpleData name="osm_id">439269719</SimpleData>
		<SimpleData name="osm_type">way</SimpleData>
		<SimpleData name="building">yes</SimpleData>
	</SchemaData></ExtendedData>
      <MultiGeometry><Polygon><outerBoundaryIs><LinearRing><coordinates>80.2155174,6.0349443 80.2155939,6.034951 80.2156025,6.034853 80.2155261,6.0348463 80.2155174,6.0349443</coordinates></LinearRing></outerBoundaryIs></Polygon></MultiGeometry>
  </Placemark>
  <Placemark id="buildings.440">
	<Style><LineStyle><color>ff0000ff</color></LineStyle><PolyStyle><fill>0</fill></PolyStyle></Style>
	<ExtendedData><SchemaData schemaUrl="#buildings">
		<SimpleData name="full_id">w439269717</SimpleData>
		<SimpleData name="osm_id">439269717</SimpleData>
		<SimpleData name="osm_type">way</SimpleData>
		<SimpleData name="building">yes</SimpleData>
	</SchemaData></ExtendedData>
      <MultiGeometry><Polygon><outerBoundaryIs><LinearRing><coordinates>80.2159265,6.0345943 80.2160364,6.0345996 80.2160416,6.0344944 80.2159316,6.034489 80.2159265,6.0345943</coordinates></LinearRing></outerBoundaryIs></Polygon></MultiGeometry>
  </Placemark>
  <Placemark id="buildings.441">
	<Style><LineStyle><color>ff0000ff</color></LineStyle><PolyStyle><fill>0</fill></PolyStyle></Style>
	<ExtendedData><SchemaData schemaUrl="#buildings">
		<SimpleData name="full_id">w439269716</SimpleData>
		<SimpleData name="osm_id">439269716</SimpleData>
		<SimpleData name="osm_type">way</SimpleData>
		<SimpleData name="building">yes</SimpleData>
	</SchemaData></ExtendedData>
      <MultiGeometry><Polygon><outerBoundaryIs><LinearRing><coordinates>80.2163312,6.0350317 80.2164358,6.035033 80.2164373,6.0349155 80.2163327,6.0349142 80.2163312,6.0350317</coordinates></LinearRing></outerBoundaryIs></Polygon></MultiGeometry>
  </Placemark>
  <Placemark id="buildings.442">
	<Style><LineStyle><color>ff0000ff</color></LineStyle><PolyStyle><fill>0</fill></PolyStyle></Style>
	<ExtendedData><SchemaData schemaUrl="#buildings">
		<SimpleData name="full_id">w439269714</SimpleData>
		<SimpleData name="osm_id">439269714</SimpleData>
		<SimpleData name="osm_type">way</SimpleData>
		<SimpleData name="building">yes</SimpleData>
	</SchemaData></ExtendedData>
      <MultiGeometry><Polygon><outerBoundaryIs><LinearRing><coordinates>80.2169162,6.0348397 80.2169189,6.0347583 80.2166468,6.0347494 80.2166441,6.0348308 80.2169162,6.0348397</coordinates></LinearRing></outerBoundaryIs></Polygon></MultiGeometry>
  </Placemark>
  <Placemark id="buildings.443">
	<Style><LineStyle><color>ff0000ff</color></LineStyle><PolyStyle><fill>0</fill></PolyStyle></Style>
	<ExtendedData><SchemaData schemaUrl="#buildings">
		<SimpleData name="full_id">w439269712</SimpleData>
		<SimpleData name="osm_id">439269712</SimpleData>
		<SimpleData name="osm_type">way</SimpleData>
		<SimpleData name="building">yes</SimpleData>
	</SchemaData></ExtendedData>
      <MultiGeometry><Polygon><outerBoundaryIs><LinearRing><coordinates>80.2145677,6.035249 80.2147193,6.0352644 80.2147512,6.0349538 80.2145997,6.0349383 80.2145677,6.035249</coordinates></LinearRing></outerBoundaryIs></Polygon></MultiGeometry>
  </Placemark>
  <Placemark id="buildings.444">
	<Style><LineStyle><color>ff0000ff</color></LineStyle><PolyStyle><fill>0</fill></PolyStyle></Style>
	<ExtendedData><SchemaData schemaUrl="#buildings">
		<SimpleData name="full_id">w439269711</SimpleData>
		<SimpleData name="osm_id">439269711</SimpleData>
		<SimpleData name="osm_type">way</SimpleData>
		<SimpleData name="building">yes</SimpleData>
	</SchemaData></ExtendedData>
      <MultiGeometry><Polygon><outerBoundaryIs><LinearRing><coordinates>80.2157079,6.0338521 80.2159157,6.0338614 80.21592,6.0337681 80.2157121,6.0337588 80.2157079,6.0338521</coordinates></LinearRing></outerBoundaryIs></Polygon></MultiGeometry>
  </Placemark>
  <Placemark id="buildings.445">
	<Style><LineStyle><color>ff0000ff</color></LineStyle><PolyStyle><fill>0</fill></PolyStyle></Style>
	<ExtendedData><SchemaData schemaUrl="#buildings">
		<SimpleData name="full_id">w439269710</SimpleData>
		<SimpleData name="osm_id">439269710</SimpleData>
		<SimpleData name="osm_type">way</SimpleData>
		<SimpleData name="building">yes</SimpleData>
	</SchemaData></ExtendedData>
      <MultiGeometry><Polygon><outerBoundaryIs><LinearRing><coordinates>80.2159358,6.0341181 80.2161129,6.0341195 80.2161135,6.0340355 80.2159365,6.0340341 80.2159358,6.0341181</coordinates></LinearRing></outerBoundaryIs></Polygon></MultiGeometry>
  </Placemark>
  <Placemark id="buildings.446">
	<Style><LineStyle><color>ff0000ff</color></LineStyle><PolyStyle><fill>0</fill></PolyStyle></Style>
	<ExtendedData><SchemaData schemaUrl="#buildings">
		<SimpleData name="full_id">w439269709</SimpleData>
		<SimpleData name="osm_id">439269709</SimpleData>
		<SimpleData name="osm_type">way</SimpleData>
		<SimpleData name="building">yes</SimpleData>
	</SchemaData></ExtendedData>
      <MultiGeometry><Polygon><outerBoundaryIs><LinearRing><coordinates>80.2157293,6.0344189 80.2157816,6.0344255 80.2157952,6.0343205 80.2157429,6.0343138 80.2157293,6.0344189</coordinates></LinearRing></outerBoundaryIs></Polygon></MultiGeometry>
  </Placemark>
  <Placemark id="buildings.447">
	<Style><LineStyle><color>ff0000ff</color></LineStyle><PolyStyle><fill>0</fill></PolyStyle></Style>
	<ExtendedData><SchemaData schemaUrl="#buildings">
		<SimpleData name="full_id">w439269727</SimpleData>
		<SimpleData name="osm_id">439269727</SimpleData>
		<SimpleData name="osm_type">way</SimpleData>
		<SimpleData name="building">yes</SimpleData>
	</SchemaData></ExtendedData>
      <MultiGeometry><Polygon><outerBoundaryIs><LinearRing><coordinates>80.2154956,6.0338838 80.2154502,6.0338857 80.2154513,6.03391 80.2153496,6.0339143 80.2153523,6.0339771 80.2154932,6.0339711 80.215492,6.0339429 80.2154981,6.0339427 80.2154956,6.0338838</coordinates></LinearRing></outerBoundaryIs></Polygon></MultiGeometry>
  </Placemark>
  <Placemark id="buildings.448">
	<Style><LineStyle><color>ff0000ff</color></LineStyle><PolyStyle><fill>0</fill></PolyStyle></Style>
	<ExtendedData><SchemaData schemaUrl="#buildings">
		<SimpleData name="full_id">w439269726</SimpleData>
		<SimpleData name="osm_id">439269726</SimpleData>
		<SimpleData name="osm_type">way</SimpleData>
		<SimpleData name="building">yes</SimpleData>
	</SchemaData></ExtendedData>
      <MultiGeometry><Polygon><outerBoundaryIs><LinearRing><coordinates>80.2155502,6.0347601 80.2155781,6.0347599 80.2155781,6.0347725 80.2156642,6.0347721 80.2156641,6.0347572 80.2157313,6.0347569 80.2157308,6.0346725 80.2155498,6.0346734 80.2155502,6.0347601</coordinates></LinearRing></outerBoundaryIs></Polygon></MultiGeometry>
  </Placemark>
  <Placemark id="buildings.449">
	<Style><LineStyle><color>ff0000ff</color></LineStyle><PolyStyle><fill>0</fill></PolyStyle></Style>
	<ExtendedData><SchemaData schemaUrl="#buildings">
		<SimpleData name="full_id">w439269725</SimpleData>
		<SimpleData name="osm_id">439269725</SimpleData>
		<SimpleData name="osm_type">way</SimpleData>
		<SimpleData name="building">yes</SimpleData>
	</SchemaData></ExtendedData>
      <MultiGeometry><Polygon><outerBoundaryIs><LinearRing><coordinates>80.2156505,6.0348206 80.2156851,6.0348217 80.2156862,6.034783 80.2155937,6.0347803 80.2155925,6.034819 80.2156076,6.0348194 80.2156073,6.0348297 80.2156502,6.0348309 80.2156505,6.0348206</coordinates></LinearRing></outerBoundaryIs></Polygon></MultiGeometry>
  </Placemark>
  <Placemark id="buildings.450">
	<Style><LineStyle><color>ff0000ff</color></LineStyle><PolyStyle><fill>0</fill></PolyStyle></Style>
	<ExtendedData><SchemaData schemaUrl="#buildings">
		<SimpleData name="full_id">w439269724</SimpleData>
		<SimpleData name="osm_id">439269724</SimpleData>
		<SimpleData name="osm_type">way</SimpleData>
		<SimpleData name="building">yes</SimpleData>
	</SchemaData></ExtendedData>
      <MultiGeometry><Polygon><outerBoundaryIs><LinearRing><coordinates>80.2161736,6.0336755 80.2161307,6.0336811 80.2161419,6.0337656 80.2161888,6.0337594 80.2161834,6.0337187 80.2163479,6.0336971 80.2163317,6.0335749 80.2161632,6.0335971 80.2161736,6.0336755</coordinates></LinearRing></outerBoundaryIs></Polygon></MultiGeometry>
  </Placemark>
  <Placemark id="buildings.451">
	<Style><LineStyle><color>ff0000ff</color></LineStyle><PolyStyle><fill>0</fill></PolyStyle></Style>
	<ExtendedData><SchemaData schemaUrl="#buildings">
		<SimpleData name="full_id">w439269723</SimpleData>
		<SimpleData name="osm_id">439269723</SimpleData>
		<SimpleData name="osm_type">way</SimpleData>
		<SimpleData name="building">yes</SimpleData>
	</SchemaData></ExtendedData>
      <MultiGeometry><Polygon><outerBoundaryIs><LinearRing><coordinates>80.2168965,6.0344436 80.2169538,6.0344378 80.2169498,6.0343988 80.2169389,6.0342937 80.2168817,6.0342996 80.2168965,6.0344436</coordinates></LinearRing></outerBoundaryIs></Polygon></MultiGeometry>
  </Placemark>
  <Placemark id="buildings.452">
	<Style><LineStyle><color>ff0000ff</color></LineStyle><PolyStyle><fill>0</fill></PolyStyle></Style>
	<ExtendedData><SchemaData schemaUrl="#buildings">
		<SimpleData name="full_id">w439269722</SimpleData>
		<SimpleData name="osm_id">439269722</SimpleData>
		<SimpleData name="osm_type">way</SimpleData>
		<SimpleData name="building">yes</SimpleData>
	</SchemaData></ExtendedData>
      <MultiGeometry><Polygon><outerBoundaryIs><LinearRing><coordinates>80.2153518,6.0354912 80.2154417,6.0354965 80.2154463,6.0354192 80.2153564,6.0354139 80.2153518,6.0354912</coordinates></LinearRing></outerBoundaryIs></Polygon></MultiGeometry>
  </Placemark>
  <Placemark id="buildings.453">
	<Style><LineStyle><color>ff0000ff</color></LineStyle><PolyStyle><fill>0</fill></PolyStyle></Style>
	<ExtendedData><SchemaData schemaUrl="#buildings">
		<SimpleData name="full_id">w439269721</SimpleData>
		<SimpleData name="osm_id">439269721</SimpleData>
		<SimpleData name="osm_type">way</SimpleData>
		<SimpleData name="building">yes</SimpleData>
	</SchemaData></ExtendedData>
      <MultiGeometry><Polygon><outerBoundaryIs><LinearRing><coordinates>80.2159332,6.0344782 80.2160433,6.0344811 80.2160454,6.0344007 80.2159353,6.0343979 80.2159332,6.0344782</coordinates></LinearRing></outerBoundaryIs></Polygon></MultiGeometry>
  </Placemark>
  <Placemark id="buildings.454">
	<Style><LineStyle><color>ff0000ff</color></LineStyle><PolyStyle><fill>0</fill></PolyStyle></Style>
	<ExtendedData><SchemaData schemaUrl="#buildings">
		<SimpleData name="full_id">w439269720</SimpleData>
		<SimpleData name="osm_id">439269720</SimpleData>
		<SimpleData name="osm_type">way</SimpleData>
		<SimpleData name="building">yes</SimpleData>
	</SchemaData></ExtendedData>
      <MultiGeometry><Polygon><outerBoundaryIs><LinearRing><coordinates>80.2154054,6.0352631 80.2154564,6.0352671 80.215462,6.0351969 80.215411,6.0351929 80.2154054,6.0352631</coordinates></LinearRing></outerBoundaryIs></Polygon></MultiGeometry>
  </Placemark>
  <Placemark id="buildings.455">
	<Style><LineStyle><color>ff0000ff</color></LineStyle><PolyStyle><fill>0</fill></PolyStyle></Style>
	<ExtendedData><SchemaData schemaUrl="#buildings">
		<SimpleData name="full_id">w439270002</SimpleData>
		<SimpleData name="osm_id">439270002</SimpleData>
		<SimpleData name="osm_type">way</SimpleData>
		<SimpleData name="building">yes</SimpleData>
	</SchemaData></ExtendedData>
      <MultiGeometry><Polygon><outerBoundaryIs><LinearRing><coordinates>80.2149245,6.034905 80.2149709,6.0349057 80.2150079,6.0349063 80.2150091,6.03483 80.2149703,6.0348293 80.2149716,6.0347514 80.2149168,6.0347505 80.2149151,6.0348506 80.2148308,6.0348492 80.2148297,6.0349189 80.2149242,6.0349204 80.2149245,6.034905</coordinates></LinearRing></outerBoundaryIs></Polygon></MultiGeometry>
  </Placemark>
  <Placemark id="buildings.456">
	<Style><LineStyle><color>ff0000ff</color></LineStyle><PolyStyle><fill>0</fill></PolyStyle></Style>
	<ExtendedData><SchemaData schemaUrl="#buildings">
		<SimpleData name="full_id">w439269734</SimpleData>
		<SimpleData name="osm_id">439269734</SimpleData>
		<SimpleData name="osm_type">way</SimpleData>
		<SimpleData name="building">yes</SimpleData>
	</SchemaData></ExtendedData>
      <MultiGeometry><Polygon><outerBoundaryIs><LinearRing><coordinates>80.2160482,6.0349471 80.2162095,6.0349666 80.2162212,6.0348712 80.2159406,6.0348372 80.2158783,6.0348297 80.2158472,6.0350831 80.2159393,6.0350942 80.2159433,6.0350614 80.2160328,6.0350722 80.2160482,6.0349471</coordinates></LinearRing></outerBoundaryIs></Polygon></MultiGeometry>
  </Placemark>
  <Placemark id="buildings.457">
	<Style><LineStyle><color>ff0000ff</color></LineStyle><PolyStyle><fill>0</fill></PolyStyle></Style>
	<ExtendedData><SchemaData schemaUrl="#buildings">
		<SimpleData name="full_id">w439269733</SimpleData>
		<SimpleData name="osm_id">439269733</SimpleData>
		<SimpleData name="osm_type">way</SimpleData>
		<SimpleData name="building">yes</SimpleData>
	</SchemaData></ExtendedData>
      <MultiGeometry><Polygon><outerBoundaryIs><LinearRing><coordinates>80.2157245,6.0348638 80.2157256,6.0348336 80.2156685,6.0348316 80.2156642,6.034952 80.2157224,6.034954 80.2157235,6.0349234 80.2157716,6.0349251 80.2157737,6.0348656 80.2157245,6.0348638</coordinates></LinearRing></outerBoundaryIs></Polygon></MultiGeometry>
  </Placemark>
  <Placemark id="buildings.458">
	<Style><LineStyle><color>ff0000ff</color></LineStyle><PolyStyle><fill>0</fill></PolyStyle></Style>
	<ExtendedData><SchemaData schemaUrl="#buildings">
		<SimpleData name="full_id">w439269732</SimpleData>
		<SimpleData name="osm_id">439269732</SimpleData>
		<SimpleData name="osm_type">way</SimpleData>
		<SimpleData name="building">yes</SimpleData>
	</SchemaData></ExtendedData>
      <MultiGeometry><Polygon><outerBoundaryIs><LinearRing><coordinates>80.2151213,6.034469 80.2151229,6.0345413 80.2152197,6.0345392 80.2152194,6.0345271 80.2153031,6.0345253 80.2153017,6.0344652 80.2151213,6.034469</coordinates></LinearRing></outerBoundaryIs></Polygon></MultiGeometry>
  </Placemark>
  <Placemark id="buildings.459">
	<Style><LineStyle><color>ff0000ff</color></LineStyle><PolyStyle><fill>0</fill></PolyStyle></Style>
	<ExtendedData><SchemaData schemaUrl="#buildings">
		<SimpleData name="full_id">w439269731</SimpleData>
		<SimpleData name="osm_id">439269731</SimpleData>
		<SimpleData name="osm_type">way</SimpleData>
		<SimpleData name="building">yes</SimpleData>
	</SchemaData></ExtendedData>
      <MultiGeometry><Polygon><outerBoundaryIs><LinearRing><coordinates>80.2153371,6.0350583 80.21534,6.0350051 80.215256,6.0350005 80.2152465,6.0351707 80.2153315,6.0351754 80.2153339,6.0351321 80.2153582,6.0351335 80.2153623,6.0350597 80.2153371,6.0350583</coordinates></LinearRing></outerBoundaryIs></Polygon></MultiGeometry>
  </Placemark>
  <Placemark id="buildings.460">
	<Style><LineStyle><color>ff0000ff</color></LineStyle><PolyStyle><fill>0</fill></PolyStyle></Style>
	<ExtendedData><SchemaData schemaUrl="#buildings">
		<SimpleData name="full_id">w439269730</SimpleData>
		<SimpleData name="osm_id">439269730</SimpleData>
		<SimpleData name="osm_type">way</SimpleData>
		<SimpleData name="building">yes</SimpleData>
	</SchemaData></ExtendedData>
      <MultiGeometry><Polygon><outerBoundaryIs><LinearRing><coordinates>80.2163354,6.0339188 80.2163468,6.0339712 80.2165435,6.0339288 80.2165291,6.0338626 80.216422,6.0338857 80.2164136,6.033847 80.2163206,6.0338671 80.2163321,6.0339195 80.2163354,6.0339188</coordinates></LinearRing></outerBoundaryIs></Polygon></MultiGeometry>
  </Placemark>
  <Placemark id="buildings.461">
	<Style><LineStyle><color>ff0000ff</color></LineStyle><PolyStyle><fill>0</fill></PolyStyle></Style>
	<ExtendedData><SchemaData schemaUrl="#buildings">
		<SimpleData name="full_id">w439269729</SimpleData>
		<SimpleData name="osm_id">439269729</SimpleData>
		<SimpleData name="osm_type">way</SimpleData>
		<SimpleData name="building">yes</SimpleData>
	</SchemaData></ExtendedData>
      <MultiGeometry><Polygon><outerBoundaryIs><LinearRing><coordinates>80.2152003,6.0348728 80.2151918,6.0349514 80.2152724,6.03496 80.215281,6.0348808 80.2153777,6.0348912 80.215389,6.0347864 80.2151947,6.0347656 80.2151833,6.0348709 80.2152003,6.0348728</coordinates></LinearRing></outerBoundaryIs></Polygon></MultiGeometry>
  </Placemark>
  <Placemark id="buildings.462">
	<Style><LineStyle><color>ff0000ff</color></LineStyle><PolyStyle><fill>0</fill></PolyStyle></Style>
	<ExtendedData><SchemaData schemaUrl="#buildings">
		<SimpleData name="full_id">w439269728</SimpleData>
		<SimpleData name="osm_id">439269728</SimpleData>
		<SimpleData name="osm_type">way</SimpleData>
		<SimpleData name="building">yes</SimpleData>
	</SchemaData></ExtendedData>
      <MultiGeometry><Polygon><outerBoundaryIs><LinearRing><coordinates>80.2156597,6.0351044 80.21566,6.0351014 80.2155605,6.0350906 80.2155467,6.0352169 80.2156479,6.0352278 80.215651,6.035199 80.215686,6.0352027 80.2156962,6.0351084 80.2156597,6.0351044</coordinates></LinearRing></outerBoundaryIs></Polygon></MultiGeometry>
  </Placemark>
  <Placemark id="buildings.463">
	<Style><LineStyle><color>ff0000ff</color></LineStyle><PolyStyle><fill>0</fill></PolyStyle></Style>
	<ExtendedData><SchemaData schemaUrl="#buildings">
		<SimpleData name="full_id">w439270089</SimpleData>
		<SimpleData name="osm_id">439270089</SimpleData>
		<SimpleData name="osm_type">way</SimpleData>
		<SimpleData name="building">yes</SimpleData>
	</SchemaData></ExtendedData>
      <MultiGeometry><Polygon><outerBoundaryIs><LinearRing><coordinates>80.2146091,6.034825 80.2147217,6.0348357 80.2147382,6.0346641 80.2146255,6.0346534 80.2146091,6.034825</coordinates></LinearRing></outerBoundaryIs></Polygon></MultiGeometry>
  </Placemark>
  <Placemark id="buildings.464">
	<Style><LineStyle><color>ff0000ff</color></LineStyle><PolyStyle><fill>0</fill></PolyStyle></Style>
	<ExtendedData><SchemaData schemaUrl="#buildings">
		<SimpleData name="full_id">w439270084</SimpleData>
		<SimpleData name="osm_id">439270084</SimpleData>
		<SimpleData name="osm_type">way</SimpleData>
		<SimpleData name="building">yes</SimpleData>
	</SchemaData></ExtendedData>
      <MultiGeometry><Polygon><outerBoundaryIs><LinearRing><coordinates>80.2154081,6.0348963 80.2154953,6.0349043 80.2155021,6.0348313 80.2154149,6.0348233 80.2154081,6.0348963</coordinates></LinearRing></outerBoundaryIs></Polygon></MultiGeometry>
  </Placemark>
  <Placemark id="buildings.465">
	<Style><LineStyle><color>ff0000ff</color></LineStyle><PolyStyle><fill>0</fill></PolyStyle></Style>
	<ExtendedData><SchemaData schemaUrl="#buildings">
		<SimpleData name="full_id">w439270060</SimpleData>
		<SimpleData name="osm_id">439270060</SimpleData>
		<SimpleData name="osm_type">way</SimpleData>
		<SimpleData name="building">yes</SimpleData>
	</SchemaData></ExtendedData>
      <MultiGeometry><Polygon><outerBoundaryIs><LinearRing><coordinates>80.2146021,6.0348977 80.2147148,6.0349083 80.2147217,6.0348357 80.2146091,6.034825 80.2146021,6.0348977</coordinates></LinearRing></outerBoundaryIs></Polygon></MultiGeometry>
  </Placemark>
  <Placemark id="buildings.466">
	<Style><LineStyle><color>ff0000ff</color></LineStyle><PolyStyle><fill>0</fill></PolyStyle></Style>
	<ExtendedData><SchemaData schemaUrl="#buildings">
		<SimpleData name="full_id">w439270053</SimpleData>
		<SimpleData name="osm_id">439270053</SimpleData>
		<SimpleData name="osm_type">way</SimpleData>
		<SimpleData name="building">yes</SimpleData>
	</SchemaData></ExtendedData>
      <MultiGeometry><Polygon><outerBoundaryIs><LinearRing><coordinates>80.2153733,6.035047 80.2154658,6.0350577 80.2154799,6.0349371 80.2153873,6.0349265 80.2153733,6.035047</coordinates></LinearRing></outerBoundaryIs></Polygon></MultiGeometry>
  </Placemark>
  <Placemark id="buildings.467">
	<Style><LineStyle><color>ff0000ff</color></LineStyle><PolyStyle><fill>0</fill></PolyStyle></Style>
	<ExtendedData><SchemaData schemaUrl="#buildings">
		<SimpleData name="full_id">w439270041</SimpleData>
		<SimpleData name="osm_id">439270041</SimpleData>
		<SimpleData name="osm_type">way</SimpleData>
		<SimpleData name="building">yes</SimpleData>
	</SchemaData></ExtendedData>
      <MultiGeometry><Polygon><outerBoundaryIs><LinearRing><coordinates>80.2153944,6.0348041 80.2155012,6.0348164 80.2155082,6.0347559 80.2154015,6.0347436 80.2153944,6.0348041</coordinates></LinearRing></outerBoundaryIs></Polygon></MultiGeometry>
  </Placemark>
  <Placemark id="buildings.468">
	<Style><LineStyle><color>ff0000ff</color></LineStyle><PolyStyle><fill>0</fill></PolyStyle></Style>
	<ExtendedData><SchemaData schemaUrl="#buildings">
		<SimpleData name="full_id">w439270027</SimpleData>
		<SimpleData name="osm_id">439270027</SimpleData>
		<SimpleData name="osm_type">way</SimpleData>
		<SimpleData name="building">yes</SimpleData>
	</SchemaData></ExtendedData>
      <MultiGeometry><Polygon><outerBoundaryIs><LinearRing><coordinates>80.2153304,6.0349656 80.2153706,6.034971 80.2153801,6.0349006 80.2153398,6.0348953 80.2153304,6.0349656</coordinates></LinearRing></outerBoundaryIs></Polygon></MultiGeometry>
  </Placemark>
  <Placemark id="buildings.469">
	<Style><LineStyle><color>ff0000ff</color></LineStyle><PolyStyle><fill>0</fill></PolyStyle></Style>
	<ExtendedData><SchemaData schemaUrl="#buildings">
		<SimpleData name="full_id">w439270018</SimpleData>
		<SimpleData name="osm_id">439270018</SimpleData>
		<SimpleData name="osm_type">way</SimpleData>
		<SimpleData name="building">yes</SimpleData>
	</SchemaData></ExtendedData>
      <MultiGeometry><Polygon><outerBoundaryIs><LinearRing><coordinates>80.2148864,6.0351164 80.2151842,6.0351404 80.2151928,6.0350342 80.2148951,6.0350102 80.2148864,6.0351164</coordinates></LinearRing></outerBoundaryIs></Polygon></MultiGeometry>
  </Placemark>
  <Placemark id="buildings.470">
	<Style><LineStyle><color>ff0000ff</color></LineStyle><PolyStyle><fill>0</fill></PolyStyle></Style>
	<ExtendedData><SchemaData schemaUrl="#buildings">
		<SimpleData name="full_id">w448657095</SimpleData>
		<SimpleData name="osm_id">448657095</SimpleData>
		<SimpleData name="osm_type">way</SimpleData>
		<SimpleData name="building">house</SimpleData>
		<SimpleData name="roof_colou">#800000</SimpleData>
		<SimpleData name="roof_shape">gabled</SimpleData>
		<SimpleData name="roof_heigh">0.71</SimpleData>
		<SimpleData name="height">6.78</SimpleData>
	</SchemaData></ExtendedData>
      <MultiGeometry><Polygon><outerBoundaryIs><LinearRing><coordinates>80.2181547,6.0245392 80.2184928,6.0246096 80.2184977,6.0245854 80.2181619,6.0245074 80.2181547,6.0245392</coordinates></LinearRing></outerBoundaryIs></Polygon></MultiGeometry>
  </Placemark>
  <Placemark id="buildings.471">
	<Style><LineStyle><color>ff0000ff</color></LineStyle><PolyStyle><fill>0</fill></PolyStyle></Style>
	<ExtendedData><SchemaData schemaUrl="#buildings">
		<SimpleData name="full_id">w448657093</SimpleData>
		<SimpleData name="osm_id">448657093</SimpleData>
		<SimpleData name="osm_type">way</SimpleData>
		<SimpleData name="building">house</SimpleData>
		<SimpleData name="roof_colou">#800000</SimpleData>
		<SimpleData name="roof_shape">gabled</SimpleData>
		<SimpleData name="roof_heigh">0.81</SimpleData>
		<SimpleData name="height">6.77</SimpleData>
	</SchemaData></ExtendedData>
      <MultiGeometry><Polygon><outerBoundaryIs><LinearRing><coordinates>80.2181471,6.0245777 80.2184848,6.0246467 80.2184923,6.0246113 80.2181546,6.0245413 80.2181471,6.0245777</coordinates></LinearRing></outerBoundaryIs></Polygon></MultiGeometry>
  </Placemark>
  <Placemark id="buildings.472">
	<name>Galle Clock Tower</name>
	<Style><LineStyle><color>ff0000ff</color></LineStyle><PolyStyle><fill>0</fill></PolyStyle></Style>
	<ExtendedData><SchemaData schemaUrl="#buildings">
		<SimpleData name="full_id">w448490474</SimpleData>
		<SimpleData name="osm_id">448490474</SimpleData>
		<SimpleData name="osm_type">way</SimpleData>
		<SimpleData name="building">yes</SimpleData>
		<SimpleData name="tower_type">bell_tower</SimpleData>
		<SimpleData name="building_1">stone</SimpleData>
		<SimpleData name="man_made">tower</SimpleData>
		<SimpleData name="wikipedia">en:Galle Clock Tower</SimpleData>
		<SimpleData name="roof_shape">flat</SimpleData>
		<SimpleData name="height">25.3</SimpleData>
		<SimpleData name="alt_name">Anthonisz Memorial Clock Tower</SimpleData>
		<SimpleData name="image">https://photos.app.goo.gl/GoYRsJEZCM6PwNVt7</SimpleData>
	</SchemaData></ExtendedData>
      <MultiGeometry><Polygon><outerBoundaryIs><LinearRing><coordinates>80.2150415,6.0300543 80.2151042,6.0300632 80.2151084,6.030034 80.2151129,6.0300024 80.2150502,6.0299935 80.2150459,6.0300239 80.2150415,6.0300543</coordinates></LinearRing></outerBoundaryIs></Polygon></MultiGeometry>
  </Placemark>
  <Placemark id="buildings.473">
	<name>Mamas Roof Top Restauarant</name>
	<Style><LineStyle><color>ff0000ff</color></LineStyle><PolyStyle><fill>0</fill></PolyStyle></Style>
	<ExtendedData><SchemaData schemaUrl="#buildings">
		<SimpleData name="full_id">w448490096</SimpleData>
		<SimpleData name="osm_id">448490096</SimpleData>
		<SimpleData name="osm_type">way</SimpleData>
		<SimpleData name="building">yes</SimpleData>
		<SimpleData name="building_l">2</SimpleData>
	</SchemaData></ExtendedData>
      <MultiGeometry><Polygon><outerBoundaryIs><LinearRing><coordinates>80.2186162,6.0251802 80.2189202,6.0252135 80.2189221,6.0251669 80.2186207,6.0251457 80.2186162,6.0251802</coordinates></LinearRing></outerBoundaryIs></Polygon></MultiGeometry>
  </Placemark>
  <Placemark id="buildings.474">
	<Style><LineStyle><color>ff0000ff</color></LineStyle><PolyStyle><fill>0</fill></PolyStyle></Style>
	<ExtendedData><SchemaData schemaUrl="#buildings">
		<SimpleData name="full_id">w448490047</SimpleData>
		<SimpleData name="osm_id">448490047</SimpleData>
		<SimpleData name="osm_type">way</SimpleData>
		<SimpleData name="building">house</SimpleData>
	</SchemaData></ExtendedData>
      <MultiGeometry><Polygon><outerBoundaryIs><LinearRing><coordinates>80.2187986,6.0254625 80.2189176,6.0254682 80.2189183,6.0254049 80.218801,6.0253925 80.2187986,6.0254625</coordinates></LinearRing></outerBoundaryIs></Polygon></MultiGeometry>
  </Placemark>
  <Placemark id="buildings.475">
	<Style><LineStyle><color>ff0000ff</color></LineStyle><PolyStyle><fill>0</fill></PolyStyle></Style>
	<ExtendedData><SchemaData schemaUrl="#buildings">
		<SimpleData name="full_id">w448489169</SimpleData>
		<SimpleData name="osm_id">448489169</SimpleData>
		<SimpleData name="osm_type">way</SimpleData>
		<SimpleData name="building">house</SimpleData>
		<SimpleData name="roof_colou">#800000</SimpleData>
		<SimpleData name="roof_shape">gabled</SimpleData>
		<SimpleData name="roof_heigh">1.40</SimpleData>
		<SimpleData name="building_l">2</SimpleData>
	</SchemaData></ExtendedData>
      <MultiGeometry><Polygon><outerBoundaryIs><LinearRing><coordinates>80.2185985,6.0248454 80.2186982,6.0248518 80.2187044,6.0247873 80.2186563,6.0247827 80.218661,6.0247454 80.2186151,6.0247435 80.2186043,6.0248037 80.2185985,6.0248454</coordinates></LinearRing></outerBoundaryIs></Polygon></MultiGeometry>
  </Placemark>
  <Placemark id="buildings.476">
	<Style><LineStyle><color>ff0000ff</color></LineStyle><PolyStyle><fill>0</fill></PolyStyle></Style>
	<ExtendedData><SchemaData schemaUrl="#buildings">
		<SimpleData name="full_id">w448489166</SimpleData>
		<SimpleData name="osm_id">448489166</SimpleData>
		<SimpleData name="osm_type">way</SimpleData>
		<SimpleData name="building">yes</SimpleData>
		<SimpleData name="building_l">1</SimpleData>
	</SchemaData></ExtendedData>
      <MultiGeometry><Polygon><outerBoundaryIs><LinearRing><coordinates>80.218597,6.0248455 80.2185997,6.0248264 80.2185836,6.0248247 80.2185803,6.0248439 80.218597,6.0248455</coordinates></LinearRing></outerBoundaryIs></Polygon></MultiGeometry>
  </Placemark>
  <Placemark id="buildings.477">
	<Style><LineStyle><color>ff0000ff</color></LineStyle><PolyStyle><fill>0</fill></PolyStyle></Style>
	<ExtendedData><SchemaData schemaUrl="#buildings">
		<SimpleData name="full_id">w448488149</SimpleData>
		<SimpleData name="osm_id">448488149</SimpleData>
		<SimpleData name="osm_type">way</SimpleData>
		<SimpleData name="building">house</SimpleData>
		<SimpleData name="roof_shape">gabled</SimpleData>
		<SimpleData name="roof_heigh">1.55</SimpleData>
	</SchemaData></ExtendedData>
      <MultiGeometry><Polygon><outerBoundaryIs><LinearRing><coordinates>80.2189256,6.0250023 80.2186428,6.0249869 80.2186311,6.0250749 80.2189244,6.0250917 80.2189256,6.0250023</coordinates></LinearRing></outerBoundaryIs></Polygon></MultiGeometry>
  </Placemark>
  <Placemark id="buildings.478">
	<Style><LineStyle><color>ff0000ff</color></LineStyle><PolyStyle><fill>0</fill></PolyStyle></Style>
	<ExtendedData><SchemaData schemaUrl="#buildings">
		<SimpleData name="full_id">w448664804</SimpleData>
		<SimpleData name="osm_id">448664804</SimpleData>
		<SimpleData name="osm_type">way</SimpleData>
		<SimpleData name="building">house</SimpleData>
		<SimpleData name="roof_shape">gabled</SimpleData>
		<SimpleData name="roof_heigh">2.00</SimpleData>
		<SimpleData name="height">4.34</SimpleData>
	</SchemaData></ExtendedData>
      <MultiGeometry><Polygon><outerBoundaryIs><LinearRing><coordinates>80.2180435,6.0250508 80.2180493,6.0250187 80.2177789,6.0249759 80.2177881,6.0249265 80.2176795,6.0249064 80.2176631,6.0249844 80.2180435,6.0250508</coordinates></LinearRing></outerBoundaryIs></Polygon></MultiGeometry>
  </Placemark>
  <Placemark id="buildings.479">
	<Style><LineStyle><color>ff0000ff</color></LineStyle><PolyStyle><fill>0</fill></PolyStyle></Style>
	<ExtendedData><SchemaData schemaUrl="#buildings">
		<SimpleData name="full_id">w448664803</SimpleData>
		<SimpleData name="osm_id">448664803</SimpleData>
		<SimpleData name="osm_type">way</SimpleData>
		<SimpleData name="building">house</SimpleData>
		<SimpleData name="roof_shape">gabled</SimpleData>
		<SimpleData name="roof_heigh">1.62</SimpleData>
		<SimpleData name="height">3.53</SimpleData>
	</SchemaData></ExtendedData>
      <MultiGeometry><Polygon><outerBoundaryIs><LinearRing><coordinates>80.2180559,6.0249658 80.2180687,6.0248982 80.2179757,6.0248818 80.2177748,6.0248464 80.2176927,6.0248319 80.2176785,6.024901 80.2177631,6.0249155 80.2179626,6.0249498 80.2180559,6.0249658</coordinates></LinearRing></outerBoundaryIs></Polygon></MultiGeometry>
  </Placemark>
  <Placemark id="buildings.480">
	<Style><LineStyle><color>ff0000ff</color></LineStyle><PolyStyle><fill>0</fill></PolyStyle></Style>
	<ExtendedData><SchemaData schemaUrl="#buildings">
		<SimpleData name="full_id">w448664802</SimpleData>
		<SimpleData name="osm_id">448664802</SimpleData>
		<SimpleData name="osm_type">way</SimpleData>
		<SimpleData name="building">house</SimpleData>
	</SchemaData></ExtendedData>
      <MultiGeometry><Polygon><outerBoundaryIs><LinearRing><coordinates>80.2176813,6.0247758 80.2177088,6.0246928 80.2176487,6.0246731 80.2176213,6.0247562 80.2176813,6.0247758</coordinates></LinearRing></outerBoundaryIs></Polygon></MultiGeometry>
  </Placemark>
  <Placemark id="buildings.481">
	<Style><LineStyle><color>ff0000ff</color></LineStyle><PolyStyle><fill>0</fill></PolyStyle></Style>
	<ExtendedData><SchemaData schemaUrl="#buildings">
		<SimpleData name="full_id">w448658817</SimpleData>
		<SimpleData name="osm_id">448658817</SimpleData>
		<SimpleData name="osm_type">way</SimpleData>
		<SimpleData name="building">house</SimpleData>
		<SimpleData name="roof_shape">gabled</SimpleData>
		<SimpleData name="roof_heigh">1.33</SimpleData>
	</SchemaData></ExtendedData>
      <MultiGeometry><Polygon><outerBoundaryIs><LinearRing><coordinates>80.2186214,6.0251423 80.2189219,6.0251635 80.2189235,6.0250961 80.2186301,6.0250789 80.2186214,6.0251423</coordinates></LinearRing></outerBoundaryIs></Polygon></MultiGeometry>
  </Placemark>
  <Placemark id="buildings.482">
	<Style><LineStyle><color>ff0000ff</color></LineStyle><PolyStyle><fill>0</fill></PolyStyle></Style>
	<ExtendedData><SchemaData schemaUrl="#buildings">
		<SimpleData name="full_id">w448658722</SimpleData>
		<SimpleData name="osm_id">448658722</SimpleData>
		<SimpleData name="osm_type">way</SimpleData>
		<SimpleData name="building">yes</SimpleData>
		<SimpleData name="roof_shape">gabled</SimpleData>
		<SimpleData name="roof_heigh">0.71</SimpleData>
		<SimpleData name="height">4.02</SimpleData>
		<SimpleData name="building_l">2</SimpleData>
	</SchemaData></ExtendedData>
      <MultiGeometry><Polygon><outerBoundaryIs><LinearRing><coordinates>80.2194517,6.0245837 80.2194705,6.0245174 80.2194265,6.0245051 80.2194077,6.0245713 80.2194517,6.0245837</coordinates></LinearRing></outerBoundaryIs></Polygon></MultiGeometry>
  </Placemark>
  <Placemark id="buildings.483">
	<name>Galle Muslim Cultural Assosiation</name>
	<Style><LineStyle><color>ff0000ff</color></LineStyle><PolyStyle><fill>0</fill></PolyStyle></Style>
	<ExtendedData><SchemaData schemaUrl="#buildings">
		<SimpleData name="full_id">w448657367</SimpleData>
		<SimpleData name="osm_id">448657367</SimpleData>
		<SimpleData name="osm_type">way</SimpleData>
		<SimpleData name="building">yes</SimpleData>
		<SimpleData name="roof_colou">#800000</SimpleData>
		<SimpleData name="building_c">#FFFFFF</SimpleData>
		<SimpleData name="roof_shape">hipped</SimpleData>
		<SimpleData name="roof_heigh">2.48</SimpleData>
		<SimpleData name="height">7.64</SimpleData>
		<SimpleData name="building_l">2</SimpleData>
		<SimpleData name="amenity">cultural_centre</SimpleData>
	</SchemaData></ExtendedData>
      <MultiGeometry><Polygon><outerBoundaryIs><LinearRing><coordinates>80.2182787,6.0244365 80.218399,6.0244666 80.2184083,6.0244297 80.2183638,6.0244187 80.2183336,6.0244104 80.2182882,6.0243992 80.2182787,6.0244365</coordinates></LinearRing></outerBoundaryIs></Polygon></MultiGeometry>
  </Placemark>
  <Placemark id="buildings.484">
	<Style><LineStyle><color>ff0000ff</color></LineStyle><PolyStyle><fill>0</fill></PolyStyle></Style>
	<ExtendedData><SchemaData schemaUrl="#buildings">
		<SimpleData name="full_id">w448657097</SimpleData>
		<SimpleData name="osm_id">448657097</SimpleData>
		<SimpleData name="osm_type">way</SimpleData>
		<SimpleData name="building">house</SimpleData>
		<SimpleData name="roof_colou">#800000</SimpleData>
		<SimpleData name="roof_shape">gabled</SimpleData>
		<SimpleData name="roof_heigh">0.66</SimpleData>
	</SchemaData></ExtendedData>
      <MultiGeometry><Polygon><outerBoundaryIs><LinearRing><coordinates>80.2184474,6.0248213 80.2184696,6.0247155 80.2184329,6.0247082 80.2184094,6.0248148 80.2184474,6.0248213</coordinates></LinearRing></outerBoundaryIs></Polygon></MultiGeometry>
  </Placemark>
  <Placemark id="buildings.485">
	<Style><LineStyle><color>ff0000ff</color></LineStyle><PolyStyle><fill>0</fill></PolyStyle></Style>
	<ExtendedData><SchemaData schemaUrl="#buildings">
		<SimpleData name="full_id">w448657096</SimpleData>
		<SimpleData name="osm_id">448657096</SimpleData>
		<SimpleData name="osm_type">way</SimpleData>
		<SimpleData name="building">house</SimpleData>
		<SimpleData name="roof_colou">#800000</SimpleData>
		<SimpleData name="roof_shape">gabled</SimpleData>
		<SimpleData name="roof_heigh">2.02</SimpleData>
		<SimpleData name="height">4.66</SimpleData>
	</SchemaData></ExtendedData>
      <MultiGeometry><Polygon><outerBoundaryIs><LinearRing><coordinates>80.2181623,6.0245051 80.2184987,6.024584 80.2185097,6.024532 80.2183905,6.024504 80.2183988,6.0244682 80.2182763,6.0244375 80.2182865,6.0243986 80.2181929,6.024376 80.2181623,6.0245051</coordinates></LinearRing></outerBoundaryIs></Polygon></MultiGeometry>
  </Placemark>
  <Placemark id="buildings.486">
	<Style><LineStyle><color>ff0000ff</color></LineStyle><PolyStyle><fill>0</fill></PolyStyle></Style>
	<ExtendedData><SchemaData schemaUrl="#buildings">
		<SimpleData name="full_id">w449128377</SimpleData>
		<SimpleData name="osm_id">449128377</SimpleData>
		<SimpleData name="osm_type">way</SimpleData>
		<SimpleData name="building">house</SimpleData>
		<SimpleData name="roof_shape">gabled</SimpleData>
		<SimpleData name="roof_heigh">1.54</SimpleData>
		<SimpleData name="height">9.53</SimpleData>
	</SchemaData></ExtendedData>
      <MultiGeometry><Polygon><outerBoundaryIs><LinearRing><coordinates>80.2184035,6.0254116 80.2184093,6.0253565 80.2183244,6.0253395 80.218317,6.0253916 80.2184035,6.0254116</coordinates></LinearRing></outerBoundaryIs></Polygon></MultiGeometry>
  </Placemark>
  <Placemark id="buildings.487">
	<Style><LineStyle><color>ff0000ff</color></LineStyle><PolyStyle><fill>0</fill></PolyStyle></Style>
	<ExtendedData><SchemaData schemaUrl="#buildings">
		<SimpleData name="full_id">w449128376</SimpleData>
		<SimpleData name="osm_id">449128376</SimpleData>
		<SimpleData name="osm_type">way</SimpleData>
		<SimpleData name="building">house</SimpleData>
		<SimpleData name="roof_shape">gabled</SimpleData>
		<SimpleData name="roof_heigh">1.19</SimpleData>
		<SimpleData name="height">8.65</SimpleData>
	</SchemaData></ExtendedData>
      <MultiGeometry><Polygon><outerBoundaryIs><LinearRing><coordinates>80.2182615,6.0253798 80.2183157,6.0253912 80.2183234,6.0253395 80.2182708,6.0253298 80.2182615,6.0253798</coordinates></LinearRing></outerBoundaryIs></Polygon></MultiGeometry>
  </Placemark>
  <Placemark id="buildings.488">
	<Style><LineStyle><color>ff0000ff</color></LineStyle><PolyStyle><fill>0</fill></PolyStyle></Style>
	<ExtendedData><SchemaData schemaUrl="#buildings">
		<SimpleData name="full_id">w449126787</SimpleData>
		<SimpleData name="osm_id">449126787</SimpleData>
		<SimpleData name="osm_type">way</SimpleData>
		<SimpleData name="building">house</SimpleData>
	</SchemaData></ExtendedData>
      <MultiGeometry><Polygon><outerBoundaryIs><LinearRing><coordinates>80.2168883,6.0262242 80.2170723,6.0262753 80.2170928,6.0262022 80.2169088,6.0261512 80.2168883,6.0262242</coordinates></LinearRing></outerBoundaryIs></Polygon></MultiGeometry>
  </Placemark>
  <Placemark id="buildings.489">
	<Style><LineStyle><color>ff0000ff</color></LineStyle><PolyStyle><fill>0</fill></PolyStyle></Style>
	<ExtendedData><SchemaData schemaUrl="#buildings">
		<SimpleData name="full_id">w449126786</SimpleData>
		<SimpleData name="osm_id">449126786</SimpleData>
		<SimpleData name="osm_type">way</SimpleData>
		<SimpleData name="building">house</SimpleData>
	</SchemaData></ExtendedData>
      <MultiGeometry><Polygon><outerBoundaryIs><LinearRing><coordinates>80.2168518,6.0263405 80.217152,6.0264202 80.2171816,6.0263101 80.2168814,6.0262304 80.2168518,6.0263405</coordinates></LinearRing></outerBoundaryIs></Polygon></MultiGeometry>
  </Placemark>
  <Placemark id="buildings.490">
	<Style><LineStyle><color>ff0000ff</color></LineStyle><PolyStyle><fill>0</fill></PolyStyle></Style>
	<ExtendedData><SchemaData schemaUrl="#buildings">
		<SimpleData name="full_id">w449126785</SimpleData>
		<SimpleData name="osm_id">449126785</SimpleData>
		<SimpleData name="osm_type">way</SimpleData>
		<SimpleData name="building">house</SimpleData>
	</SchemaData></ExtendedData>
      <MultiGeometry><Polygon><outerBoundaryIs><LinearRing><coordinates>80.2163588,6.026017 80.2162819,6.026001 80.2162347,6.0261889 80.2163125,6.0262069 80.2163588,6.026017</coordinates></LinearRing></outerBoundaryIs></Polygon></MultiGeometry>
  </Placemark>
  <Placemark id="buildings.491">
	<Style><LineStyle><color>ff0000ff</color></LineStyle><PolyStyle><fill>0</fill></PolyStyle></Style>
	<ExtendedData><SchemaData schemaUrl="#buildings">
		<SimpleData name="full_id">w449125671</SimpleData>
		<SimpleData name="osm_id">449125671</SimpleData>
		<SimpleData name="osm_type">way</SimpleData>
		<SimpleData name="building">yes</SimpleData>
	</SchemaData></ExtendedData>
      <MultiGeometry><Polygon><outerBoundaryIs><LinearRing><coordinates>80.2159264,6.025636 80.2159921,6.0256514 80.2160042,6.0256 80.2159445,6.0255847 80.2159264,6.025636</coordinates></LinearRing></outerBoundaryIs></Polygon></MultiGeometry>
  </Placemark>
  <Placemark id="buildings.492">
	<name>Stupa</name>
	<Style><LineStyle><color>ff0000ff</color></LineStyle><PolyStyle><fill>0</fill></PolyStyle></Style>
	<ExtendedData><SchemaData schemaUrl="#buildings">
		<SimpleData name="full_id">w449120991</SimpleData>
		<SimpleData name="osm_id">449120991</SimpleData>
		<SimpleData name="osm_type">way</SimpleData>
		<SimpleData name="building">yes</SimpleData>
		<SimpleData name="roof_shape">onion</SimpleData>
		<SimpleData name="building_l">3</SimpleData>
	</SchemaData></ExtendedData>
      <MultiGeometry><Polygon><outerBoundaryIs><LinearRing><coordinates>80.2153429,6.0270067 80.2153454,6.0269849 80.215327,6.0269827 80.2153244,6.0270046 80.2153429,6.0270067</coordinates></LinearRing></outerBoundaryIs></Polygon></MultiGeometry>
  </Placemark>
  <Placemark id="buildings.493">
	<name>Stupa</name>
	<Style><LineStyle><color>ff0000ff</color></LineStyle><PolyStyle><fill>0</fill></PolyStyle></Style>
	<ExtendedData><SchemaData schemaUrl="#buildings">
		<SimpleData name="full_id">w449120990</SimpleData>
		<SimpleData name="osm_id">449120990</SimpleData>
		<SimpleData name="osm_type">way</SimpleData>
		<SimpleData name="building">yes</SimpleData>
		<SimpleData name="roof_shape">dome</SimpleData>
		<SimpleData name="building_l">2</SimpleData>
		<SimpleData name="image">https://photos.app.goo.gl/RprSatygxCtnd23D7</SimpleData>
	</SchemaData></ExtendedData>
      <MultiGeometry><Polygon><outerBoundaryIs><LinearRing><coordinates>80.2153733,6.0269917 80.2153705,6.026979 80.2153636,6.0269679 80.2153535,6.0269596 80.2153411,6.0269552 80.215328,6.0269551 80.2153156,6.0269593 80.2153053,6.0269673 80.2152983,6.0269783 80.2152953,6.0269905 80.2152963,6.027003 80.2153014,6.0270146 80.2153099,6.0270239 80.2153209,6.02703 80.2153334,6.0270323 80.2153459,6.0270305 80.2153572,6.0270249 80.2153661,6.0270159 80.2153716,6.0270046 80.2153733,6.0269917</coordinates></LinearRing></outerBoundaryIs></Polygon></MultiGeometry>
  </Placemark>
  <Placemark id="buildings.494">
	<Style><LineStyle><color>ff0000ff</color></LineStyle><PolyStyle><fill>0</fill></PolyStyle></Style>
	<ExtendedData><SchemaData schemaUrl="#buildings">
		<SimpleData name="full_id">w449201139</SimpleData>
		<SimpleData name="osm_id">449201139</SimpleData>
		<SimpleData name="osm_type">way</SimpleData>
		<SimpleData name="building">house</SimpleData>
	</SchemaData></ExtendedData>
      <MultiGeometry><Polygon><outerBoundaryIs><LinearRing><coordinates>80.2185754,6.02528 80.2185812,6.025236 80.2184931,6.0252299 80.2184868,6.0252717 80.2185754,6.02528</coordinates></LinearRing></outerBoundaryIs></Polygon></MultiGeometry>
  </Placemark>
  <Placemark id="buildings.495">
	<Style><LineStyle><color>ff0000ff</color></LineStyle><PolyStyle><fill>0</fill></PolyStyle></Style>
	<ExtendedData><SchemaData schemaUrl="#buildings">
		<SimpleData name="full_id">w449129095</SimpleData>
		<SimpleData name="osm_id">449129095</SimpleData>
		<SimpleData name="osm_type">way</SimpleData>
		<SimpleData name="building">house</SimpleData>
		<SimpleData name="roof_shape">gabled</SimpleData>
		<SimpleData name="roof_heigh">1.15</SimpleData>
	</SchemaData></ExtendedData>
      <MultiGeometry><Polygon><outerBoundaryIs><LinearRing><coordinates>80.2186428,6.0248735 80.2186087,6.0248719 80.2185686,6.0251651 80.2186042,6.0251706 80.2186428,6.0248735</coordinates></LinearRing></outerBoundaryIs></Polygon></MultiGeometry>
  </Placemark>
  <Placemark id="buildings.496">
	<Style><LineStyle><color>ff0000ff</color></LineStyle><PolyStyle><fill>0</fill></PolyStyle></Style>
	<ExtendedData><SchemaData schemaUrl="#buildings">
		<SimpleData name="full_id">w449129094</SimpleData>
		<SimpleData name="osm_id">449129094</SimpleData>
		<SimpleData name="osm_type">way</SimpleData>
		<SimpleData name="building">house</SimpleData>
		<SimpleData name="roof_shape">gabled</SimpleData>
		<SimpleData name="roof_heigh">1.44</SimpleData>
	</SchemaData></ExtendedData>
      <MultiGeometry><Polygon><outerBoundaryIs><LinearRing><coordinates>80.2186039,6.0248713 80.218535,6.0248659 80.2185248,6.0249404 80.2185084,6.0250607 80.2184955,6.0251548 80.218564,6.0251659 80.2185771,6.0250689 80.2185933,6.0249496 80.2186039,6.0248713</coordinates></LinearRing></outerBoundaryIs></Polygon></MultiGeometry>
  </Placemark>
  <Placemark id="buildings.497">
	<Style><LineStyle><color>ff0000ff</color></LineStyle><PolyStyle><fill>0</fill></PolyStyle></Style>
	<ExtendedData><SchemaData schemaUrl="#buildings">
		<SimpleData name="full_id">w449129093</SimpleData>
		<SimpleData name="osm_id">449129093</SimpleData>
		<SimpleData name="osm_type">way</SimpleData>
		<SimpleData name="building">house</SimpleData>
		<SimpleData name="roof_shape">gabled</SimpleData>
		<SimpleData name="roof_heigh">1.43</SimpleData>
	</SchemaData></ExtendedData>
      <MultiGeometry><Polygon><outerBoundaryIs><LinearRing><coordinates>80.2184261,6.0252547 80.2184764,6.0252602 80.2185313,6.0248656 80.2184596,6.024857 80.2184149,6.0251829 80.2184347,6.025186 80.2184261,6.0252547</coordinates></LinearRing></outerBoundaryIs></Polygon></MultiGeometry>
  </Placemark>
  <Placemark id="buildings.498">
	<Style><LineStyle><color>ff0000ff</color></LineStyle><PolyStyle><fill>0</fill></PolyStyle></Style>
	<ExtendedData><SchemaData schemaUrl="#buildings">
		<SimpleData name="full_id">w449128381</SimpleData>
		<SimpleData name="osm_id">449128381</SimpleData>
		<SimpleData name="osm_type">way</SimpleData>
		<SimpleData name="building">house</SimpleData>
	</SchemaData></ExtendedData>
      <MultiGeometry><Polygon><outerBoundaryIs><LinearRing><coordinates>80.2184495,6.0254185 80.2186204,6.0254498 80.2186231,6.0253726 80.2184602,6.0253522 80.2184495,6.0254185</coordinates></LinearRing></outerBoundaryIs></Polygon></MultiGeometry>
  </Placemark>
  <Placemark id="buildings.499">
	<Style><LineStyle><color>ff0000ff</color></LineStyle><PolyStyle><fill>0</fill></PolyStyle></Style>
	<ExtendedData><SchemaData schemaUrl="#buildings">
		<SimpleData name="full_id">w449128380</SimpleData>
		<SimpleData name="osm_id">449128380</SimpleData>
		<SimpleData name="osm_type">way</SimpleData>
		<SimpleData name="building">house</SimpleData>
	</SchemaData></ExtendedData>
      <MultiGeometry><Polygon><outerBoundaryIs><LinearRing><coordinates>80.2185239,6.0253583 80.2189185,6.0254032 80.2189184,6.0253017 80.2184844,6.0252749 80.2184794,6.0253159 80.2184282,6.0253091 80.2184243,6.0253343 80.2184636,6.0253397 80.2184623,6.0253489 80.2185239,6.0253583</coordinates></LinearRing></outerBoundaryIs></Polygon></MultiGeometry>
  </Placemark>
  <Placemark id="buildings.500">
	<Style><LineStyle><color>ff0000ff</color></LineStyle><PolyStyle><fill>0</fill></PolyStyle></Style>
	<ExtendedData><SchemaData schemaUrl="#buildings">
		<SimpleData name="full_id">w449128379</SimpleData>
		<SimpleData name="osm_id">449128379</SimpleData>
		<SimpleData name="osm_type">way</SimpleData>
		<SimpleData name="building">house</SimpleData>
	</SchemaData></ExtendedData>
      <MultiGeometry><Polygon><outerBoundaryIs><LinearRing><coordinates>80.2184478,6.0254179 80.2184605,6.0253411 80.2184239,6.0253358 80.2184129,6.0254064 80.2184478,6.0254179</coordinates></LinearRing></outerBoundaryIs></Polygon></MultiGeometry>
  </Placemark>
  <Placemark id="buildings.501">
	<Style><LineStyle><color>ff0000ff</color></LineStyle><PolyStyle><fill>0</fill></PolyStyle></Style>
	<ExtendedData><SchemaData schemaUrl="#buildings">
		<SimpleData name="full_id">w449128378</SimpleData>
		<SimpleData name="osm_id">449128378</SimpleData>
		<SimpleData name="osm_type">way</SimpleData>
		<SimpleData name="building">house</SimpleData>
		<SimpleData name="building_l">2</SimpleData>
	</SchemaData></ExtendedData>
      <MultiGeometry><Polygon><outerBoundaryIs><LinearRing><coordinates>80.2184765,6.0253121 80.2184818,6.0252738 80.2184351,6.0252674 80.2184298,6.0253057 80.2184765,6.0253121</coordinates></LinearRing></outerBoundaryIs></Polygon></MultiGeometry>
  </Placemark>
  <Placemark id="buildings.502">
	<Style><LineStyle><color>ff0000ff</color></LineStyle><PolyStyle><fill>0</fill></PolyStyle></Style>
	<ExtendedData><SchemaData schemaUrl="#buildings">
		<SimpleData name="full_id">w439337717</SimpleData>
		<SimpleData name="osm_id">439337717</SimpleData>
		<SimpleData name="osm_type">way</SimpleData>
		<SimpleData name="building">yes</SimpleData>
	</SchemaData></ExtendedData>
      <MultiGeometry><Polygon><outerBoundaryIs><LinearRing><coordinates>80.2163596,6.0352784 80.2164079,6.0353038 80.2164505,6.0352235 80.2164022,6.0351982 80.2163596,6.0352784</coordinates></LinearRing></outerBoundaryIs></Polygon></MultiGeometry>
  </Placemark>
  <Placemark id="buildings.503">
	<Style><LineStyle><color>ff0000ff</color></LineStyle><PolyStyle><fill>0</fill></PolyStyle></Style>
	<ExtendedData><SchemaData schemaUrl="#buildings">
		<SimpleData name="full_id">w439337715</SimpleData>
		<SimpleData name="osm_id">439337715</SimpleData>
		<SimpleData name="osm_type">way</SimpleData>
		<SimpleData name="building">yes</SimpleData>
	</SchemaData></ExtendedData>
      <MultiGeometry><Polygon><outerBoundaryIs><LinearRing><coordinates>80.2164602,6.0353758 80.2165554,6.0354131 80.2165859,6.0353364 80.2164907,6.035299 80.2164602,6.0353758</coordinates></LinearRing></outerBoundaryIs></Polygon></MultiGeometry>
  </Placemark>
  <Placemark id="buildings.504">
	<Style><LineStyle><color>ff0000ff</color></LineStyle><PolyStyle><fill>0</fill></PolyStyle></Style>
	<ExtendedData><SchemaData schemaUrl="#buildings">
		<SimpleData name="full_id">w439337713</SimpleData>
		<SimpleData name="osm_id">439337713</SimpleData>
		<SimpleData name="osm_type">way</SimpleData>
		<SimpleData name="building">yes</SimpleData>
	</SchemaData></ExtendedData>
      <MultiGeometry><Polygon><outerBoundaryIs><LinearRing><coordinates>80.2162161,6.0354131 80.2163181,6.0354131 80.2163181,6.0353491 80.2162161,6.0353491 80.2162161,6.0354131</coordinates></LinearRing></outerBoundaryIs></Polygon></MultiGeometry>
  </Placemark>
  <Placemark id="buildings.505">
	<Style><LineStyle><color>ff0000ff</color></LineStyle><PolyStyle><fill>0</fill></PolyStyle></Style>
	<ExtendedData><SchemaData schemaUrl="#buildings">
		<SimpleData name="full_id">w439337727</SimpleData>
		<SimpleData name="osm_id">439337727</SimpleData>
		<SimpleData name="osm_type">way</SimpleData>
		<SimpleData name="building">yes</SimpleData>
	</SchemaData></ExtendedData>
      <MultiGeometry><Polygon><outerBoundaryIs><LinearRing><coordinates>80.2158892,6.0352017 80.215912,6.0352018 80.2159116,6.0352588 80.2159653,6.0352592 80.2159657,6.0352027 80.2159938,6.0352029 80.2159941,6.035164 80.2158895,6.0351632 80.2158892,6.0352017</coordinates></LinearRing></outerBoundaryIs></Polygon></MultiGeometry>
  </Placemark>
  <Placemark id="buildings.506">
	<Style><LineStyle><color>ff0000ff</color></LineStyle><PolyStyle><fill>0</fill></PolyStyle></Style>
	<ExtendedData><SchemaData schemaUrl="#buildings">
		<SimpleData name="full_id">w439337725</SimpleData>
		<SimpleData name="osm_id">439337725</SimpleData>
		<SimpleData name="osm_type">way</SimpleData>
		<SimpleData name="building">yes</SimpleData>
	</SchemaData></ExtendedData>
      <MultiGeometry><Polygon><outerBoundaryIs><LinearRing><coordinates>80.2165066,6.0352836 80.2165933,6.0353204 80.2166204,6.0352571 80.2165312,6.0352192 80.2165235,6.0352373 80.2164658,6.0352129 80.2164464,6.0352581 80.2165066,6.0352836</coordinates></LinearRing></outerBoundaryIs></Polygon></MultiGeometry>
  </Placemark>
  <Placemark id="buildings.507">
	<Style><LineStyle><color>ff0000ff</color></LineStyle><PolyStyle><fill>0</fill></PolyStyle></Style>
	<ExtendedData><SchemaData schemaUrl="#buildings">
		<SimpleData name="full_id">w439337721</SimpleData>
		<SimpleData name="osm_id">439337721</SimpleData>
		<SimpleData name="osm_type">way</SimpleData>
		<SimpleData name="building">yes</SimpleData>
	</SchemaData></ExtendedData>
      <MultiGeometry><Polygon><outerBoundaryIs><LinearRing><coordinates>80.2173004,6.0340448 80.2174801,6.0339594 80.2174353,6.0338661 80.2172556,6.0339514 80.2173004,6.0340448</coordinates></LinearRing></outerBoundaryIs></Polygon></MultiGeometry>
  </Placemark>
  <Placemark id="buildings.508">
	<Style><LineStyle><color>ff0000ff</color></LineStyle><PolyStyle><fill>0</fill></PolyStyle></Style>
	<ExtendedData><SchemaData schemaUrl="#buildings">
		<SimpleData name="full_id">w439337720</SimpleData>
		<SimpleData name="osm_id">439337720</SimpleData>
		<SimpleData name="osm_type">way</SimpleData>
		<SimpleData name="building">yes</SimpleData>
	</SchemaData></ExtendedData>
      <MultiGeometry><Polygon><outerBoundaryIs><LinearRing><coordinates>80.2159436,6.0354635 80.2160099,6.0354675 80.2160135,6.0354088 80.2159471,6.0354048 80.2159436,6.0354635</coordinates></LinearRing></outerBoundaryIs></Polygon></MultiGeometry>
  </Placemark>
  <Placemark id="buildings.509">
	<Style><LineStyle><color>ff0000ff</color></LineStyle><PolyStyle><fill>0</fill></PolyStyle></Style>
	<ExtendedData><SchemaData schemaUrl="#buildings">
		<SimpleData name="full_id">w439337719</SimpleData>
		<SimpleData name="osm_id">439337719</SimpleData>
		<SimpleData name="osm_type">way</SimpleData>
		<SimpleData name="building">yes</SimpleData>
	</SchemaData></ExtendedData>
      <MultiGeometry><Polygon><outerBoundaryIs><LinearRing><coordinates>80.217232,6.0332219 80.2172079,6.0331779 80.2171093,6.0332314 80.2171335,6.0332754 80.217232,6.0332219</coordinates></LinearRing></outerBoundaryIs></Polygon></MultiGeometry>
  </Placemark>
  <Placemark id="buildings.510">
	<Style><LineStyle><color>ff0000ff</color></LineStyle><PolyStyle><fill>0</fill></PolyStyle></Style>
	<ExtendedData><SchemaData schemaUrl="#buildings">
		<SimpleData name="full_id">w439337731</SimpleData>
		<SimpleData name="osm_id">439337731</SimpleData>
		<SimpleData name="osm_type">way</SimpleData>
		<SimpleData name="building">yes</SimpleData>
	</SchemaData></ExtendedData>
      <MultiGeometry><Polygon><outerBoundaryIs><LinearRing><coordinates>80.2158276,6.0353058 80.2158143,6.0353054 80.2158078,6.0353674 80.2158804,6.035375 80.2158868,6.035314 80.2158935,6.0352579 80.2158278,6.0352542 80.2158276,6.0353058</coordinates></LinearRing></outerBoundaryIs></Polygon></MultiGeometry>
  </Placemark>
  <Placemark id="buildings.511">
	<Style><LineStyle><color>ff0000ff</color></LineStyle><PolyStyle><fill>0</fill></PolyStyle></Style>
	<ExtendedData><SchemaData schemaUrl="#buildings">
		<SimpleData name="full_id">w439337730</SimpleData>
		<SimpleData name="osm_id">439337730</SimpleData>
		<SimpleData name="osm_type">way</SimpleData>
		<SimpleData name="building">yes</SimpleData>
	</SchemaData></ExtendedData>
      <MultiGeometry><Polygon><outerBoundaryIs><LinearRing><coordinates>80.2146879,6.0354925 80.214779,6.0355012 80.2147826,6.0354641 80.2148145,6.0354671 80.2148187,6.0354245 80.2147871,6.0354215 80.214788,6.0354123 80.2146965,6.0354035 80.2146879,6.0354925</coordinates></LinearRing></outerBoundaryIs></Polygon></MultiGeometry>
  </Placemark>
  <Placemark id="buildings.512">
	<Style><LineStyle><color>ff0000ff</color></LineStyle><PolyStyle><fill>0</fill></PolyStyle></Style>
	<ExtendedData><SchemaData schemaUrl="#buildings">
		<SimpleData name="full_id">w439337729</SimpleData>
		<SimpleData name="osm_id">439337729</SimpleData>
		<SimpleData name="osm_type">way</SimpleData>
		<SimpleData name="building">yes</SimpleData>
	</SchemaData></ExtendedData>
      <MultiGeometry><Polygon><outerBoundaryIs><LinearRing><coordinates>80.2169461,6.0354173 80.216899,6.0354797 80.2170262,6.0355744 80.2170732,6.035512 80.2169461,6.0354173</coordinates></LinearRing></outerBoundaryIs></Polygon></MultiGeometry>
  </Placemark>
  <Placemark id="buildings.513">
	<Style><LineStyle><color>ff0000ff</color></LineStyle><PolyStyle><fill>0</fill></PolyStyle></Style>
	<ExtendedData><SchemaData schemaUrl="#buildings">
		<SimpleData name="full_id">w447362720</SimpleData>
		<SimpleData name="osm_id">447362720</SimpleData>
		<SimpleData name="osm_type">way</SimpleData>
		<SimpleData name="building">house</SimpleData>
		<SimpleData name="roof_shape">gabled</SimpleData>
		<SimpleData name="roof_heigh">1.25</SimpleData>
		<SimpleData name="building_l">1</SimpleData>
	</SchemaData></ExtendedData>
      <MultiGeometry><Polygon><outerBoundaryIs><LinearRing><coordinates>80.218927,6.0248693 80.2189251,6.024809 80.2188667,6.0248027 80.2187097,6.0247859 80.2187013,6.0248504 80.2188592,6.0248636 80.218927,6.0248693</coordinates></LinearRing></outerBoundaryIs></Polygon></MultiGeometry>
  </Placemark>
  <Placemark id="buildings.514">
	<Style><LineStyle><color>ff0000ff</color></LineStyle><PolyStyle><fill>0</fill></PolyStyle></Style>
	<ExtendedData><SchemaData schemaUrl="#buildings">
		<SimpleData name="full_id">w447362718</SimpleData>
		<SimpleData name="osm_id">447362718</SimpleData>
		<SimpleData name="osm_type">way</SimpleData>
		<SimpleData name="building">house</SimpleData>
		<SimpleData name="roof_colou">#800000</SimpleData>
		<SimpleData name="roof_shape">gabled</SimpleData>
		<SimpleData name="roof_heigh">0.81</SimpleData>
		<SimpleData name="building_l">2</SimpleData>
	</SchemaData></ExtendedData>
      <MultiGeometry><Polygon><outerBoundaryIs><LinearRing><coordinates>80.2186604,6.0247784 80.2189254,6.0248063 80.2189255,6.0247653 80.2188992,6.0247631 80.2188923,6.0247625 80.218664,6.0247433 80.2186604,6.0247784</coordinates></LinearRing></outerBoundaryIs></Polygon></MultiGeometry>
  </Placemark>
  <Placemark id="buildings.515">
	<Style><LineStyle><color>ff0000ff</color></LineStyle><PolyStyle><fill>0</fill></PolyStyle></Style>
	<ExtendedData><SchemaData schemaUrl="#buildings">
		<SimpleData name="full_id">w447362457</SimpleData>
		<SimpleData name="osm_id">447362457</SimpleData>
		<SimpleData name="osm_type">way</SimpleData>
		<SimpleData name="building">house</SimpleData>
		<SimpleData name="roof_shape">gabled</SimpleData>
		<SimpleData name="roof_heigh">1.76</SimpleData>
	</SchemaData></ExtendedData>
      <MultiGeometry><Polygon><outerBoundaryIs><LinearRing><coordinates>80.2186437,6.0249834 80.2189254,6.0249981 80.2189262,6.0249491 80.2186495,6.0249342 80.2186437,6.0249834</coordinates></LinearRing></outerBoundaryIs></Polygon></MultiGeometry>
  </Placemark>
  <Placemark id="buildings.516">
	<Style><LineStyle><color>ff0000ff</color></LineStyle><PolyStyle><fill>0</fill></PolyStyle></Style>
	<ExtendedData><SchemaData schemaUrl="#buildings">
		<SimpleData name="full_id">w447362064</SimpleData>
		<SimpleData name="osm_id">447362064</SimpleData>
		<SimpleData name="osm_type">way</SimpleData>
		<SimpleData name="building">house</SimpleData>
		<SimpleData name="roof_colou">#800000</SimpleData>
		<SimpleData name="roof_shape">gabled</SimpleData>
		<SimpleData name="roof_heigh">1.52</SimpleData>
	</SchemaData></ExtendedData>
      <MultiGeometry><Polygon><outerBoundaryIs><LinearRing><coordinates>80.2186502,6.0249307 80.2189261,6.0249445 80.2189268,6.0248891 80.2186564,6.0248733 80.2186502,6.0249307</coordinates></LinearRing></outerBoundaryIs></Polygon></MultiGeometry>
  </Placemark>
  <Placemark id="buildings.517">
	<Style><LineStyle><color>ff0000ff</color></LineStyle><PolyStyle><fill>0</fill></PolyStyle></Style>
	<ExtendedData><SchemaData schemaUrl="#buildings">
		<SimpleData name="full_id">w447361644</SimpleData>
		<SimpleData name="osm_id">447361644</SimpleData>
		<SimpleData name="osm_type">way</SimpleData>
		<SimpleData name="building">house</SimpleData>
		<SimpleData name="roof_shape">gabled</SimpleData>
		<SimpleData name="roof_heigh">1.34</SimpleData>
		<SimpleData name="height">6.99</SimpleData>
	</SchemaData></ExtendedData>
      <MultiGeometry><Polygon><outerBoundaryIs><LinearRing><coordinates>80.2180913,6.0248959 80.2183426,6.0249343 80.2183517,6.0248758 80.2181016,6.0248374 80.2180913,6.0248959</coordinates></LinearRing></outerBoundaryIs></Polygon></MultiGeometry>
  </Placemark>
  <Placemark id="buildings.518">
	<Style><LineStyle><color>ff0000ff</color></LineStyle><PolyStyle><fill>0</fill></PolyStyle></Style>
	<ExtendedData><SchemaData schemaUrl="#buildings">
		<SimpleData name="full_id">w447360912</SimpleData>
		<SimpleData name="osm_id">447360912</SimpleData>
		<SimpleData name="osm_type">way</SimpleData>
		<SimpleData name="building">yes</SimpleData>
		<SimpleData name="building_l">2</SimpleData>
	</SchemaData></ExtendedData>
      <MultiGeometry><Polygon><outerBoundaryIs><LinearRing><coordinates>80.2187948,6.0254626 80.2187986,6.0253925 80.218625,6.0253739 80.2186221,6.0254491 80.2187948,6.0254626</coordinates></LinearRing></outerBoundaryIs></Polygon></MultiGeometry>
  </Placemark>
  <Placemark id="buildings.519">
	<Style><LineStyle><color>ff0000ff</color></LineStyle><PolyStyle><fill>0</fill></PolyStyle></Style>
	<ExtendedData><SchemaData schemaUrl="#buildings">
		<SimpleData name="full_id">w447360532</SimpleData>
		<SimpleData name="osm_id">447360532</SimpleData>
		<SimpleData name="osm_type">way</SimpleData>
		<SimpleData name="building">house</SimpleData>
		<SimpleData name="building_l">2</SimpleData>
	</SchemaData></ExtendedData>
      <MultiGeometry><Polygon><outerBoundaryIs><LinearRing><coordinates>80.2178358,6.0262542 80.2178437,6.0261766 80.2177471,6.0261711 80.2177384,6.026244 80.2178358,6.0262542</coordinates></LinearRing></outerBoundaryIs></Polygon></MultiGeometry>
  </Placemark>
  <Placemark id="buildings.520">
	<Style><LineStyle><color>ff0000ff</color></LineStyle><PolyStyle><fill>0</fill></PolyStyle></Style>
	<ExtendedData><SchemaData schemaUrl="#buildings">
		<SimpleData name="full_id">w449538137</SimpleData>
		<SimpleData name="osm_id">449538137</SimpleData>
		<SimpleData name="osm_type">way</SimpleData>
		<SimpleData name="building">yes</SimpleData>
		<SimpleData name="building_l">2</SimpleData>
	</SchemaData></ExtendedData>
      <MultiGeometry><Polygon><outerBoundaryIs><LinearRing><coordinates>80.2155443,6.0324855 80.2156587,6.0323929 80.2153935,6.032069 80.215279,6.0321616 80.2155443,6.0324855</coordinates></LinearRing></outerBoundaryIs></Polygon></MultiGeometry>
  </Placemark>
  <Placemark id="buildings.521">
	<Style><LineStyle><color>ff0000ff</color></LineStyle><PolyStyle><fill>0</fill></PolyStyle></Style>
	<ExtendedData><SchemaData schemaUrl="#buildings">
		<SimpleData name="full_id">w449515116</SimpleData>
		<SimpleData name="osm_id">449515116</SimpleData>
		<SimpleData name="osm_type">way</SimpleData>
		<SimpleData name="building">yes</SimpleData>
		<SimpleData name="roof_colou">#FFFFFF</SimpleData>
		<SimpleData name="building_c">#FFFFFF</SimpleData>
		<SimpleData name="height">2.91</SimpleData>
	</SchemaData></ExtendedData>
      <MultiGeometry><Polygon><outerBoundaryIs><LinearRing><coordinates>80.2183638,6.0244187 80.2183679,6.0244037 80.2183378,6.0243953 80.2183336,6.0244104 80.2183638,6.0244187</coordinates></LinearRing></outerBoundaryIs></Polygon></MultiGeometry>
  </Placemark>
  <Placemark id="buildings.522">
	<Style><LineStyle><color>ff0000ff</color></LineStyle><PolyStyle><fill>0</fill></PolyStyle></Style>
	<ExtendedData><SchemaData schemaUrl="#buildings">
		<SimpleData name="full_id">w449515115</SimpleData>
		<SimpleData name="osm_id">449515115</SimpleData>
		<SimpleData name="osm_type">way</SimpleData>
		<SimpleData name="building">house</SimpleData>
		<SimpleData name="building_l">2</SimpleData>
	</SchemaData></ExtendedData>
      <MultiGeometry><Polygon><outerBoundaryIs><LinearRing><coordinates>80.2179856,6.0244954 80.2179987,6.0244373 80.2178949,6.0244174 80.2178836,6.0244728 80.2179856,6.0244954</coordinates></LinearRing></outerBoundaryIs></Polygon></MultiGeometry>
  </Placemark>
  <Placemark id="buildings.523">
	<Style><LineStyle><color>ff0000ff</color></LineStyle><PolyStyle><fill>0</fill></PolyStyle></Style>
	<ExtendedData><SchemaData schemaUrl="#buildings">
		<SimpleData name="full_id">w449515114</SimpleData>
		<SimpleData name="osm_id">449515114</SimpleData>
		<SimpleData name="osm_type">way</SimpleData>
		<SimpleData name="building">house</SimpleData>
		<SimpleData name="roof_shape">gabled</SimpleData>
		<SimpleData name="roof_heigh">1.43</SimpleData>
		<SimpleData name="height">8.56</SimpleData>
		<SimpleData name="building_l">2</SimpleData>
	</SchemaData></ExtendedData>
      <MultiGeometry><Polygon><outerBoundaryIs><LinearRing><coordinates>80.2180519,6.024579 80.2180654,6.0245163 80.2179206,6.0244859 80.217907,6.0245504 80.2180519,6.024579</coordinates></LinearRing></outerBoundaryIs></Polygon></MultiGeometry>
  </Placemark>
  <Placemark id="buildings.524">
	<Style><LineStyle><color>ff0000ff</color></LineStyle><PolyStyle><fill>0</fill></PolyStyle></Style>
	<ExtendedData><SchemaData schemaUrl="#buildings">
		<SimpleData name="full_id">w449515113</SimpleData>
		<SimpleData name="osm_id">449515113</SimpleData>
		<SimpleData name="osm_type">way</SimpleData>
		<SimpleData name="building">house</SimpleData>
		<SimpleData name="building_l">2</SimpleData>
	</SchemaData></ExtendedData>
      <MultiGeometry><Polygon><outerBoundaryIs><LinearRing><coordinates>80.2179721,6.0247892 80.217981,6.024737 80.2179392,6.0247286 80.2179453,6.0246974 80.2178515,6.0246803 80.217835,6.0247627 80.2179721,6.0247892</coordinates></LinearRing></outerBoundaryIs></Polygon></MultiGeometry>
  </Placemark>
  <Placemark id="buildings.525">
	<Style><LineStyle><color>ff0000ff</color></LineStyle><PolyStyle><fill>0</fill></PolyStyle></Style>
	<ExtendedData><SchemaData schemaUrl="#buildings">
		<SimpleData name="full_id">w449514833</SimpleData>
		<SimpleData name="osm_id">449514833</SimpleData>
		<SimpleData name="osm_type">way</SimpleData>
		<SimpleData name="building">house</SimpleData>
		<SimpleData name="roof_shape">gabled</SimpleData>
		<SimpleData name="roof_heigh">1.63</SimpleData>
		<SimpleData name="height">6.39</SimpleData>
		<SimpleData name="building_l">2</SimpleData>
	</SchemaData></ExtendedData>
      <MultiGeometry><Polygon><outerBoundaryIs><LinearRing><coordinates>80.2180403,6.0248889 80.218054,6.0248085 80.2178812,6.0247755 80.2178727,6.0248251 80.2178152,6.0248155 80.21781,6.0248483 80.2180403,6.0248889</coordinates></LinearRing></outerBoundaryIs></Polygon></MultiGeometry>
  </Placemark>
  <Placemark id="buildings.526">
	<Style><LineStyle><color>ff0000ff</color></LineStyle><PolyStyle><fill>0</fill></PolyStyle></Style>
	<ExtendedData><SchemaData schemaUrl="#buildings">
		<SimpleData name="full_id">w449514832</SimpleData>
		<SimpleData name="osm_id">449514832</SimpleData>
		<SimpleData name="osm_type">way</SimpleData>
		<SimpleData name="building">house</SimpleData>
		<SimpleData name="roof_colou">#800000</SimpleData>
		<SimpleData name="roof_shape">gabled</SimpleData>
		<SimpleData name="roof_heigh">1.30</SimpleData>
		<SimpleData name="height">5.25</SimpleData>
		<SimpleData name="building_l">2</SimpleData>
	</SchemaData></ExtendedData>
      <MultiGeometry><Polygon><outerBoundaryIs><LinearRing><coordinates>80.2190089,6.0247516 80.2191853,6.0247548 80.2191859,6.0246868 80.2190089,6.0246853 80.2190089,6.0247516</coordinates></LinearRing></outerBoundaryIs></Polygon></MultiGeometry>
  </Placemark>
  <Placemark id="buildings.527">
	<Style><LineStyle><color>ff0000ff</color></LineStyle><PolyStyle><fill>0</fill></PolyStyle></Style>
	<ExtendedData><SchemaData schemaUrl="#buildings">
		<SimpleData name="full_id">w449514831</SimpleData>
		<SimpleData name="osm_id">449514831</SimpleData>
		<SimpleData name="osm_type">way</SimpleData>
		<SimpleData name="building">house</SimpleData>
		<SimpleData name="roof_colou">#800000</SimpleData>
		<SimpleData name="roof_shape">gabled</SimpleData>
		<SimpleData name="roof_heigh">2.05</SimpleData>
		<SimpleData name="height">3.70</SimpleData>
	</SchemaData></ExtendedData>
      <MultiGeometry><Polygon><outerBoundaryIs><LinearRing><coordinates>80.2189495,6.0247505 80.2190089,6.0247516 80.2191853,6.0247548 80.2192393,6.0247559 80.2192359,6.0247384 80.2192292,6.024721 80.219222,6.0247019 80.2192153,6.0246865 80.2191859,6.0246868 80.2190089,6.0246853 80.2189484,6.0246844 80.2189495,6.0247505</coordinates></LinearRing></outerBoundaryIs></Polygon></MultiGeometry>
  </Placemark>
  <Placemark id="buildings.528">
	<Style><LineStyle><color>ff0000ff</color></LineStyle><PolyStyle><fill>0</fill></PolyStyle></Style>
	<ExtendedData><SchemaData schemaUrl="#buildings">
		<SimpleData name="full_id">w449545289</SimpleData>
		<SimpleData name="osm_id">449545289</SimpleData>
		<SimpleData name="osm_type">way</SimpleData>
		<SimpleData name="building">house</SimpleData>
		<SimpleData name="roof_shape">gabled</SimpleData>
		<SimpleData name="roof_heigh">2.32</SimpleData>
		<SimpleData name="height">4.24</SimpleData>
	</SchemaData></ExtendedData>
      <MultiGeometry><Polygon><outerBoundaryIs><LinearRing><coordinates>80.2189518,6.0249621 80.2191994,6.0249542 80.2191984,6.0248923 80.2189518,6.024898 80.2189518,6.0249621</coordinates></LinearRing></outerBoundaryIs></Polygon></MultiGeometry>
  </Placemark>
  <Placemark id="buildings.529">
	<Style><LineStyle><color>ff0000ff</color></LineStyle><PolyStyle><fill>0</fill></PolyStyle></Style>
	<ExtendedData><SchemaData schemaUrl="#buildings">
		<SimpleData name="full_id">w449544178</SimpleData>
		<SimpleData name="osm_id">449544178</SimpleData>
		<SimpleData name="osm_type">way</SimpleData>
		<SimpleData name="building">house</SimpleData>
	</SchemaData></ExtendedData>
      <MultiGeometry><Polygon><outerBoundaryIs><LinearRing><coordinates>80.218949,6.0252909 80.219199,6.0252936 80.2191991,6.0252444 80.219178,6.0252444 80.2191781,6.0252222 80.2193363,6.025222 80.2193357,6.0252153 80.2189514,6.0252164 80.218949,6.0252909</coordinates></LinearRing></outerBoundaryIs></Polygon></MultiGeometry>
  </Placemark>
  <Placemark id="buildings.530">
	<Style><LineStyle><color>ff0000ff</color></LineStyle><PolyStyle><fill>0</fill></PolyStyle></Style>
	<ExtendedData><SchemaData schemaUrl="#buildings">
		<SimpleData name="full_id">w449543128</SimpleData>
		<SimpleData name="osm_id">449543128</SimpleData>
		<SimpleData name="osm_type">way</SimpleData>
		<SimpleData name="building">yes</SimpleData>
		<SimpleData name="building_l">2</SimpleData>
		<SimpleData name="image">https://photos.app.goo.gl/CZkSPMNCGRDQ3UbV9</SimpleData>
	</SchemaData></ExtendedData>
      <MultiGeometry><Polygon><outerBoundaryIs><LinearRing><coordinates>80.2157774,6.0295025 80.2161145,6.029478 80.2161268,6.0294742 80.2161384,6.0294627 80.2161461,6.0294497 80.2161492,6.0294275 80.2161576,6.029344 80.2157648,6.0293654 80.2157774,6.0295025</coordinates></LinearRing></outerBoundaryIs></Polygon></MultiGeometry>
  </Placemark>
  <Placemark id="buildings.531">
	<Style><LineStyle><color>ff0000ff</color></LineStyle><PolyStyle><fill>0</fill></PolyStyle></Style>
	<ExtendedData><SchemaData schemaUrl="#buildings">
		<SimpleData name="full_id">w449541834</SimpleData>
		<SimpleData name="osm_id">449541834</SimpleData>
		<SimpleData name="osm_type">way</SimpleData>
		<SimpleData name="building">yes</SimpleData>
		<SimpleData name="building_l">1.5</SimpleData>
	</SchemaData></ExtendedData>
      <MultiGeometry><Polygon><outerBoundaryIs><LinearRing><coordinates>80.2161358,6.0324638 80.2161321,6.0324171 80.2159807,6.0324292 80.2159845,6.0324758 80.2161358,6.0324638</coordinates></LinearRing></outerBoundaryIs></Polygon></MultiGeometry>
  </Placemark>
  <Placemark id="buildings.532">
	<Style><LineStyle><color>ff0000ff</color></LineStyle><PolyStyle><fill>0</fill></PolyStyle></Style>
	<ExtendedData><SchemaData schemaUrl="#buildings">
		<SimpleData name="full_id">w449541833</SimpleData>
		<SimpleData name="osm_id">449541833</SimpleData>
		<SimpleData name="osm_type">way</SimpleData>
		<SimpleData name="building">yes</SimpleData>
		<SimpleData name="building_l">2</SimpleData>
	</SchemaData></ExtendedData>
      <MultiGeometry><Polygon><outerBoundaryIs><LinearRing><coordinates>80.2165443,6.0322561 80.2166579,6.0321249 80.2165717,6.0320511 80.2164581,6.0321823 80.2165443,6.0322561</coordinates></LinearRing></outerBoundaryIs></Polygon></MultiGeometry>
  </Placemark>
  <Placemark id="buildings.533">
	<Style><LineStyle><color>ff0000ff</color></LineStyle><PolyStyle><fill>0</fill></PolyStyle></Style>
	<ExtendedData><SchemaData schemaUrl="#buildings">
		<SimpleData name="full_id">w449541832</SimpleData>
		<SimpleData name="osm_id">449541832</SimpleData>
		<SimpleData name="osm_type">way</SimpleData>
		<SimpleData name="building">yes</SimpleData>
		<SimpleData name="building_l">2</SimpleData>
	</SchemaData></ExtendedData>
      <MultiGeometry><Polygon><outerBoundaryIs><LinearRing><coordinates>80.2161435,6.0323945 80.2161326,6.0323084 80.2159496,6.0323312 80.2159605,6.0324174 80.2161435,6.0323945</coordinates></LinearRing></outerBoundaryIs></Polygon></MultiGeometry>
  </Placemark>
  <Placemark id="buildings.534">
	<name>Mahinda Rajapaksha Pavilion</name>
	<Style><LineStyle><color>ff0000ff</color></LineStyle><PolyStyle><fill>0</fill></PolyStyle></Style>
	<ExtendedData><SchemaData schemaUrl="#buildings">
		<SimpleData name="full_id">w449541831</SimpleData>
		<SimpleData name="osm_id">449541831</SimpleData>
		<SimpleData name="osm_type">way</SimpleData>
		<SimpleData name="building">yes</SimpleData>
		<SimpleData name="building_l">3</SimpleData>
	</SchemaData></ExtendedData>
      <MultiGeometry><Polygon><outerBoundaryIs><LinearRing><coordinates>80.21622,6.0324427 80.2164989,6.0323104 80.2164381,6.0321838 80.2161592,6.0323161 80.21622,6.0324427</coordinates></LinearRing></outerBoundaryIs></Polygon></MultiGeometry>
  </Placemark>
  <Placemark id="buildings.535">
	<Style><LineStyle><color>ff0000ff</color></LineStyle><PolyStyle><fill>0</fill></PolyStyle></Style>
	<ExtendedData><SchemaData schemaUrl="#buildings">
		<SimpleData name="full_id">w449538138</SimpleData>
		<SimpleData name="osm_id">449538138</SimpleData>
		<SimpleData name="osm_type">way</SimpleData>
		<SimpleData name="building">yes</SimpleData>
		<SimpleData name="building_l">2</SimpleData>
	</SchemaData></ExtendedData>
      <MultiGeometry><Polygon><outerBoundaryIs><LinearRing><coordinates>80.2152563,6.0321221 80.2153934,6.0320494 80.2152513,6.0317844 80.2151109,6.0318588 80.2151628,6.0319556 80.2151189,6.0319789 80.2151665,6.0320678 80.2152138,6.0320427 80.2152563,6.0321221</coordinates></LinearRing></outerBoundaryIs></Polygon></MultiGeometry>
  </Placemark>
  <Placemark id="buildings.536">
	<Style><LineStyle><color>ff0000ff</color></LineStyle><PolyStyle><fill>0</fill></PolyStyle></Style>
	<ExtendedData><SchemaData schemaUrl="#buildings">
		<SimpleData name="full_id">w449547343</SimpleData>
		<SimpleData name="osm_id">449547343</SimpleData>
		<SimpleData name="osm_type">way</SimpleData>
		<SimpleData name="building">house</SimpleData>
		<SimpleData name="building_l">2</SimpleData>
	</SchemaData></ExtendedData>
      <MultiGeometry><Polygon><outerBoundaryIs><LinearRing><coordinates>80.2172217,6.0254502 80.217329,6.025473 80.217369,6.0252856 80.2171715,6.0252407 80.2171559,6.0253084 80.2172458,6.0253287 80.2172217,6.0254502</coordinates></LinearRing></outerBoundaryIs></Polygon></MultiGeometry>
  </Placemark>
  <Placemark id="buildings.537">
	<Style><LineStyle><color>ff0000ff</color></LineStyle><PolyStyle><fill>0</fill></PolyStyle></Style>
	<ExtendedData><SchemaData schemaUrl="#buildings">
		<SimpleData name="full_id">w449547342</SimpleData>
		<SimpleData name="osm_id">449547342</SimpleData>
		<SimpleData name="osm_type">way</SimpleData>
		<SimpleData name="building">house</SimpleData>
		<SimpleData name="roof_shape">gabled</SimpleData>
		<SimpleData name="roof_heigh">1.96</SimpleData>
	</SchemaData></ExtendedData>
      <MultiGeometry><Polygon><outerBoundaryIs><LinearRing><coordinates>80.2174678,6.025529 80.2175566,6.0255521 80.2175795,6.0254625 80.2174951,6.0254431 80.2174678,6.025529</coordinates></LinearRing></outerBoundaryIs></Polygon></MultiGeometry>
  </Placemark>
  <Placemark id="buildings.538">
	<Style><LineStyle><color>ff0000ff</color></LineStyle><PolyStyle><fill>0</fill></PolyStyle></Style>
	<ExtendedData><SchemaData schemaUrl="#buildings">
		<SimpleData name="full_id">w449546745</SimpleData>
		<SimpleData name="osm_id">449546745</SimpleData>
		<SimpleData name="osm_type">way</SimpleData>
		<SimpleData name="building">house</SimpleData>
		<SimpleData name="roof_colou">#800000</SimpleData>
		<SimpleData name="roof_shape">gabled</SimpleData>
		<SimpleData name="roof_heigh">1.24</SimpleData>
		<SimpleData name="building_l">2</SimpleData>
	</SchemaData></ExtendedData>
      <MultiGeometry><Polygon><outerBoundaryIs><LinearRing><coordinates>80.2188592,6.0248636 80.2188667,6.0248027 80.2187097,6.0247859 80.2187013,6.0248504 80.2188592,6.0248636</coordinates></LinearRing></outerBoundaryIs></Polygon></MultiGeometry>
  </Placemark>
  <Placemark id="buildings.539">
	<Style><LineStyle><color>ff0000ff</color></LineStyle><PolyStyle><fill>0</fill></PolyStyle></Style>
	<ExtendedData><SchemaData schemaUrl="#buildings">
		<SimpleData name="full_id">w449546304</SimpleData>
		<SimpleData name="osm_id">449546304</SimpleData>
		<SimpleData name="osm_type">way</SimpleData>
		<SimpleData name="building">house</SimpleData>
		<SimpleData name="roof_colou">#800000</SimpleData>
		<SimpleData name="roof_shape">gabled</SimpleData>
		<SimpleData name="roof_heigh">2.92</SimpleData>
		<SimpleData name="height">4.76</SimpleData>
	</SchemaData></ExtendedData>
      <MultiGeometry><Polygon><outerBoundaryIs><LinearRing><coordinates>80.2189515,6.0248145 80.2191851,6.0248162 80.2191855,6.024759 80.2189493,6.0247568 80.2189515,6.0248145</coordinates></LinearRing></outerBoundaryIs></Polygon></MultiGeometry>
  </Placemark>
  <Placemark id="buildings.540">
	<Style><LineStyle><color>ff0000ff</color></LineStyle><PolyStyle><fill>0</fill></PolyStyle></Style>
	<ExtendedData><SchemaData schemaUrl="#buildings">
		<SimpleData name="full_id">w449545617</SimpleData>
		<SimpleData name="osm_id">449545617</SimpleData>
		<SimpleData name="osm_type">way</SimpleData>
		<SimpleData name="building">house</SimpleData>
		<SimpleData name="roof_shape">gabled</SimpleData>
		<SimpleData name="roof_heigh">1.57</SimpleData>
		<SimpleData name="height">3.29</SimpleData>
	</SchemaData></ExtendedData>
      <MultiGeometry><Polygon><outerBoundaryIs><LinearRing><coordinates>80.2192028,6.0249534 80.2192953,6.0249494 80.2192805,6.0248882 80.2192012,6.0248918 80.2192028,6.0249534</coordinates></LinearRing></outerBoundaryIs></Polygon></MultiGeometry>
  </Placemark>
  <Placemark id="buildings.541">
	<Style><LineStyle><color>ff0000ff</color></LineStyle><PolyStyle><fill>0</fill></PolyStyle></Style>
	<ExtendedData><SchemaData schemaUrl="#buildings">
		<SimpleData name="full_id">w449545292</SimpleData>
		<SimpleData name="osm_id">449545292</SimpleData>
		<SimpleData name="osm_type">way</SimpleData>
		<SimpleData name="building">house</SimpleData>
	</SchemaData></ExtendedData>
      <MultiGeometry><Polygon><outerBoundaryIs><LinearRing><coordinates>80.2193307,6.0251468 80.2193279,6.025103 80.2192646,6.0251031 80.2192645,6.025145 80.2193307,6.0251468</coordinates></LinearRing></outerBoundaryIs></Polygon></MultiGeometry>
  </Placemark>
  <Placemark id="buildings.542">
	<Style><LineStyle><color>ff0000ff</color></LineStyle><PolyStyle><fill>0</fill></PolyStyle></Style>
	<ExtendedData><SchemaData schemaUrl="#buildings">
		<SimpleData name="full_id">w449545291</SimpleData>
		<SimpleData name="osm_id">449545291</SimpleData>
		<SimpleData name="osm_type">way</SimpleData>
		<SimpleData name="building">house</SimpleData>
		<SimpleData name="roof_shape">gabled</SimpleData>
		<SimpleData name="roof_heigh">1.70</SimpleData>
		<SimpleData name="height">6.12</SimpleData>
	</SchemaData></ExtendedData>
      <MultiGeometry><Polygon><outerBoundaryIs><LinearRing><coordinates>80.2189514,6.0251394 80.2192607,6.0251448 80.2192622,6.0250995 80.2193276,6.0251002 80.2193135,6.0250444 80.2189526,6.0250494 80.2189514,6.0251394</coordinates></LinearRing></outerBoundaryIs></Polygon></MultiGeometry>
  </Placemark>
  <Placemark id="buildings.543">
	<Style><LineStyle><color>ff0000ff</color></LineStyle><PolyStyle><fill>0</fill></PolyStyle></Style>
	<ExtendedData><SchemaData schemaUrl="#buildings">
		<SimpleData name="full_id">w449545290</SimpleData>
		<SimpleData name="osm_id">449545290</SimpleData>
		<SimpleData name="osm_type">way</SimpleData>
		<SimpleData name="building">house</SimpleData>
		<SimpleData name="roof_colou">#800000</SimpleData>
		<SimpleData name="roof_shape">gabled</SimpleData>
		<SimpleData name="roof_heigh">2.22</SimpleData>
		<SimpleData name="height">5.36</SimpleData>
	</SchemaData></ExtendedData>
      <MultiGeometry><Polygon><outerBoundaryIs><LinearRing><coordinates>80.218952,6.0250459 80.2193094,6.0250371 80.2192961,6.0249545 80.2189525,6.024966 80.218952,6.0250459</coordinates></LinearRing></outerBoundaryIs></Polygon></MultiGeometry>
  </Placemark>
  <Placemark id="buildings.544">
	<Style><LineStyle><color>ff0000ff</color></LineStyle><PolyStyle><fill>0</fill></PolyStyle></Style>
	<ExtendedData><SchemaData schemaUrl="#buildings">
		<SimpleData name="full_id">w450207552</SimpleData>
		<SimpleData name="osm_id">450207552</SimpleData>
		<SimpleData name="osm_type">way</SimpleData>
		<SimpleData name="building">house</SimpleData>
	</SchemaData></ExtendedData>
      <MultiGeometry><Polygon><outerBoundaryIs><LinearRing><coordinates>80.2147043,6.0298558 80.2150952,6.0299145 80.2151223,6.0297515 80.2150225,6.0297354 80.214948,6.0297218 80.2147332,6.0296875 80.2147043,6.0298558</coordinates></LinearRing></outerBoundaryIs></Polygon></MultiGeometry>
  </Placemark>
  <Placemark id="buildings.545">
	<name>Black Fort</name>
	<Style><LineStyle><color>ff0000ff</color></LineStyle><PolyStyle><fill>0</fill></PolyStyle></Style>
	<ExtendedData><SchemaData schemaUrl="#buildings">
		<SimpleData name="full_id">w450192497</SimpleData>
		<SimpleData name="osm_id">450192497</SimpleData>
		<SimpleData name="osm_type">way</SimpleData>
		<SimpleData name="building">yes</SimpleData>
		<SimpleData name="name_si">කළු බලකොටුව ප්‍රදේශය</SimpleData>
		<SimpleData name="layer">1</SimpleData>
	</SchemaData></ExtendedData>
      <MultiGeometry><Polygon><outerBoundaryIs><LinearRing><coordinates>80.2194458,6.02885 80.2194559,6.028811 80.2192193,6.0287683 80.2191476,6.0291303 80.2192097,6.0292222 80.2193434,6.0292139 80.219411,6.0291234 80.2194458,6.02885</coordinates></LinearRing></outerBoundaryIs></Polygon></MultiGeometry>
  </Placemark>
  <Placemark id="buildings.546">
	<Style><LineStyle><color>ff0000ff</color></LineStyle><PolyStyle><fill>0</fill></PolyStyle></Style>
	<ExtendedData><SchemaData schemaUrl="#buildings">
		<SimpleData name="full_id">w450127557</SimpleData>
		<SimpleData name="osm_id">450127557</SimpleData>
		<SimpleData name="osm_type">way</SimpleData>
		<SimpleData name="building">yes</SimpleData>
		<SimpleData name="roof_mater">grass</SimpleData>
		<SimpleData name="building_1">stone</SimpleData>
		<SimpleData name="height">6.98</SimpleData>
		<SimpleData name="building_l">1</SimpleData>
	</SchemaData></ExtendedData>
      <MultiGeometry><Polygon><outerBoundaryIs><LinearRing><coordinates>80.2170735,6.0307853 80.2170809,6.0306616 80.2171073,6.0302211 80.2169662,6.0302014 80.2167777,6.030175 80.2167798,6.0301374 80.2161565,6.030043 80.2161227,6.0303249 80.216539,6.0303841 80.2165418,6.0304971 80.2165437,6.0305601 80.2170735,6.0307853</coordinates></LinearRing></outerBoundaryIs></Polygon></MultiGeometry>
  </Placemark>
  <Placemark id="buildings.547">
	<Style><LineStyle><color>ff0000ff</color></LineStyle><PolyStyle><fill>0</fill></PolyStyle></Style>
	<ExtendedData><SchemaData schemaUrl="#buildings">
		<SimpleData name="full_id">w450008331</SimpleData>
		<SimpleData name="osm_id">450008331</SimpleData>
		<SimpleData name="osm_type">way</SimpleData>
		<SimpleData name="building">yes</SimpleData>
		<SimpleData name="building_m">13</SimpleData>
		<SimpleData name="roof_shape">gabled</SimpleData>
		<SimpleData name="roof_heigh">-0.54</SimpleData>
		<SimpleData name="height">34.82</SimpleData>
		<SimpleData name="building_l">8</SimpleData>
	</SchemaData></ExtendedData>
      <MultiGeometry><Polygon><outerBoundaryIs><LinearRing><coordinates>80.219349,6.0245632 80.2193545,6.0245706 80.2193621,6.0245757 80.2193706,6.0245781 80.2193794,6.0245776 80.2193876,6.0245744 80.2193943,6.0245687 80.2193989,6.0245613 80.2194009,6.0245527 80.2194,6.024544 80.2193963,6.024536 80.2193904,6.0245295 80.2193823,6.0245252 80.2193732,6.0245238 80.2193642,6.0245254 80.2193562,6.02453 80.2193501,6.0245369 80.2193467,6.0245453 80.2193464,6.0245545 80.219349,6.0245632</coordinates></LinearRing></outerBoundaryIs></Polygon></MultiGeometry>
  </Placemark>
  <Placemark id="buildings.548">
	<Style><LineStyle><color>ff0000ff</color></LineStyle><PolyStyle><fill>0</fill></PolyStyle></Style>
	<ExtendedData><SchemaData schemaUrl="#buildings">
		<SimpleData name="full_id">w449875201</SimpleData>
		<SimpleData name="osm_id">449875201</SimpleData>
		<SimpleData name="osm_type">way</SimpleData>
		<SimpleData name="building">government</SimpleData>
		<SimpleData name="roof_shape">gabled</SimpleData>
		<SimpleData name="building_l">2</SimpleData>
	</SchemaData></ExtendedData>
      <MultiGeometry><Polygon><outerBoundaryIs><LinearRing><coordinates>80.2194861,6.0280066 80.2195053,6.0279251 80.2193773,6.0278952 80.2193594,6.0278909 80.2193336,6.0279986 80.2194797,6.0280332 80.2194861,6.0280066</coordinates></LinearRing></outerBoundaryIs></Polygon></MultiGeometry>
  </Placemark>
  <Placemark id="buildings.549">
	<Style><LineStyle><color>ff0000ff</color></LineStyle><PolyStyle><fill>0</fill></PolyStyle></Style>
	<ExtendedData><SchemaData schemaUrl="#buildings">
		<SimpleData name="full_id">w449875200</SimpleData>
		<SimpleData name="osm_id">449875200</SimpleData>
		<SimpleData name="osm_type">way</SimpleData>
		<SimpleData name="building">government</SimpleData>
		<SimpleData name="roof_shape">gabled</SimpleData>
		<SimpleData name="building_l">2</SimpleData>
	</SchemaData></ExtendedData>
      <MultiGeometry><Polygon><outerBoundaryIs><LinearRing><coordinates>80.2195591,6.0280242 80.219597,6.0278689 80.219524,6.0278513 80.2195053,6.0279251 80.2194861,6.0280066 80.2195591,6.0280242</coordinates></LinearRing></outerBoundaryIs></Polygon></MultiGeometry>
  </Placemark>
  <Placemark id="buildings.550">
	<Style><LineStyle><color>ff0000ff</color></LineStyle><PolyStyle><fill>0</fill></PolyStyle></Style>
	<ExtendedData><SchemaData schemaUrl="#buildings">
		<SimpleData name="full_id">w449726213</SimpleData>
		<SimpleData name="osm_id">449726213</SimpleData>
		<SimpleData name="osm_type">way</SimpleData>
		<SimpleData name="building">house</SimpleData>
		<SimpleData name="roof_mater">roof_tiles</SimpleData>
		<SimpleData name="roof_shape">hipped</SimpleData>
		<SimpleData name="building_l">1</SimpleData>
	</SchemaData></ExtendedData>
      <MultiGeometry><Polygon><outerBoundaryIs><LinearRing><coordinates>80.2152089,6.0299292 80.2154102,6.0299535 80.2154274,6.0298121 80.2152261,6.0297878 80.2152089,6.0299292</coordinates></LinearRing></outerBoundaryIs></Polygon></MultiGeometry>
  </Placemark>
  <Placemark id="buildings.551">
	<Style><LineStyle><color>ff0000ff</color></LineStyle><PolyStyle><fill>0</fill></PolyStyle></Style>
	<ExtendedData><SchemaData schemaUrl="#buildings">
		<SimpleData name="full_id">w449549084</SimpleData>
		<SimpleData name="osm_id">449549084</SimpleData>
		<SimpleData name="osm_type">way</SimpleData>
		<SimpleData name="building">yes</SimpleData>
		<SimpleData name="building_l">2</SimpleData>
	</SchemaData></ExtendedData>
      <MultiGeometry><Polygon><outerBoundaryIs><LinearRing><coordinates>80.2175882,6.0243901 80.2176141,6.0243009 80.217641,6.0242075 80.2175947,6.0242044 80.2175471,6.0242066 80.2175196,6.0242112 80.2175,6.0242198 80.2174799,6.0242398 80.2174577,6.0242747 80.2174395,6.0243163 80.2174322,6.0243427 80.2175882,6.0243901</coordinates></LinearRing></outerBoundaryIs></Polygon></MultiGeometry>
  </Placemark>
  <Placemark id="buildings.552">
	<Style><LineStyle><color>ff0000ff</color></LineStyle><PolyStyle><fill>0</fill></PolyStyle></Style>
	<ExtendedData><SchemaData schemaUrl="#buildings">
		<SimpleData name="full_id">w449263279</SimpleData>
		<SimpleData name="osm_id">449263279</SimpleData>
		<SimpleData name="osm_type">way</SimpleData>
		<SimpleData name="building">house</SimpleData>
		<SimpleData name="roof_shape">gabled</SimpleData>
		<SimpleData name="roof_heigh">1.40</SimpleData>
	</SchemaData></ExtendedData>
      <MultiGeometry><Polygon><outerBoundaryIs><LinearRing><coordinates>80.2180856,6.0248111 80.2181009,6.0247259 80.2179453,6.0246974 80.2178515,6.0246803 80.2177342,6.0246589 80.2177154,6.0247396 80.217835,6.0247627 80.2179721,6.0247892 80.2180856,6.0248111</coordinates></LinearRing></outerBoundaryIs></Polygon></MultiGeometry>
  </Placemark>
  <Placemark id="buildings.553">
	<Style><LineStyle><color>ff0000ff</color></LineStyle><PolyStyle><fill>0</fill></PolyStyle></Style>
	<ExtendedData><SchemaData schemaUrl="#buildings">
		<SimpleData name="full_id">w449263278</SimpleData>
		<SimpleData name="osm_id">449263278</SimpleData>
		<SimpleData name="osm_type">way</SimpleData>
		<SimpleData name="building">house</SimpleData>
		<SimpleData name="roof_shape">gabled</SimpleData>
		<SimpleData name="roof_heigh">1.25</SimpleData>
	</SchemaData></ExtendedData>
      <MultiGeometry><Polygon><outerBoundaryIs><LinearRing><coordinates>80.2181013,6.0247227 80.2181127,6.0246675 80.217739,6.0246025 80.2177405,6.0246185 80.2177336,6.024653 80.2181013,6.0247227</coordinates></LinearRing></outerBoundaryIs></Polygon></MultiGeometry>
  </Placemark>
  <Placemark id="buildings.554">
	<Style><LineStyle><color>ff0000ff</color></LineStyle><PolyStyle><fill>0</fill></PolyStyle></Style>
	<ExtendedData><SchemaData schemaUrl="#buildings">
		<SimpleData name="full_id">w449263277</SimpleData>
		<SimpleData name="osm_id">449263277</SimpleData>
		<SimpleData name="osm_type">way</SimpleData>
		<SimpleData name="building">house</SimpleData>
		<SimpleData name="roof_shape">gabled</SimpleData>
		<SimpleData name="roof_heigh">1.46</SimpleData>
		<SimpleData name="height">4.50</SimpleData>
	</SchemaData></ExtendedData>
      <MultiGeometry><Polygon><outerBoundaryIs><LinearRing><coordinates>80.2181134,6.0246638 80.2181266,6.0245959 80.2177327,6.0245225 80.217726,6.024546 80.2177381,6.0245968 80.2181134,6.0246638</coordinates></LinearRing></outerBoundaryIs></Polygon></MultiGeometry>
  </Placemark>
  <Placemark id="buildings.555">
	<Style><LineStyle><color>ff0000ff</color></LineStyle><PolyStyle><fill>0</fill></PolyStyle></Style>
	<ExtendedData><SchemaData schemaUrl="#buildings">
		<SimpleData name="full_id">w449263276</SimpleData>
		<SimpleData name="osm_id">449263276</SimpleData>
		<SimpleData name="osm_type">way</SimpleData>
		<SimpleData name="building">house</SimpleData>
		<SimpleData name="roof_shape">gabled</SimpleData>
		<SimpleData name="roof_heigh">1.34</SimpleData>
		<SimpleData name="height">4.34</SimpleData>
	</SchemaData></ExtendedData>
      <MultiGeometry><Polygon><outerBoundaryIs><LinearRing><coordinates>80.2181269,6.0245939 80.2181386,6.0245317 80.2180654,6.0245163 80.2179206,6.0244859 80.2177504,6.0244501 80.2177335,6.024516 80.217907,6.0245504 80.2180519,6.024579 80.2181269,6.0245939</coordinates></LinearRing></outerBoundaryIs></Polygon></MultiGeometry>
  </Placemark>
  <Placemark id="buildings.556">
	<Style><LineStyle><color>ff0000ff</color></LineStyle><PolyStyle><fill>0</fill></PolyStyle></Style>
	<ExtendedData><SchemaData schemaUrl="#buildings">
		<SimpleData name="full_id">w449263275</SimpleData>
		<SimpleData name="osm_id">449263275</SimpleData>
		<SimpleData name="osm_type">way</SimpleData>
		<SimpleData name="building">house</SimpleData>
		<SimpleData name="roof_shape">gabled</SimpleData>
		<SimpleData name="roof_heigh">0.92</SimpleData>
		<SimpleData name="height">4.80</SimpleData>
	</SchemaData></ExtendedData>
      <MultiGeometry><Polygon><outerBoundaryIs><LinearRing><coordinates>80.2181396,6.0245296 80.2181518,6.0244665 80.2179987,6.0244373 80.2178949,6.0244174 80.2177613,6.0243881 80.2177487,6.0244402 80.2178836,6.0244728 80.2179856,6.0244954 80.2181396,6.0245296</coordinates></LinearRing></outerBoundaryIs></Polygon></MultiGeometry>
  </Placemark>
  <Placemark id="buildings.557">
	<Style><LineStyle><color>ff0000ff</color></LineStyle><PolyStyle><fill>0</fill></PolyStyle></Style>
	<ExtendedData><SchemaData schemaUrl="#buildings">
		<SimpleData name="full_id">w449202380</SimpleData>
		<SimpleData name="osm_id">449202380</SimpleData>
		<SimpleData name="osm_type">way</SimpleData>
		<SimpleData name="building">house</SimpleData>
		<SimpleData name="roof_shape">gabled</SimpleData>
		<SimpleData name="roof_heigh">1.57</SimpleData>
		<SimpleData name="height">3.02</SimpleData>
	</SchemaData></ExtendedData>
      <MultiGeometry><Polygon><outerBoundaryIs><LinearRing><coordinates>80.2180698,6.0248941 80.2180846,6.0248143 80.218054,6.0248085 80.2178812,6.0247755 80.2177125,6.0247433 80.2176951,6.024828 80.21781,6.0248483 80.2180403,6.0248889 80.2180698,6.0248941</coordinates></LinearRing></outerBoundaryIs></Polygon></MultiGeometry>
  </Placemark>
  <Placemark id="buildings.558">
	<Style><LineStyle><color>ff0000ff</color></LineStyle><PolyStyle><fill>0</fill></PolyStyle></Style>
	<ExtendedData><SchemaData schemaUrl="#buildings">
		<SimpleData name="full_id">w449201895</SimpleData>
		<SimpleData name="osm_id">449201895</SimpleData>
		<SimpleData name="osm_type">way</SimpleData>
		<SimpleData name="building">house</SimpleData>
	</SchemaData></ExtendedData>
      <MultiGeometry><Polygon><outerBoundaryIs><LinearRing><coordinates>80.2189197,6.0252599 80.2189206,6.0252167 80.2185632,6.0251767 80.2184997,6.0251692 80.2184934,6.0252253 80.2185558,6.0252303 80.2187076,6.0252426 80.2189197,6.0252599</coordinates></LinearRing></outerBoundaryIs></Polygon></MultiGeometry>
  </Placemark>
  <Placemark id="buildings.559">
	<name>Royal Dutch Cafe</name>
	<Style><LineStyle><color>ff0000ff</color></LineStyle><PolyStyle><fill>0</fill></PolyStyle></Style>
	<ExtendedData><SchemaData schemaUrl="#buildings">
		<SimpleData name="full_id">w449201894</SimpleData>
		<SimpleData name="osm_id">449201894</SimpleData>
		<SimpleData name="osm_type">way</SimpleData>
		<SimpleData name="building">house</SimpleData>
	</SchemaData></ExtendedData>
      <MultiGeometry><Polygon><outerBoundaryIs><LinearRing><coordinates>80.2185792,6.0252797 80.2189186,6.0252986 80.2189198,6.0252623 80.2185846,6.0252367 80.2185792,6.0252797</coordinates></LinearRing></outerBoundaryIs></Polygon></MultiGeometry>
  </Placemark>
  <Placemark id="buildings.560">
	<Style><LineStyle><color>ff0000ff</color></LineStyle><PolyStyle><fill>0</fill></PolyStyle></Style>
	<ExtendedData><SchemaData schemaUrl="#buildings">
		<SimpleData name="full_id">w449324993</SimpleData>
		<SimpleData name="osm_id">449324993</SimpleData>
		<SimpleData name="osm_type">way</SimpleData>
		<SimpleData name="building">house</SimpleData>
		<SimpleData name="roof_orien">along</SimpleData>
		<SimpleData name="roof_colou">#800000</SimpleData>
		<SimpleData name="roof_shape">gabled</SimpleData>
		<SimpleData name="roof_heigh">1.86</SimpleData>
		<SimpleData name="height">8.00</SimpleData>
		<SimpleData name="building_l">2</SimpleData>
	</SchemaData></ExtendedData>
      <MultiGeometry><Polygon><outerBoundaryIs><LinearRing><coordinates>80.2181835,6.0250157 80.218285,6.0250302 80.2182938,6.0249818 80.2181921,6.024967 80.2181835,6.0250157</coordinates></LinearRing></outerBoundaryIs></Polygon></MultiGeometry>
  </Placemark>
  <Placemark id="buildings.561">
	<Style><LineStyle><color>ff0000ff</color></LineStyle><PolyStyle><fill>0</fill></PolyStyle></Style>
	<ExtendedData><SchemaData schemaUrl="#buildings">
		<SimpleData name="full_id">w449324992</SimpleData>
		<SimpleData name="osm_id">449324992</SimpleData>
		<SimpleData name="osm_type">way</SimpleData>
		<SimpleData name="building">house</SimpleData>
		<SimpleData name="roof_shape">gabled</SimpleData>
		<SimpleData name="height">7.75</SimpleData>
		<SimpleData name="building_l">2</SimpleData>
	</SchemaData></ExtendedData>
      <MultiGeometry><Polygon><outerBoundaryIs><LinearRing><coordinates>80.2180026,6.0252793 80.2180207,6.0251713 80.2179311,6.0251571 80.2179211,6.0252099 80.2179111,6.0252626 80.2180026,6.0252793</coordinates></LinearRing></outerBoundaryIs></Polygon></MultiGeometry>
  </Placemark>
  <Placemark id="buildings.562">
	<Style><LineStyle><color>ff0000ff</color></LineStyle><PolyStyle><fill>0</fill></PolyStyle></Style>
	<ExtendedData><SchemaData schemaUrl="#buildings">
		<SimpleData name="full_id">w449324764</SimpleData>
		<SimpleData name="osm_id">449324764</SimpleData>
		<SimpleData name="osm_type">way</SimpleData>
		<SimpleData name="building">house</SimpleData>
		<SimpleData name="building_l">2</SimpleData>
	</SchemaData></ExtendedData>
      <MultiGeometry><Polygon><outerBoundaryIs><LinearRing><coordinates>80.217693,6.0252218 80.2177036,6.0251722 80.2176268,6.0251585 80.217615,6.0252073 80.217693,6.0252218</coordinates></LinearRing></outerBoundaryIs></Polygon></MultiGeometry>
  </Placemark>
  <Placemark id="buildings.563">
	<Style><LineStyle><color>ff0000ff</color></LineStyle><PolyStyle><fill>0</fill></PolyStyle></Style>
	<ExtendedData><SchemaData schemaUrl="#buildings">
		<SimpleData name="full_id">w449324763</SimpleData>
		<SimpleData name="osm_id">449324763</SimpleData>
		<SimpleData name="osm_type">way</SimpleData>
		<SimpleData name="building">house</SimpleData>
		<SimpleData name="building_l">2</SimpleData>
	</SchemaData></ExtendedData>
      <MultiGeometry><Polygon><outerBoundaryIs><LinearRing><coordinates>80.2177031,6.0251701 80.2177134,6.0251227 80.2176372,6.0251105 80.2176275,6.0251563 80.2177031,6.0251701</coordinates></LinearRing></outerBoundaryIs></Polygon></MultiGeometry>
  </Placemark>
  <Placemark id="buildings.564">
	<Style><LineStyle><color>ff0000ff</color></LineStyle><PolyStyle><fill>0</fill></PolyStyle></Style>
	<ExtendedData><SchemaData schemaUrl="#buildings">
		<SimpleData name="full_id">w449324762</SimpleData>
		<SimpleData name="osm_id">449324762</SimpleData>
		<SimpleData name="osm_type">way</SimpleData>
		<SimpleData name="building">house</SimpleData>
		<SimpleData name="roof_shape">gabled</SimpleData>
		<SimpleData name="roof_heigh">1.41</SimpleData>
		<SimpleData name="height">1.96</SimpleData>
	</SchemaData></ExtendedData>
      <MultiGeometry><Polygon><outerBoundaryIs><LinearRing><coordinates>80.2180026,6.0252793 80.2180207,6.0251713 80.2179311,6.0251571 80.2177165,6.0251231 80.2176967,6.0252236 80.217825,6.0252458 80.2179111,6.0252626 80.2180026,6.0252793</coordinates></LinearRing></outerBoundaryIs></Polygon></MultiGeometry>
  </Placemark>
  <Placemark id="buildings.565">
	<Style><LineStyle><color>ff0000ff</color></LineStyle><PolyStyle><fill>0</fill></PolyStyle></Style>
	<ExtendedData><SchemaData schemaUrl="#buildings">
		<SimpleData name="full_id">w449324761</SimpleData>
		<SimpleData name="osm_id">449324761</SimpleData>
		<SimpleData name="osm_type">way</SimpleData>
		<SimpleData name="building">house</SimpleData>
		<SimpleData name="roof_shape">gabled</SimpleData>
		<SimpleData name="roof_heigh">1.33</SimpleData>
		<SimpleData name="height">3.77</SimpleData>
	</SchemaData></ExtendedData>
      <MultiGeometry><Polygon><outerBoundaryIs><LinearRing><coordinates>80.2180293,6.0251287 80.2176473,6.0250649 80.2176384,6.0251058 80.2180235,6.0251663 80.2180293,6.0251287</coordinates></LinearRing></outerBoundaryIs></Polygon></MultiGeometry>
  </Placemark>
  <Placemark id="buildings.566">
	<Style><LineStyle><color>ff0000ff</color></LineStyle><PolyStyle><fill>0</fill></PolyStyle></Style>
	<ExtendedData><SchemaData schemaUrl="#buildings">
		<SimpleData name="full_id">w449324122</SimpleData>
		<SimpleData name="osm_id">449324122</SimpleData>
		<SimpleData name="osm_type">way</SimpleData>
		<SimpleData name="building">house</SimpleData>
		<SimpleData name="roof_shape">gabled</SimpleData>
		<SimpleData name="roof_heigh">1.16</SimpleData>
		<SimpleData name="height">3.95</SimpleData>
	</SchemaData></ExtendedData>
      <MultiGeometry><Polygon><outerBoundaryIs><LinearRing><coordinates>80.218031,6.0251255 80.2180366,6.0250897 80.2176559,6.025022 80.2176472,6.0250618 80.218031,6.0251255</coordinates></LinearRing></outerBoundaryIs></Polygon></MultiGeometry>
  </Placemark>
  <Placemark id="buildings.567">
	<Style><LineStyle><color>ff0000ff</color></LineStyle><PolyStyle><fill>0</fill></PolyStyle></Style>
	<ExtendedData><SchemaData schemaUrl="#buildings">
		<SimpleData name="full_id">w449324121</SimpleData>
		<SimpleData name="osm_id">449324121</SimpleData>
		<SimpleData name="osm_type">way</SimpleData>
		<SimpleData name="building">house</SimpleData>
		<SimpleData name="roof_shape">gabled</SimpleData>
		<SimpleData name="roof_heigh">0.98</SimpleData>
		<SimpleData name="height">3.80</SimpleData>
		<SimpleData name="addr_postc">80000</SimpleData>
		<SimpleData name="addr_hou_1">66 A</SimpleData>
		<SimpleData name="addr_stree">Church Street</SimpleData>
		<SimpleData name="addr_city">Galle</SimpleData>
	</SchemaData></ExtendedData>
      <MultiGeometry><Polygon><outerBoundaryIs><LinearRing><coordinates>80.2180371,6.025086 80.2180422,6.025054 80.2176629,6.0249876 80.2176563,6.0250191 80.2180371,6.025086</coordinates></LinearRing></outerBoundaryIs></Polygon></MultiGeometry>
  </Placemark>
  <Placemark id="buildings.568">
	<Style><LineStyle><color>ff0000ff</color></LineStyle><PolyStyle><fill>0</fill></PolyStyle></Style>
	<ExtendedData><SchemaData schemaUrl="#buildings">
		<SimpleData name="full_id">w449508663</SimpleData>
		<SimpleData name="osm_id">449508663</SimpleData>
		<SimpleData name="osm_type">way</SimpleData>
		<SimpleData name="building">house</SimpleData>
		<SimpleData name="roof_shape">gabled</SimpleData>
		<SimpleData name="roof_heigh">1.36</SimpleData>
		<SimpleData name="height">6.76</SimpleData>
		<SimpleData name="building_l">2</SimpleData>
	</SchemaData></ExtendedData>
      <MultiGeometry><Polygon><outerBoundaryIs><LinearRing><coordinates>80.2179123,6.0249943 80.2179219,6.0249458 80.2177925,6.0249238 80.2177819,6.0249728 80.2179123,6.0249943</coordinates></LinearRing></outerBoundaryIs></Polygon></MultiGeometry>
  </Placemark>
  <Placemark id="buildings.569">
	<name>Arabic College</name>
	<Style><LineStyle><color>ff0000ff</color></LineStyle><PolyStyle><fill>0</fill></PolyStyle></Style>
	<ExtendedData><SchemaData schemaUrl="#buildings">
		<SimpleData name="full_id">w449508662</SimpleData>
		<SimpleData name="osm_id">449508662</SimpleData>
		<SimpleData name="osm_type">way</SimpleData>
		<SimpleData name="building">yes</SimpleData>
		<SimpleData name="int_name">Al Bahjathul Ibraheemiyyah Arabic College</SimpleData>
		<SimpleData name="education">school</SimpleData>
		<SimpleData name="roof_shape">gabled</SimpleData>
		<SimpleData name="addr_postc">80000</SimpleData>
		<SimpleData name="addr_hou_1">60</SimpleData>
		<SimpleData name="building_l">3</SimpleData>
		<SimpleData name="image">https://photos.app.goo.gl/sdGcuZsQjS1UXQy7A</SimpleData>
		<SimpleData name="addr_stree">Church Street</SimpleData>
		<SimpleData name="addr_city">Galle</SimpleData>
		<SimpleData name="amenity">school</SimpleData>
	</SchemaData></ExtendedData>
      <MultiGeometry><Polygon><outerBoundaryIs><LinearRing><coordinates>80.2177747,6.0254672 80.2179659,6.025506 80.2180013,6.0253122 80.2178112,6.0252728 80.2177841,6.0254172 80.2177747,6.0254672</coordinates></LinearRing></outerBoundaryIs></Polygon></MultiGeometry>
  </Placemark>
  <Placemark id="buildings.570">
	<Style><LineStyle><color>ff0000ff</color></LineStyle><PolyStyle><fill>0</fill></PolyStyle></Style>
	<ExtendedData><SchemaData schemaUrl="#buildings">
		<SimpleData name="full_id">w449508661</SimpleData>
		<SimpleData name="osm_id">449508661</SimpleData>
		<SimpleData name="osm_type">way</SimpleData>
		<SimpleData name="building">yes</SimpleData>
		<SimpleData name="roof_shape">gabled</SimpleData>
		<SimpleData name="roof_heigh">3.33</SimpleData>
	</SchemaData></ExtendedData>
      <MultiGeometry><Polygon><outerBoundaryIs><LinearRing><coordinates>80.2179659,6.025506 80.2180013,6.0253122 80.2178112,6.0252728 80.2177841,6.0254172 80.2176158,6.0253836 80.2175978,6.0254721 80.2176917,6.0254911 80.2177,6.0254529 80.2177747,6.0254672 80.2179659,6.025506</coordinates></LinearRing></outerBoundaryIs></Polygon></MultiGeometry>
  </Placemark>
  <Placemark id="buildings.571">
	<Style><LineStyle><color>ff0000ff</color></LineStyle><PolyStyle><fill>0</fill></PolyStyle></Style>
	<ExtendedData><SchemaData schemaUrl="#buildings">
		<SimpleData name="full_id">w449507828</SimpleData>
		<SimpleData name="osm_id">449507828</SimpleData>
		<SimpleData name="osm_type">way</SimpleData>
		<SimpleData name="building">house</SimpleData>
		<SimpleData name="roof_shape">gabled</SimpleData>
		<SimpleData name="roof_heigh">0.92</SimpleData>
		<SimpleData name="building_l">2</SimpleData>
	</SchemaData></ExtendedData>
      <MultiGeometry><Polygon><outerBoundaryIs><LinearRing><coordinates>80.2179211,6.0252099 80.2178357,6.0251952 80.217825,6.0252458 80.2179111,6.0252626 80.2179211,6.0252099</coordinates></LinearRing></outerBoundaryIs></Polygon></MultiGeometry>
  </Placemark>
  <Placemark id="buildings.572">
	<Style><LineStyle><color>ff0000ff</color></LineStyle><PolyStyle><fill>0</fill></PolyStyle></Style>
	<ExtendedData><SchemaData schemaUrl="#buildings">
		<SimpleData name="full_id">w449507732</SimpleData>
		<SimpleData name="osm_id">449507732</SimpleData>
		<SimpleData name="osm_type">way</SimpleData>
		<SimpleData name="building">house</SimpleData>
		<SimpleData name="building_l">2</SimpleData>
	</SchemaData></ExtendedData>
      <MultiGeometry><Polygon><outerBoundaryIs><LinearRing><coordinates>80.2181444,6.0253354 80.2181748,6.0253418 80.218178,6.0253244 80.2182012,6.0253287 80.2181977,6.0253474 80.2182635,6.0253609 80.2182694,6.0253279 80.2183016,6.0253341 80.2183118,6.0252808 80.2181596,6.0252561 80.2181444,6.0253354</coordinates></LinearRing></outerBoundaryIs></Polygon></MultiGeometry>
  </Placemark>
  <Placemark id="buildings.573">
	<Style><LineStyle><color>ff0000ff</color></LineStyle><PolyStyle><fill>0</fill></PolyStyle></Style>
	<ExtendedData><SchemaData schemaUrl="#buildings">
		<SimpleData name="full_id">w449507492</SimpleData>
		<SimpleData name="osm_id">449507492</SimpleData>
		<SimpleData name="osm_type">way</SimpleData>
		<SimpleData name="building">house</SimpleData>
		<SimpleData name="building_l">2</SimpleData>
	</SchemaData></ExtendedData>
      <MultiGeometry><Polygon><outerBoundaryIs><LinearRing><coordinates>80.2180531,6.0251339 80.2182098,6.0251555 80.2182207,6.0250866 80.2180639,6.0250642 80.2180531,6.0251339</coordinates></LinearRing></outerBoundaryIs></Polygon></MultiGeometry>
  </Placemark>
  <Placemark id="buildings.574">
	<Style><LineStyle><color>ff0000ff</color></LineStyle><PolyStyle><fill>0</fill></PolyStyle></Style>
	<ExtendedData><SchemaData schemaUrl="#buildings">
		<SimpleData name="full_id">w449507491</SimpleData>
		<SimpleData name="osm_id">449507491</SimpleData>
		<SimpleData name="osm_type">way</SimpleData>
		<SimpleData name="building">house</SimpleData>
		<SimpleData name="building_l">2</SimpleData>
	</SchemaData></ExtendedData>
      <MultiGeometry><Polygon><outerBoundaryIs><LinearRing><coordinates>80.2183235,6.0250974 80.2183317,6.0250395 80.2182233,6.0250236 80.2182145,6.0250823 80.2183235,6.0250974</coordinates></LinearRing></outerBoundaryIs></Polygon></MultiGeometry>
  </Placemark>
  <Placemark id="buildings.575">
	<Style><LineStyle><color>ff0000ff</color></LineStyle><PolyStyle><fill>0</fill></PolyStyle></Style>
	<ExtendedData><SchemaData schemaUrl="#buildings">
		<SimpleData name="full_id">w449507490</SimpleData>
		<SimpleData name="osm_id">449507490</SimpleData>
		<SimpleData name="osm_type">way</SimpleData>
		<SimpleData name="building">house</SimpleData>
		<SimpleData name="roof_shape">gabled</SimpleData>
		<SimpleData name="roof_heigh">0.77</SimpleData>
		<SimpleData name="height">7.60</SimpleData>
		<SimpleData name="building_l">2</SimpleData>
	</SchemaData></ExtendedData>
      <MultiGeometry><Polygon><outerBoundaryIs><LinearRing><coordinates>80.2180828,6.024947 80.2182377,6.0249713 80.218243,6.0249417 80.2182241,6.0249393 80.2182274,6.0249199 80.218091,6.0248984 80.2180828,6.024947</coordinates></LinearRing></outerBoundaryIs></Polygon></MultiGeometry>
  </Placemark>
  <Placemark id="buildings.576">
	<Style><LineStyle><color>ff0000ff</color></LineStyle><PolyStyle><fill>0</fill></PolyStyle></Style>
	<ExtendedData><SchemaData schemaUrl="#buildings">
		<SimpleData name="full_id">w449514830</SimpleData>
		<SimpleData name="osm_id">449514830</SimpleData>
		<SimpleData name="osm_type">way</SimpleData>
		<SimpleData name="building">house</SimpleData>
		<SimpleData name="roof_colou">#800000</SimpleData>
		<SimpleData name="roof_shape">gabled</SimpleData>
		<SimpleData name="roof_heigh">1.75</SimpleData>
		<SimpleData name="height">6.69</SimpleData>
		<SimpleData name="building_l">2</SimpleData>
	</SchemaData></ExtendedData>
      <MultiGeometry><Polygon><outerBoundaryIs><LinearRing><coordinates>80.2190147,6.0246793 80.2191266,6.0246808 80.2191303,6.02464 80.2191017,6.0246319 80.219082,6.0246274 80.2190656,6.024624 80.2190402,6.02462 80.2190153,6.0246169 80.2190147,6.0246793</coordinates></LinearRing></outerBoundaryIs></Polygon></MultiGeometry>
  </Placemark>
  <Placemark id="buildings.577">
	<Style><LineStyle><color>ff0000ff</color></LineStyle><PolyStyle><fill>0</fill></PolyStyle></Style>
	<ExtendedData><SchemaData schemaUrl="#buildings">
		<SimpleData name="full_id">w449514829</SimpleData>
		<SimpleData name="osm_id">449514829</SimpleData>
		<SimpleData name="osm_type">way</SimpleData>
		<SimpleData name="building">house</SimpleData>
		<SimpleData name="roof_colou">#800000</SimpleData>
		<SimpleData name="roof_shape">gabled</SimpleData>
		<SimpleData name="roof_heigh">1.52</SimpleData>
		<SimpleData name="height">3.13</SimpleData>
		<SimpleData name="building_l">1</SimpleData>
	</SchemaData></ExtendedData>
      <MultiGeometry><Polygon><outerBoundaryIs><LinearRing><coordinates>80.2189471,6.0246784 80.2190147,6.0246793 80.2191266,6.0246808 80.2192136,6.024682 80.2191955,6.0246696 80.2191768,6.0246601 80.2191609,6.0246534 80.2191303,6.02464 80.2191017,6.0246319 80.219082,6.0246274 80.2190656,6.024624 80.2190402,6.02462 80.2190153,6.0246169 80.2189458,6.0246113 80.2189471,6.0246784</coordinates></LinearRing></outerBoundaryIs></Polygon></MultiGeometry>
  </Placemark>
  <Placemark id="buildings.578">
	<Style><LineStyle><color>ff0000ff</color></LineStyle><PolyStyle><fill>0</fill></PolyStyle></Style>
	<ExtendedData><SchemaData schemaUrl="#buildings">
		<SimpleData name="full_id">w449511213</SimpleData>
		<SimpleData name="osm_id">449511213</SimpleData>
		<SimpleData name="osm_type">way</SimpleData>
		<SimpleData name="building">house</SimpleData>
		<SimpleData name="building_l">2</SimpleData>
	</SchemaData></ExtendedData>
      <MultiGeometry><Polygon><outerBoundaryIs><LinearRing><coordinates>80.2185558,6.0252303 80.2189197,6.0252599 80.2189206,6.0252167 80.2185632,6.0251767 80.2185558,6.0252303</coordinates></LinearRing></outerBoundaryIs></Polygon></MultiGeometry>
  </Placemark>
  <Placemark id="buildings.579">
	<Style><LineStyle><color>ff0000ff</color></LineStyle><PolyStyle><fill>0</fill></PolyStyle></Style>
	<ExtendedData><SchemaData schemaUrl="#buildings">
		<SimpleData name="full_id">w449511009</SimpleData>
		<SimpleData name="osm_id">449511009</SimpleData>
		<SimpleData name="osm_type">way</SimpleData>
		<SimpleData name="building">house</SimpleData>
		<SimpleData name="building_l">2</SimpleData>
	</SchemaData></ExtendedData>
      <MultiGeometry><Polygon><outerBoundaryIs><LinearRing><coordinates>80.2185933,6.0249496 80.2185248,6.0249404 80.2185084,6.0250607 80.2185771,6.0250689 80.2185933,6.0249496</coordinates></LinearRing></outerBoundaryIs></Polygon></MultiGeometry>
  </Placemark>
  <Placemark id="buildings.580">
	<Style><LineStyle><color>ff0000ff</color></LineStyle><PolyStyle><fill>0</fill></PolyStyle></Style>
	<ExtendedData><SchemaData schemaUrl="#buildings">
		<SimpleData name="full_id">w449511008</SimpleData>
		<SimpleData name="osm_id">449511008</SimpleData>
		<SimpleData name="osm_type">way</SimpleData>
		<SimpleData name="building">house</SimpleData>
		<SimpleData name="building_l">2</SimpleData>
	</SchemaData></ExtendedData>
      <MultiGeometry><Polygon><outerBoundaryIs><LinearRing><coordinates>80.2184376,6.0249853 80.218456,6.0248511 80.2183657,6.024833 80.2183476,6.0249714 80.2184376,6.0249853</coordinates></LinearRing></outerBoundaryIs></Polygon></MultiGeometry>
  </Placemark>
  <Placemark id="buildings.581">
	<Style><LineStyle><color>ff0000ff</color></LineStyle><PolyStyle><fill>0</fill></PolyStyle></Style>
	<ExtendedData><SchemaData schemaUrl="#buildings">
		<SimpleData name="full_id">w449510192</SimpleData>
		<SimpleData name="osm_id">449510192</SimpleData>
		<SimpleData name="osm_type">way</SimpleData>
		<SimpleData name="building">house</SimpleData>
		<SimpleData name="roof_colou">#800000</SimpleData>
		<SimpleData name="roof_shape">gabled</SimpleData>
		<SimpleData name="roof_heigh">0.76</SimpleData>
		<SimpleData name="height">7.81</SimpleData>
		<SimpleData name="building_l">3</SimpleData>
		<SimpleData name="image">https://photos.app.goo.gl/854VKonD9dfD8kr27</SimpleData>
	</SchemaData></ExtendedData>
      <MultiGeometry><Polygon><outerBoundaryIs><LinearRing><coordinates>80.2181224,6.0247011 80.218315,6.0247374 80.2183268,6.0246861 80.218133,6.0246478 80.2181224,6.0247011</coordinates></LinearRing></outerBoundaryIs></Polygon></MultiGeometry>
  </Placemark>
  <Placemark id="buildings.582">
	<Style><LineStyle><color>ff0000ff</color></LineStyle><PolyStyle><fill>0</fill></PolyStyle></Style>
	<ExtendedData><SchemaData schemaUrl="#buildings">
		<SimpleData name="full_id">w449508666</SimpleData>
		<SimpleData name="osm_id">449508666</SimpleData>
		<SimpleData name="osm_type">way</SimpleData>
		<SimpleData name="building">house</SimpleData>
		<SimpleData name="roof_shape">gabled</SimpleData>
		<SimpleData name="roof_heigh">0.45</SimpleData>
		<SimpleData name="building_l">2</SimpleData>
	</SchemaData></ExtendedData>
      <MultiGeometry><Polygon><outerBoundaryIs><LinearRing><coordinates>80.2182154,6.0247815 80.2183181,6.0247991 80.2183226,6.024779 80.2183543,6.0247836 80.2183612,6.0247483 80.2182273,6.0247243 80.2182154,6.0247815</coordinates></LinearRing></outerBoundaryIs></Polygon></MultiGeometry>
  </Placemark>
  <Placemark id="buildings.583">
	<Style><LineStyle><color>ff0000ff</color></LineStyle><PolyStyle><fill>0</fill></PolyStyle></Style>
	<ExtendedData><SchemaData schemaUrl="#buildings">
		<SimpleData name="full_id">w449508664</SimpleData>
		<SimpleData name="osm_id">449508664</SimpleData>
		<SimpleData name="osm_type">way</SimpleData>
		<SimpleData name="building">house</SimpleData>
		<SimpleData name="roof_shape">gabled</SimpleData>
		<SimpleData name="roof_heigh">1.64</SimpleData>
		<SimpleData name="height">6.33</SimpleData>
		<SimpleData name="building_l">2</SimpleData>
	</SchemaData></ExtendedData>
      <MultiGeometry><Polygon><outerBoundaryIs><LinearRing><coordinates>80.2179626,6.0249498 80.2179757,6.0248818 80.2177748,6.0248464 80.2177631,6.0249155 80.2179626,6.0249498</coordinates></LinearRing></outerBoundaryIs></Polygon></MultiGeometry>
  </Placemark>
  <Placemark id="buildings.584">
	<name>FORT INN</name>
	<Style><LineStyle><color>ff0000ff</color></LineStyle><PolyStyle><fill>0</fill></PolyStyle></Style>
	<ExtendedData><SchemaData schemaUrl="#buildings">
		<SimpleData name="full_id">w137205460</SimpleData>
		<SimpleData name="osm_id">137205460</SimpleData>
		<SimpleData name="osm_type">way</SimpleData>
		<SimpleData name="building">yes</SimpleData>
		<SimpleData name="smoking">outside</SimpleData>
		<SimpleData name="rooms">4</SimpleData>
		<SimpleData name="internet_1">no</SimpleData>
		<SimpleData name="internet_2">yes</SimpleData>
		<SimpleData name="operator">RASIKA</SimpleData>
		<SimpleData name="addr_postc">80000</SimpleData>
		<SimpleData name="addr_hou_1">31</SimpleData>
		<SimpleData name="tourism">guest_house</SimpleData>
		<SimpleData name="alt_name">Frangipani Motel</SimpleData>
		<SimpleData name="addr_stree">Pedlar Street</SimpleData>
		<SimpleData name="addr_city">Galle</SimpleData>
	</SchemaData></ExtendedData>
      <MultiGeometry><Polygon><outerBoundaryIs><LinearRing><coordinates>80.2181523,6.0265242 80.2182197,6.0265256 80.2182227,6.0263795 80.2182646,6.0263804 80.2182679,6.0262195 80.2181586,6.0262173 80.2181523,6.0265242</coordinates></LinearRing></outerBoundaryIs></Polygon></MultiGeometry>
  </Placemark>
  <Placemark id="buildings.585">
	<name>Rampart Hotel</name>
	<Style><LineStyle><color>ff0000ff</color></LineStyle><PolyStyle><fill>0</fill></PolyStyle></Style>
	<ExtendedData><SchemaData schemaUrl="#buildings">
		<SimpleData name="full_id">w137191139</SimpleData>
		<SimpleData name="osm_id">137191139</SimpleData>
		<SimpleData name="osm_type">way</SimpleData>
		<SimpleData name="building">hotel</SimpleData>
		<SimpleData name="addr_hou_1">31</SimpleData>
		<SimpleData name="addr_stree">Rampart Street</SimpleData>
		<SimpleData name="addr_city">Galle</SimpleData>
	</SchemaData></ExtendedData>
      <MultiGeometry><Polygon><outerBoundaryIs><LinearRing><coordinates>80.216171,6.0254832 80.216434,6.0255469 80.2164732,6.0253869 80.2162897,6.0253424 80.21628,6.0253818 80.2162006,6.0253626 80.216171,6.0254832</coordinates></LinearRing></outerBoundaryIs></Polygon></MultiGeometry>
  </Placemark>
  <Placemark id="buildings.586">
	<name>Hall De Galle</name>
	<Style><LineStyle><color>ff0000ff</color></LineStyle><PolyStyle><fill>0</fill></PolyStyle></Style>
	<ExtendedData><SchemaData schemaUrl="#buildings">
		<SimpleData name="full_id">w137191132</SimpleData>
		<SimpleData name="osm_id">137191132</SimpleData>
		<SimpleData name="osm_type">way</SimpleData>
		<SimpleData name="building">yes</SimpleData>
		<SimpleData name="amenity">public_building</SimpleData>
	</SchemaData></ExtendedData>
      <MultiGeometry><Polygon><outerBoundaryIs><LinearRing><coordinates>80.2179941,6.0284162 80.2181443,6.0283292 80.2180615,6.0281879 80.2179113,6.028275 80.2179941,6.0284162</coordinates></LinearRing></outerBoundaryIs></Polygon></MultiGeometry>
  </Placemark>
  <Placemark id="buildings.587">
	<name>SMTI</name>
	<Style><LineStyle><color>ff0000ff</color></LineStyle><PolyStyle><fill>0</fill></PolyStyle></Style>
	<ExtendedData><SchemaData schemaUrl="#buildings">
		<SimpleData name="full_id">w137191081</SimpleData>
		<SimpleData name="osm_id">137191081</SimpleData>
		<SimpleData name="osm_type">way</SimpleData>
		<SimpleData name="building">yes</SimpleData>
	</SchemaData></ExtendedData>
      <MultiGeometry><Polygon><outerBoundaryIs><LinearRing><coordinates>80.2186421,6.028463 80.2190654,6.0285586 80.2190552,6.0286033 80.2191456,6.0286237 80.2191387,6.0286541 80.2191932,6.0286664 80.2192382,6.0284695 80.2186699,6.0283411 80.2186421,6.028463</coordinates></LinearRing></outerBoundaryIs></Polygon></MultiGeometry>
  </Placemark>
  <Placemark id="buildings.588">
	<Style><LineStyle><color>ff0000ff</color></LineStyle><PolyStyle><fill>0</fill></PolyStyle></Style>
	<ExtendedData><SchemaData schemaUrl="#buildings">
		<SimpleData name="full_id">w137191059</SimpleData>
		<SimpleData name="osm_id">137191059</SimpleData>
		<SimpleData name="osm_type">way</SimpleData>
		<SimpleData name="building">government</SimpleData>
		<SimpleData name="roof_shape">gabled</SimpleData>
		<SimpleData name="building_l">2</SimpleData>
	</SchemaData></ExtendedData>
      <MultiGeometry><Polygon><outerBoundaryIs><LinearRing><coordinates>80.2193773,6.0278952 80.2195053,6.0279251 80.219524,6.0278513 80.2195929,6.0275486 80.2194641,6.0275192 80.2193773,6.0278952</coordinates></LinearRing></outerBoundaryIs></Polygon></MultiGeometry>
  </Placemark>
  <Placemark id="buildings.589">
	<name>Jiffry Thaikka</name>
	<Style><LineStyle><color>ff0000ff</color></LineStyle><PolyStyle><fill>0</fill></PolyStyle></Style>
	<ExtendedData><SchemaData schemaUrl="#buildings">
		<SimpleData name="full_id">w137189159</SimpleData>
		<SimpleData name="osm_id">137189159</SimpleData>
		<SimpleData name="osm_type">way</SimpleData>
		<SimpleData name="building">yes</SimpleData>
		<SimpleData name="roof_shape">gabled</SimpleData>
		<SimpleData name="roof_heigh">1.03</SimpleData>
		<SimpleData name="height">6.82</SimpleData>
		<SimpleData name="image">https://photos.app.goo.gl/CHDiUYE7RSJVGgcg8</SimpleData>
		<SimpleData name="religion">muslim</SimpleData>
		<SimpleData name="amenity">place_of_worship</SimpleData>
	</SchemaData></ExtendedData>
      <MultiGeometry><Polygon><outerBoundaryIs><LinearRing><coordinates>80.2181023,6.0248341 80.2182885,6.0248629 80.2183526,6.0248728 80.2183608,6.0248272 80.2182977,6.0248166 80.2181116,6.0247855 80.2181023,6.0248341</coordinates></LinearRing></outerBoundaryIs></Polygon></MultiGeometry>
  </Placemark>
  <Placemark id="buildings.590">
	<name>Le Grand Galle by Asia Leisure</name>
	<Style><LineStyle><color>ff0000ff</color></LineStyle><PolyStyle><fill>0</fill></PolyStyle></Style>
	<ExtendedData><SchemaData schemaUrl="#buildings">
		<SimpleData name="full_id">w137188915</SimpleData>
		<SimpleData name="osm_id">137188915</SimpleData>
		<SimpleData name="osm_type">way</SimpleData>
		<SimpleData name="building">yes</SimpleData>
		<SimpleData name="addr_hou_1">30</SimpleData>
		<SimpleData name="tourism">hotel</SimpleData>
		<SimpleData name="addr_stree">Park Road</SimpleData>
		<SimpleData name="addr_city">Galle</SimpleData>
	</SchemaData></ExtendedData>
      <MultiGeometry><Polygon><outerBoundaryIs><LinearRing><coordinates>80.2122314,6.0318638 80.2124236,6.0318449 80.2124185,6.0317929 80.2126805,6.0317671 80.212668,6.0316417 80.2125335,6.0316549 80.2124362,6.0316645 80.2124329,6.0316306 80.2123567,6.0316381 80.212352,6.0315911 80.2124272,6.0315837 80.2124117,6.0314281 80.212634,6.0314063 80.212625,6.031316 80.2122623,6.0313517 80.2122747,6.0314768 80.2122397,6.0314802 80.2122518,6.0316026 80.2122918,6.0315987 80.212297,6.0316508 80.212211,6.0316592 80.2122314,6.0318638</coordinates></LinearRing></outerBoundaryIs></Polygon></MultiGeometry>
  </Placemark>
  <Placemark id="buildings.591">
	<name>Zaviya Ummul Fuqarah</name>
	<Style><LineStyle><color>ff0000ff</color></LineStyle><PolyStyle><fill>0</fill></PolyStyle></Style>
	<ExtendedData><SchemaData schemaUrl="#buildings">
		<SimpleData name="full_id">w137089491</SimpleData>
		<SimpleData name="osm_id">137089491</SimpleData>
		<SimpleData name="osm_type">way</SimpleData>
		<SimpleData name="building">yes</SimpleData>
		<SimpleData name="religion">muslim</SimpleData>
		<SimpleData name="amenity">place_of_worship</SimpleData>
	</SchemaData></ExtendedData>
      <MultiGeometry><Polygon><outerBoundaryIs><LinearRing><coordinates>80.21738,6.0245025 80.2177216,6.0246072 80.2177147,6.0245572 80.2173945,6.0244564 80.21738,6.0245025</coordinates></LinearRing></outerBoundaryIs></Polygon></MultiGeometry>
  </Placemark>
  <Placemark id="buildings.592">
	<Style><LineStyle><color>ff0000ff</color></LineStyle><PolyStyle><fill>0</fill></PolyStyle></Style>
	<ExtendedData><SchemaData schemaUrl="#buildings">
		<SimpleData name="full_id">w137294916</SimpleData>
		<SimpleData name="osm_id">137294916</SimpleData>
		<SimpleData name="osm_type">way</SimpleData>
		<SimpleData name="building">garage</SimpleData>
	</SchemaData></ExtendedData>
      <MultiGeometry><Polygon><outerBoundaryIs><LinearRing><coordinates>80.2193232,6.0285622 80.2193427,6.0282801 80.2192642,6.0282747 80.2192447,6.0285568 80.2193232,6.0285622</coordinates></LinearRing></outerBoundaryIs></Polygon></MultiGeometry>
  </Placemark>
  <Placemark id="buildings.593">
	<Style><LineStyle><color>ff0000ff</color></LineStyle><PolyStyle><fill>0</fill></PolyStyle></Style>
	<ExtendedData><SchemaData schemaUrl="#buildings">
		<SimpleData name="full_id">w137294915</SimpleData>
		<SimpleData name="osm_id">137294915</SimpleData>
		<SimpleData name="osm_type">way</SimpleData>
		<SimpleData name="building">garage</SimpleData>
	</SchemaData></ExtendedData>
      <MultiGeometry><Polygon><outerBoundaryIs><LinearRing><coordinates>80.2194004,6.0281159 80.2194154,6.0280539 80.219346,6.0280373 80.2193311,6.0280993 80.2194004,6.0281159</coordinates></LinearRing></outerBoundaryIs></Polygon></MultiGeometry>
  </Placemark>
  <Placemark id="buildings.594">
	<Style><LineStyle><color>ff0000ff</color></LineStyle><PolyStyle><fill>0</fill></PolyStyle></Style>
	<ExtendedData><SchemaData schemaUrl="#buildings">
		<SimpleData name="full_id">w543194516</SimpleData>
		<SimpleData name="osm_id">543194516</SimpleData>
		<SimpleData name="osm_type">way</SimpleData>
		<SimpleData name="building">yes</SimpleData>
	</SchemaData></ExtendedData>
      <MultiGeometry><Polygon><outerBoundaryIs><LinearRing><coordinates>80.2122311,6.0353344 80.212351,6.0352524 80.2123084,6.0351908 80.2121885,6.0352727 80.2122311,6.0353344</coordinates></LinearRing></outerBoundaryIs></Polygon></MultiGeometry>
  </Placemark>
  <Placemark id="buildings.595">
	<name>Singer</name>
	<Style><LineStyle><color>ff0000ff</color></LineStyle><PolyStyle><fill>0</fill></PolyStyle></Style>
	<ExtendedData><SchemaData schemaUrl="#buildings">
		<SimpleData name="full_id">w137292643</SimpleData>
		<SimpleData name="osm_id">137292643</SimpleData>
		<SimpleData name="osm_type">way</SimpleData>
		<SimpleData name="building">yes</SimpleData>
	</SchemaData></ExtendedData>
      <MultiGeometry><Polygon><outerBoundaryIs><LinearRing><coordinates>80.2126966,6.0338225 80.2127787,6.0337693 80.2126699,6.0336001 80.2126362,6.0337227 80.2126966,6.0338225</coordinates></LinearRing></outerBoundaryIs></Polygon></MultiGeometry>
  </Placemark>
  <Placemark id="buildings.596">
	<Style><LineStyle><color>ff0000ff</color></LineStyle><PolyStyle><fill>0</fill></PolyStyle></Style>
	<ExtendedData><SchemaData schemaUrl="#buildings">
		<SimpleData name="full_id">w536910612</SimpleData>
		<SimpleData name="osm_id">536910612</SimpleData>
		<SimpleData name="osm_type">way</SimpleData>
		<SimpleData name="building">yes</SimpleData>
	</SchemaData></ExtendedData>
      <MultiGeometry><Polygon><outerBoundaryIs><LinearRing><coordinates>80.2179703,6.0339144 80.2180086,6.0339494 80.2181093,6.0338407 80.2180381,6.0337756 80.2179375,6.0338843 80.2179703,6.0339144</coordinates></LinearRing></outerBoundaryIs></Polygon></MultiGeometry>
  </Placemark>
  <Placemark id="buildings.597">
	<name>Millemium Gems &amp; Jewllery</name>
	<Style><LineStyle><color>ff0000ff</color></LineStyle><PolyStyle><fill>0</fill></PolyStyle></Style>
	<ExtendedData><SchemaData schemaUrl="#buildings">
		<SimpleData name="full_id">w137287360</SimpleData>
		<SimpleData name="osm_id">137287360</SimpleData>
		<SimpleData name="osm_type">way</SimpleData>
		<SimpleData name="building">yes</SimpleData>
		<SimpleData name="roof_shape">gabled</SimpleData>
		<SimpleData name="roof_heigh">1.19</SimpleData>
		<SimpleData name="height">4.33</SimpleData>
		<SimpleData name="shop">jewelry</SimpleData>
	</SchemaData></ExtendedData>
      <MultiGeometry><Polygon><outerBoundaryIs><LinearRing><coordinates>80.2177925,6.0249238 80.2177819,6.0249728 80.2179123,6.0249943 80.2180492,6.0250169 80.2180558,6.0249685 80.2179219,6.0249458 80.2177925,6.0249238</coordinates></LinearRing></outerBoundaryIs></Polygon></MultiGeometry>
  </Placemark>
  <Placemark id="buildings.598">
	<Style><LineStyle><color>ff0000ff</color></LineStyle><PolyStyle><fill>0</fill></PolyStyle></Style>
	<ExtendedData><SchemaData schemaUrl="#buildings">
		<SimpleData name="full_id">w536910611</SimpleData>
		<SimpleData name="osm_id">536910611</SimpleData>
		<SimpleData name="osm_type">way</SimpleData>
		<SimpleData name="building">yes</SimpleData>
	</SchemaData></ExtendedData>
      <MultiGeometry><Polygon><outerBoundaryIs><LinearRing><coordinates>80.217955,6.0339981 80.2179144,6.0339843 80.2178656,6.0341253 80.2179681,6.0341604 80.2180169,6.0340193 80.217955,6.0339981</coordinates></LinearRing></outerBoundaryIs></Polygon></MultiGeometry>
  </Placemark>
  <Placemark id="buildings.599">
	<name>Rampart View</name>
	<Style><LineStyle><color>ff0000ff</color></LineStyle><PolyStyle><fill>0</fill></PolyStyle></Style>
	<ExtendedData><SchemaData schemaUrl="#buildings">
		<SimpleData name="full_id">w137287241</SimpleData>
		<SimpleData name="osm_id">137287241</SimpleData>
		<SimpleData name="osm_type">way</SimpleData>
		<SimpleData name="building">yes</SimpleData>
		<SimpleData name="check_date">2025-01-19</SimpleData>
		<SimpleData name="roof_shape">gabled</SimpleData>
		<SimpleData name="roof_heigh">1.91</SimpleData>
		<SimpleData name="tourism">guest_house</SimpleData>
		<SimpleData name="image">https://photos.app.goo.gl/jY8ZhY9GTvScaHPbA</SimpleData>
	</SchemaData></ExtendedData>
      <MultiGeometry><Polygon><outerBoundaryIs><LinearRing><coordinates>80.2171469,6.0244476 80.2172971,6.0245276 80.2173438,6.0243857 80.2172643,6.0243313 80.2171469,6.0244476</coordinates></LinearRing></outerBoundaryIs></Polygon></MultiGeometry>
  </Placemark>
  <Placemark id="buildings.600">
	<name>Tea Control Board</name>
	<Style><LineStyle><color>ff0000ff</color></LineStyle><PolyStyle><fill>0</fill></PolyStyle></Style>
	<ExtendedData><SchemaData schemaUrl="#buildings">
		<SimpleData name="full_id">w137286509</SimpleData>
		<SimpleData name="osm_id">137286509</SimpleData>
		<SimpleData name="osm_type">way</SimpleData>
		<SimpleData name="building">yes</SimpleData>
		<SimpleData name="roof_shape">gabled</SimpleData>
		<SimpleData name="roof_heigh">2.52</SimpleData>
	</SchemaData></ExtendedData>
      <MultiGeometry><Polygon><outerBoundaryIs><LinearRing><coordinates>80.2174322,6.0243427 80.2175882,6.0243901 80.2177367,6.0244352 80.2177622,6.0243416 80.2176141,6.0243009 80.217641,6.0242075 80.2175947,6.0242044 80.2175471,6.0242066 80.2175196,6.0242112 80.2175,6.0242198 80.2174799,6.0242398 80.2174577,6.0242747 80.2174395,6.0243163 80.2174322,6.0243427</coordinates></LinearRing></outerBoundaryIs></Polygon></MultiGeometry>
  </Placemark>
  <Placemark id="buildings.601">
	<name>Richard Pathirana Library</name>
	<Style><LineStyle><color>ff0000ff</color></LineStyle><PolyStyle><fill>0</fill></PolyStyle></Style>
	<ExtendedData><SchemaData schemaUrl="#buildings">
		<SimpleData name="full_id">w137218208</SimpleData>
		<SimpleData name="osm_id">137218208</SimpleData>
		<SimpleData name="osm_type">way</SimpleData>
		<SimpleData name="building">yes</SimpleData>
		<SimpleData name="amenity">library</SimpleData>
	</SchemaData></ExtendedData>
      <MultiGeometry><Polygon><outerBoundaryIs><LinearRing><coordinates>80.2174549,6.0351843 80.2176374,6.0350715 80.2175353,6.0348611 80.2173608,6.0350566 80.2174549,6.0351843</coordinates></LinearRing></outerBoundaryIs></Polygon></MultiGeometry>
  </Placemark>
  <Placemark id="buildings.602">
	<name>Barefoot</name>
	<Style><LineStyle><color>ff0000ff</color></LineStyle><PolyStyle><fill>0</fill></PolyStyle></Style>
	<ExtendedData><SchemaData schemaUrl="#buildings">
		<SimpleData name="full_id">w137205901</SimpleData>
		<SimpleData name="osm_id">137205901</SimpleData>
		<SimpleData name="osm_type">way</SimpleData>
		<SimpleData name="building">yes</SimpleData>
		<SimpleData name="fair_trade">yes</SimpleData>
		<SimpleData name="shop">clothes</SimpleData>
	</SchemaData></ExtendedData>
      <MultiGeometry><Polygon><outerBoundaryIs><LinearRing><coordinates>80.2177728,6.0261125 80.2178494,6.0261191 80.2178748,6.0259071 80.2177963,6.0258978 80.2177728,6.0261125</coordinates></LinearRing></outerBoundaryIs></Polygon></MultiGeometry>
  </Placemark>
  <Placemark id="buildings.603">
	<Style><LineStyle><color>ff0000ff</color></LineStyle><PolyStyle><fill>0</fill></PolyStyle></Style>
	<ExtendedData><SchemaData schemaUrl="#buildings">
		<SimpleData name="full_id">w137294933</SimpleData>
		<SimpleData name="osm_id">137294933</SimpleData>
		<SimpleData name="osm_type">way</SimpleData>
		<SimpleData name="building">yes</SimpleData>
	</SchemaData></ExtendedData>
      <MultiGeometry><Polygon><outerBoundaryIs><LinearRing><coordinates>80.2189463,6.0256381 80.2193703,6.0256448 80.2193761,6.0255279 80.2189513,6.0255243 80.2189463,6.0256381</coordinates></LinearRing></outerBoundaryIs></Polygon></MultiGeometry>
  </Placemark>
  <Placemark id="buildings.604">
	<name>Old Dutch Hospital (Shopping Precint)</name>
	<Style><LineStyle><color>ff0000ff</color></LineStyle><PolyStyle><fill>0</fill></PolyStyle></Style>
	<ExtendedData><SchemaData schemaUrl="#buildings">
		<SimpleData name="full_id">w137294929</SimpleData>
		<SimpleData name="osm_id">137294929</SimpleData>
		<SimpleData name="osm_type">way</SimpleData>
		<SimpleData name="building">commercial</SimpleData>
		<SimpleData name="smoking">no</SimpleData>
		<SimpleData name="addr_postc">80000</SimpleData>
		<SimpleData name="historic">monument</SimpleData>
		<SimpleData name="image">https://photos.app.goo.gl/zDmvwQgymjo1JKV5A</SimpleData>
		<SimpleData name="addr_stree">Hospital Street</SimpleData>
	</SchemaData></ExtendedData>
      <MultiGeometry><Polygon><outerBoundaryIs><LinearRing><coordinates>80.2194654,6.0271956 80.2195972,6.0271943 80.2195949,6.02696 80.2196239,6.0269597 80.2196936,6.026959 80.2196925,6.0268501 80.2196212,6.0268508 80.2195938,6.0268511 80.2195888,6.0263481 80.219457,6.0263494 80.2194654,6.0271956</coordinates></LinearRing></outerBoundaryIs></Polygon></MultiGeometry>
  </Placemark>
  <Placemark id="buildings.605">
	<Style><LineStyle><color>ff0000ff</color></LineStyle><PolyStyle><fill>0</fill></PolyStyle></Style>
	<ExtendedData><SchemaData schemaUrl="#buildings">
		<SimpleData name="full_id">w543194524</SimpleData>
		<SimpleData name="osm_id">543194524</SimpleData>
		<SimpleData name="osm_type">way</SimpleData>
		<SimpleData name="building">yes</SimpleData>
	</SchemaData></ExtendedData>
      <MultiGeometry><Polygon><outerBoundaryIs><LinearRing><coordinates>80.212398,6.0348999 80.2125174,6.0348128 80.2126139,6.0347336 80.2126289,6.0346958 80.2125647,6.0345695 80.212512,6.0344788 80.2124436,6.0345181 80.2123687,6.0345612 80.2123405,6.0345796 80.2123935,6.0347072 80.212375,6.0347362 80.212398,6.0347855 80.212352,6.0348101 80.212398,6.0348999</coordinates></LinearRing></outerBoundaryIs></Polygon></MultiGeometry>
  </Placemark>
  <Placemark id="buildings.606">
	<name>Magistrate Court (Malay Soilders' Barrack)</name>
	<Style><LineStyle><color>ff0000ff</color></LineStyle><PolyStyle><fill>0</fill></PolyStyle></Style>
	<ExtendedData><SchemaData schemaUrl="#buildings">
		<SimpleData name="full_id">w137294927</SimpleData>
		<SimpleData name="osm_id">137294927</SimpleData>
		<SimpleData name="osm_type">way</SimpleData>
		<SimpleData name="building">yes</SimpleData>
		<SimpleData name="office">government</SimpleData>
		<SimpleData name="historic">monument</SimpleData>
		<SimpleData name="amenity">courthouse</SimpleData>
	</SchemaData></ExtendedData>
      <MultiGeometry><Polygon><outerBoundaryIs><LinearRing><coordinates>80.2184924,6.0279442 80.2186971,6.027992 80.2187613,6.0279518 80.2187775,6.0273452 80.2186488,6.0273372 80.2186222,6.0278542 80.2185085,6.0278291 80.2184924,6.0279442</coordinates></LinearRing></outerBoundaryIs></Polygon></MultiGeometry>
  </Placemark>
  <Placemark id="buildings.607">
	<Style><LineStyle><color>ff0000ff</color></LineStyle><PolyStyle><fill>0</fill></PolyStyle></Style>
	<ExtendedData><SchemaData schemaUrl="#buildings">
		<SimpleData name="full_id">w543194523</SimpleData>
		<SimpleData name="osm_id">543194523</SimpleData>
		<SimpleData name="osm_type">way</SimpleData>
		<SimpleData name="building">yes</SimpleData>
	</SchemaData></ExtendedData>
      <MultiGeometry><Polygon><outerBoundaryIs><LinearRing><coordinates>80.2122648,6.0348444 80.2123844,6.0347842 80.2123611,6.0347383 80.2122415,6.0347985 80.2122648,6.0348444</coordinates></LinearRing></outerBoundaryIs></Polygon></MultiGeometry>
  </Placemark>
  <Placemark id="buildings.608">
	<Style><LineStyle><color>ff0000ff</color></LineStyle><PolyStyle><fill>0</fill></PolyStyle></Style>
	<ExtendedData><SchemaData schemaUrl="#buildings">
		<SimpleData name="full_id">w137294922</SimpleData>
		<SimpleData name="osm_id">137294922</SimpleData>
		<SimpleData name="osm_type">way</SimpleData>
		<SimpleData name="building">yes</SimpleData>
	</SchemaData></ExtendedData>
      <MultiGeometry><Polygon><outerBoundaryIs><LinearRing><coordinates>80.2177569,6.0289114 80.2179815,6.0287098 80.2179262,6.0286489 80.2177016,6.0288504 80.2177569,6.0289114</coordinates></LinearRing></outerBoundaryIs></Polygon></MultiGeometry>
  </Placemark>
  <Placemark id="buildings.609">
	<Style><LineStyle><color>ff0000ff</color></LineStyle><PolyStyle><fill>0</fill></PolyStyle></Style>
	<ExtendedData><SchemaData schemaUrl="#buildings">
		<SimpleData name="full_id">w543194522</SimpleData>
		<SimpleData name="osm_id">543194522</SimpleData>
		<SimpleData name="osm_type">way</SimpleData>
		<SimpleData name="building">yes</SimpleData>
	</SchemaData></ExtendedData>
      <MultiGeometry><Polygon><outerBoundaryIs><LinearRing><coordinates>80.2123346,6.0349358 80.2123921,6.0349061 80.212355,6.0348351 80.2122975,6.0348649 80.2123346,6.0349358</coordinates></LinearRing></outerBoundaryIs></Polygon></MultiGeometry>
  </Placemark>
  <Placemark id="buildings.610">
	<name>Archaeology Regional office</name>
	<Style><LineStyle><color>ff0000ff</color></LineStyle><PolyStyle><fill>0</fill></PolyStyle></Style>
	<ExtendedData><SchemaData schemaUrl="#buildings">
		<SimpleData name="full_id">w137294920</SimpleData>
		<SimpleData name="osm_id">137294920</SimpleData>
		<SimpleData name="osm_type">way</SimpleData>
		<SimpleData name="building">yes</SimpleData>
		<SimpleData name="fax">+ 94 091 22 34071</SimpleData>
		<SimpleData name="addr_postc">80000</SimpleData>
		<SimpleData name="addr_stree">Queen's Street</SimpleData>
		<SimpleData name="addr_city">Galle</SimpleData>
	</SchemaData></ExtendedData>
      <MultiGeometry><Polygon><outerBoundaryIs><LinearRing><coordinates>80.2184594,6.0279623 80.2184845,6.0278551 80.2181862,6.0277859 80.2181611,6.0278932 80.2184594,6.0279623</coordinates></LinearRing></outerBoundaryIs></Polygon></MultiGeometry>
  </Placemark>
  <Placemark id="buildings.611">
	<Style><LineStyle><color>ff0000ff</color></LineStyle><PolyStyle><fill>0</fill></PolyStyle></Style>
	<ExtendedData><SchemaData schemaUrl="#buildings">
		<SimpleData name="full_id">w543194521</SimpleData>
		<SimpleData name="osm_id">543194521</SimpleData>
		<SimpleData name="osm_type">way</SimpleData>
		<SimpleData name="building">yes</SimpleData>
	</SchemaData></ExtendedData>
      <MultiGeometry><Polygon><outerBoundaryIs><LinearRing><coordinates>80.2121818,6.035046 80.2122487,6.0350087 80.2121865,6.0348984 80.2121196,6.0349356 80.2121818,6.035046</coordinates></LinearRing></outerBoundaryIs></Polygon></MultiGeometry>
  </Placemark>
  <Placemark id="buildings.612">
	<Style><LineStyle><color>ff0000ff</color></LineStyle><PolyStyle><fill>0</fill></PolyStyle></Style>
	<ExtendedData><SchemaData schemaUrl="#buildings">
		<SimpleData name="full_id">w137294919</SimpleData>
		<SimpleData name="osm_id">137294919</SimpleData>
		<SimpleData name="osm_type">way</SimpleData>
		<SimpleData name="building">yes</SimpleData>
	</SchemaData></ExtendedData>
      <MultiGeometry><Polygon><outerBoundaryIs><LinearRing><coordinates>80.2195556,6.0274652 80.2196313,6.0275021 80.2197431,6.0275567 80.2197789,6.0274842 80.2196669,6.0274295 80.2197136,6.0273351 80.219638,6.0272982 80.2196258,6.027323 80.2195556,6.0274652</coordinates></LinearRing></outerBoundaryIs></Polygon></MultiGeometry>
  </Placemark>
  <Placemark id="buildings.613">
	<Style><LineStyle><color>ff0000ff</color></LineStyle><PolyStyle><fill>0</fill></PolyStyle></Style>
	<ExtendedData><SchemaData schemaUrl="#buildings">
		<SimpleData name="full_id">w543194520</SimpleData>
		<SimpleData name="osm_id">543194520</SimpleData>
		<SimpleData name="osm_type">way</SimpleData>
		<SimpleData name="building">yes</SimpleData>
	</SchemaData></ExtendedData>
      <MultiGeometry><Polygon><outerBoundaryIs><LinearRing><coordinates>80.2122342,6.0347939 80.2123473,6.0347339 80.2123297,6.0347012 80.2122167,6.0347612 80.2122342,6.0347939</coordinates></LinearRing></outerBoundaryIs></Polygon></MultiGeometry>
  </Placemark>
  <Placemark id="buildings.614">
	<Style><LineStyle><color>ff0000ff</color></LineStyle><PolyStyle><fill>0</fill></PolyStyle></Style>
	<ExtendedData><SchemaData schemaUrl="#buildings">
		<SimpleData name="full_id">w137294918</SimpleData>
		<SimpleData name="osm_id">137294918</SimpleData>
		<SimpleData name="osm_type">way</SimpleData>
		<SimpleData name="building">yes</SimpleData>
	</SchemaData></ExtendedData>
      <MultiGeometry><Polygon><outerBoundaryIs><LinearRing><coordinates>80.2181283,6.0285907 80.2183992,6.0284709 80.2183596,6.0283824 80.2180887,6.0285022 80.2181283,6.0285907</coordinates></LinearRing></outerBoundaryIs></Polygon></MultiGeometry>
  </Placemark>
  <Placemark id="buildings.615">
	<name>Panasra Academy Of Higher Education Institute</name>
	<Style><LineStyle><color>ff0000ff</color></LineStyle><PolyStyle><fill>0</fill></PolyStyle></Style>
	<ExtendedData><SchemaData schemaUrl="#buildings">
		<SimpleData name="full_id">w543194519</SimpleData>
		<SimpleData name="osm_id">543194519</SimpleData>
		<SimpleData name="osm_type">way</SimpleData>
		<SimpleData name="building">yes</SimpleData>
		<SimpleData name="addr_postc">80000</SimpleData>
		<SimpleData name="building_l">1</SimpleData>
		<SimpleData name="addr_stree">Templers Road</SimpleData>
		<SimpleData name="addr_city">Galle</SimpleData>
	</SchemaData></ExtendedData>
      <MultiGeometry><Polygon><outerBoundaryIs><LinearRing><coordinates>80.2120663,6.0351155 80.2121623,6.0350633 80.2121188,6.0349844 80.2120229,6.0350366 80.2120663,6.0351155</coordinates></LinearRing></outerBoundaryIs></Polygon></MultiGeometry>
  </Placemark>
  <Placemark id="buildings.616">
	<Style><LineStyle><color>ff0000ff</color></LineStyle><PolyStyle><fill>0</fill></PolyStyle></Style>
	<ExtendedData><SchemaData schemaUrl="#buildings">
		<SimpleData name="full_id">w137294917</SimpleData>
		<SimpleData name="osm_id">137294917</SimpleData>
		<SimpleData name="osm_type">way</SimpleData>
		<SimpleData name="building">yes</SimpleData>
	</SchemaData></ExtendedData>
      <MultiGeometry><Polygon><outerBoundaryIs><LinearRing><coordinates>80.2176784,6.0285552 80.2177615,6.028637 80.2179776,6.02842 80.2178945,6.0283382 80.2176784,6.0285552</coordinates></LinearRing></outerBoundaryIs></Polygon></MultiGeometry>
  </Placemark>
  <Placemark id="buildings.617">
	<Style><LineStyle><color>ff0000ff</color></LineStyle><PolyStyle><fill>0</fill></PolyStyle></Style>
	<ExtendedData><SchemaData schemaUrl="#buildings">
		<SimpleData name="full_id">w543194518</SimpleData>
		<SimpleData name="osm_id">543194518</SimpleData>
		<SimpleData name="osm_type">way</SimpleData>
		<SimpleData name="building">yes</SimpleData>
	</SchemaData></ExtendedData>
      <MultiGeometry><Polygon><outerBoundaryIs><LinearRing><coordinates>80.2120969,6.0349005 80.2121782,6.0348521 80.2121517,6.0348079 80.2120703,6.0348562 80.2120969,6.0349005</coordinates></LinearRing></outerBoundaryIs></Polygon></MultiGeometry>
  </Placemark>
  <Placemark id="buildings.618">
	<name>YWCA</name>
	<Style><LineStyle><color>ff0000ff</color></LineStyle><PolyStyle><fill>0</fill></PolyStyle></Style>
	<ExtendedData><SchemaData schemaUrl="#buildings">
		<SimpleData name="full_id">w137295708</SimpleData>
		<SimpleData name="osm_id">137295708</SimpleData>
		<SimpleData name="osm_type">way</SimpleData>
		<SimpleData name="building">yes</SimpleData>
		<SimpleData name="office">association</SimpleData>
	</SchemaData></ExtendedData>
      <MultiGeometry><Polygon><outerBoundaryIs><LinearRing><coordinates>80.2177407,6.0272247 80.2179172,6.02725 80.2179426,6.0270086 80.2177763,6.0270152 80.2177407,6.0272247</coordinates></LinearRing></outerBoundaryIs></Polygon></MultiGeometry>
  </Placemark>
  <Placemark id="buildings.619">
	<Style><LineStyle><color>ff0000ff</color></LineStyle><PolyStyle><fill>0</fill></PolyStyle></Style>
	<ExtendedData><SchemaData schemaUrl="#buildings">
		<SimpleData name="full_id">w543194517</SimpleData>
		<SimpleData name="osm_id">543194517</SimpleData>
		<SimpleData name="osm_type">way</SimpleData>
		<SimpleData name="building">yes</SimpleData>
	</SchemaData></ExtendedData>
      <MultiGeometry><Polygon><outerBoundaryIs><LinearRing><coordinates>80.2125676,6.0354132 80.2126315,6.0354188 80.2126416,6.0353051 80.2125777,6.0352995 80.2125676,6.0354132</coordinates></LinearRing></outerBoundaryIs></Polygon></MultiGeometry>
  </Placemark>
  <Placemark id="buildings.620">
	<name>Former Queen's House</name>
	<Style><LineStyle><color>ff0000ff</color></LineStyle><PolyStyle><fill>0</fill></PolyStyle></Style>
	<ExtendedData><SchemaData schemaUrl="#buildings">
		<SimpleData name="full_id">w137295707</SimpleData>
		<SimpleData name="osm_id">137295707</SimpleData>
		<SimpleData name="osm_type">way</SimpleData>
		<SimpleData name="building">yes</SimpleData>
		<SimpleData name="office">company</SimpleData>
		<SimpleData name="historic">monument</SimpleData>
	</SchemaData></ExtendedData>
      <MultiGeometry><Polygon><outerBoundaryIs><LinearRing><coordinates>80.217623,6.0277707 80.2177641,6.0278017 80.2177729,6.0277602 80.2179506,6.0277973 80.2179587,6.0277585 80.2180538,6.0277783 80.2180605,6.0277466 80.2178616,6.0277052 80.2178672,6.0276707 80.2176582,6.0276289 80.217623,6.0277707</coordinates></LinearRing></outerBoundaryIs></Polygon></MultiGeometry>
  </Placemark>
  <Placemark id="buildings.621">
	<name>Perera Studio</name>
	<Style><LineStyle><color>ff0000ff</color></LineStyle><PolyStyle><fill>0</fill></PolyStyle></Style>
	<ExtendedData><SchemaData schemaUrl="#buildings">
		<SimpleData name="full_id">w137295263</SimpleData>
		<SimpleData name="osm_id">137295263</SimpleData>
		<SimpleData name="osm_type">way</SimpleData>
		<SimpleData name="building">yes</SimpleData>
		<SimpleData name="roof_colou">#800000</SimpleData>
		<SimpleData name="roof_shape">gabled</SimpleData>
		<SimpleData name="roof_heigh">2.10</SimpleData>
		<SimpleData name="height">6.75</SimpleData>
	</SchemaData></ExtendedData>
      <MultiGeometry><Polygon><outerBoundaryIs><LinearRing><coordinates>80.2181224,6.0247011 80.218315,6.0247374 80.2184184,6.0247572 80.2184295,6.0247069 80.2183268,6.0246861 80.218133,6.0246478 80.2181224,6.0247011</coordinates></LinearRing></outerBoundaryIs></Polygon></MultiGeometry>
  </Placemark>
  <Placemark id="buildings.622">
	<Style><LineStyle><color>ff0000ff</color></LineStyle><PolyStyle><fill>0</fill></PolyStyle></Style>
	<ExtendedData><SchemaData schemaUrl="#buildings">
		<SimpleData name="full_id">w535690128</SimpleData>
		<SimpleData name="osm_id">535690128</SimpleData>
		<SimpleData name="osm_type">way</SimpleData>
		<SimpleData name="building">yes</SimpleData>
	</SchemaData></ExtendedData>
      <MultiGeometry><Polygon><outerBoundaryIs><LinearRing><coordinates>80.2118786,6.0350612 80.2117842,6.0351195 80.2118354,6.0352014 80.2119298,6.0351431 80.2118786,6.0350612</coordinates></LinearRing></outerBoundaryIs></Polygon></MultiGeometry>
  </Placemark>
  <Placemark id="buildings.623">
	<name>Historical Mansion Museum</name>
	<Style><LineStyle><color>ff0000ff</color></LineStyle><PolyStyle><fill>0</fill></PolyStyle></Style>
	<ExtendedData><SchemaData schemaUrl="#buildings">
		<SimpleData name="full_id">w137295208</SimpleData>
		<SimpleData name="osm_id">137295208</SimpleData>
		<SimpleData name="osm_type">way</SimpleData>
		<SimpleData name="building">yes</SimpleData>
		<SimpleData name="tourism">museum</SimpleData>
	</SchemaData></ExtendedData>
      <MultiGeometry><Polygon><outerBoundaryIs><LinearRing><coordinates>80.2188889,6.0265865 80.2191032,6.0266009 80.2191157,6.026416 80.219044,6.0264112 80.2190465,6.0263735 80.218904,6.026364 80.2188889,6.0265865</coordinates></LinearRing></outerBoundaryIs></Polygon></MultiGeometry>
  </Placemark>
  <Placemark id="buildings.624">
	<Style><LineStyle><color>ff0000ff</color></LineStyle><PolyStyle><fill>0</fill></PolyStyle></Style>
	<ExtendedData><SchemaData schemaUrl="#buildings">
		<SimpleData name="full_id">w535690127</SimpleData>
		<SimpleData name="osm_id">535690127</SimpleData>
		<SimpleData name="osm_type">way</SimpleData>
		<SimpleData name="building">yes</SimpleData>
	</SchemaData></ExtendedData>
      <MultiGeometry><Polygon><outerBoundaryIs><LinearRing><coordinates>80.2114894,6.0349866 80.2115819,6.0351564 80.2116856,6.0351006 80.2115931,6.0349307 80.2114894,6.0349866</coordinates></LinearRing></outerBoundaryIs></Polygon></MultiGeometry>
  </Placemark>
  <Placemark id="buildings.625">
	<Style><LineStyle><color>ff0000ff</color></LineStyle><PolyStyle><fill>0</fill></PolyStyle></Style>
	<ExtendedData><SchemaData schemaUrl="#buildings">
		<SimpleData name="full_id">w137295187</SimpleData>
		<SimpleData name="osm_id">137295187</SimpleData>
		<SimpleData name="osm_type">way</SimpleData>
		<SimpleData name="building">yes</SimpleData>
	</SchemaData></ExtendedData>
      <MultiGeometry><Polygon><outerBoundaryIs><LinearRing><coordinates>80.2179058,6.0269517 80.2181449,6.026932 80.2181295,6.0268131 80.2181657,6.0268099 80.2181394,6.0265819 80.2178926,6.0266015 80.2178432,6.0269419 80.2179058,6.0269517</coordinates></LinearRing></outerBoundaryIs></Polygon></MultiGeometry>
  </Placemark>
  <Placemark id="buildings.626">
	<Style><LineStyle><color>ff0000ff</color></LineStyle><PolyStyle><fill>0</fill></PolyStyle></Style>
	<ExtendedData><SchemaData schemaUrl="#buildings">
		<SimpleData name="full_id">w535690126</SimpleData>
		<SimpleData name="osm_id">535690126</SimpleData>
		<SimpleData name="osm_type">way</SimpleData>
		<SimpleData name="building">yes</SimpleData>
	</SchemaData></ExtendedData>
      <MultiGeometry><Polygon><outerBoundaryIs><LinearRing><coordinates>80.2114341,6.0348692 80.2115488,6.0348063 80.2116353,6.0349625 80.2116865,6.0349344 80.2115549,6.0346969 80.2113891,6.0347878 80.2114341,6.0348692</coordinates></LinearRing></outerBoundaryIs></Polygon></MultiGeometry>
  </Placemark>
  <Placemark id="buildings.627">
	<Style><LineStyle><color>ff0000ff</color></LineStyle><PolyStyle><fill>0</fill></PolyStyle></Style>
	<ExtendedData><SchemaData schemaUrl="#buildings">
		<SimpleData name="full_id">w137295186</SimpleData>
		<SimpleData name="osm_id">137295186</SimpleData>
		<SimpleData name="osm_type">way</SimpleData>
		<SimpleData name="building">yes</SimpleData>
		<SimpleData name="addr_stree">Lyan Baan Cross Street</SimpleData>
		<SimpleData name="addr_city">Galle</SimpleData>
	</SchemaData></ExtendedData>
      <MultiGeometry><Polygon><outerBoundaryIs><LinearRing><coordinates>80.2186672,6.0268877 80.2186532,6.0267322 80.2184322,6.0267519 80.2184462,6.0269073 80.2186672,6.0268877</coordinates></LinearRing></outerBoundaryIs></Polygon></MultiGeometry>
  </Placemark>
  <Placemark id="buildings.628">
	<Style><LineStyle><color>ff0000ff</color></LineStyle><PolyStyle><fill>0</fill></PolyStyle></Style>
	<ExtendedData><SchemaData schemaUrl="#buildings">
		<SimpleData name="full_id">w535690125</SimpleData>
		<SimpleData name="osm_id">535690125</SimpleData>
		<SimpleData name="osm_type">way</SimpleData>
		<SimpleData name="building">yes</SimpleData>
	</SchemaData></ExtendedData>
      <MultiGeometry><Polygon><outerBoundaryIs><LinearRing><coordinates>80.2114046,6.0350676 80.2114861,6.0350252 80.2113935,6.0348492 80.2113121,6.0348915 80.2114046,6.0350676</coordinates></LinearRing></outerBoundaryIs></Polygon></MultiGeometry>
  </Placemark>
  <Placemark id="buildings.629">
	<name>Beach Heaven</name>
	<Style><LineStyle><color>ff0000ff</color></LineStyle><PolyStyle><fill>0</fill></PolyStyle></Style>
	<ExtendedData><SchemaData schemaUrl="#buildings">
		<SimpleData name="full_id">w137295142</SimpleData>
		<SimpleData name="osm_id">137295142</SimpleData>
		<SimpleData name="osm_type">way</SimpleData>
		<SimpleData name="building">yes</SimpleData>
		<SimpleData name="roof_shape">gabled</SimpleData>
		<SimpleData name="roof_heigh">1.47</SimpleData>
		<SimpleData name="addr_hou_1">65</SimpleData>
		<SimpleData name="tourism">guest_house</SimpleData>
	</SchemaData></ExtendedData>
      <MultiGeometry><Polygon><outerBoundaryIs><LinearRing><coordinates>80.217173,6.0252361 80.2176102,6.0253335 80.2176305,6.0252299 80.2171977,6.0251372 80.217173,6.0252361</coordinates></LinearRing></outerBoundaryIs></Polygon></MultiGeometry>
  </Placemark>
  <Placemark id="buildings.630">
	<Style><LineStyle><color>ff0000ff</color></LineStyle><PolyStyle><fill>0</fill></PolyStyle></Style>
	<ExtendedData><SchemaData schemaUrl="#buildings">
		<SimpleData name="full_id">w535690124</SimpleData>
		<SimpleData name="osm_id">535690124</SimpleData>
		<SimpleData name="osm_type">way</SimpleData>
		<SimpleData name="building">yes</SimpleData>
	</SchemaData></ExtendedData>
      <MultiGeometry><Polygon><outerBoundaryIs><LinearRing><coordinates>80.2112255,6.035233 80.2114361,6.0351209 80.2114046,6.0350676 80.2113121,6.0348915 80.2112833,6.0348369 80.2110727,6.034949 80.2112255,6.035233</coordinates></LinearRing></outerBoundaryIs></Polygon></MultiGeometry>
  </Placemark>
  <Placemark id="buildings.631">
	<name>BIA College Hostel</name>
	<Style><LineStyle><color>ff0000ff</color></LineStyle><PolyStyle><fill>0</fill></PolyStyle></Style>
	<ExtendedData><SchemaData schemaUrl="#buildings">
		<SimpleData name="full_id">w137294939</SimpleData>
		<SimpleData name="osm_id">137294939</SimpleData>
		<SimpleData name="osm_type">way</SimpleData>
		<SimpleData name="building">yes</SimpleData>
		<SimpleData name="start_date">1887</SimpleData>
		<SimpleData name="roof_orien">along</SimpleData>
		<SimpleData name="roof_colou">#800000</SimpleData>
		<SimpleData name="building_c">#FFFFFF</SimpleData>
		<SimpleData name="roof_shape">gabled</SimpleData>
		<SimpleData name="roof_heigh">2.64</SimpleData>
		<SimpleData name="height">8.17</SimpleData>
		<SimpleData name="building_l">2</SimpleData>
		<SimpleData name="image">https://photos.app.goo.gl/P7VvEc6tRqgoXXnv7</SimpleData>
	</SchemaData></ExtendedData>
      <MultiGeometry><Polygon><outerBoundaryIs><LinearRing><coordinates>80.2181525,6.0244638 80.2181784,6.024324 80.217901,6.0242436 80.2178755,6.0243641 80.2177732,6.0243417 80.2177622,6.0243841 80.2178713,6.0244081 80.2181525,6.0244638</coordinates></LinearRing></outerBoundaryIs></Polygon></MultiGeometry>
  </Placemark>
  <Placemark id="buildings.632">
	<Style><LineStyle><color>ff0000ff</color></LineStyle><PolyStyle><fill>0</fill></PolyStyle></Style>
	<ExtendedData><SchemaData schemaUrl="#buildings">
		<SimpleData name="full_id">w535197432</SimpleData>
		<SimpleData name="osm_id">535197432</SimpleData>
		<SimpleData name="osm_type">way</SimpleData>
		<SimpleData name="building">yes</SimpleData>
	</SchemaData></ExtendedData>
      <MultiGeometry><Polygon><outerBoundaryIs><LinearRing><coordinates>80.211943,6.0350217 80.2119886,6.0351097 80.2120315,6.0350697 80.2119751,6.0350004 80.211943,6.0350217</coordinates></LinearRing></outerBoundaryIs></Polygon></MultiGeometry>
  </Placemark>
  <Placemark id="buildings.633">
	<Style><LineStyle><color>ff0000ff</color></LineStyle><PolyStyle><fill>0</fill></PolyStyle></Style>
	<ExtendedData><SchemaData schemaUrl="#buildings">
		<SimpleData name="full_id">w28239753</SimpleData>
		<SimpleData name="osm_id">28239753</SimpleData>
		<SimpleData name="osm_type">way</SimpleData>
		<SimpleData name="building">train_station</SimpleData>
		<SimpleData name="building_l">2</SimpleData>
		<SimpleData name="addr_city">Galle</SimpleData>
	</SchemaData></ExtendedData>
      <MultiGeometry><Polygon><outerBoundaryIs><LinearRing><coordinates>80.2144541,6.0332814 80.2144564,6.0332595 80.2143806,6.0332515 80.2143049,6.0332435 80.2143024,6.033267 80.2142399,6.0332646 80.214174,6.0332938 80.2141508,6.0335525 80.2142341,6.0335604 80.2142448,6.0334484 80.2142518,6.0333752 80.2143695,6.0333822 80.2144908,6.0333978 80.2145377,6.0334022 80.2145484,6.0332903 80.2144541,6.0332814</coordinates></LinearRing></outerBoundaryIs></Polygon></MultiGeometry>
  </Placemark>
  <Placemark id="buildings.634">
	<Style><LineStyle><color>ff0000ff</color></LineStyle><PolyStyle><fill>0</fill></PolyStyle></Style>
	<ExtendedData><SchemaData schemaUrl="#buildings">
		<SimpleData name="full_id">w535193714</SimpleData>
		<SimpleData name="osm_id">535193714</SimpleData>
		<SimpleData name="osm_type">way</SimpleData>
		<SimpleData name="building">yes</SimpleData>
	</SchemaData></ExtendedData>
      <MultiGeometry><Polygon><outerBoundaryIs><LinearRing><coordinates>80.2177602,6.0345976 80.2178218,6.0345026 80.2177509,6.0344628 80.2177001,6.0345669 80.2177602,6.0345976</coordinates></LinearRing></outerBoundaryIs></Polygon></MultiGeometry>
  </Placemark>
  <Placemark id="buildings.635">
	<Style><LineStyle><color>ff0000ff</color></LineStyle><PolyStyle><fill>0</fill></PolyStyle></Style>
	<ExtendedData><SchemaData schemaUrl="#buildings">
		<SimpleData name="full_id">r20223219</SimpleData>
		<SimpleData name="osm_id">20223219</SimpleData>
		<SimpleData name="osm_type">relation</SimpleData>
		<SimpleData name="building">yes</SimpleData>
		<SimpleData name="type">multipolygon</SimpleData>
	</SchemaData></ExtendedData>
      <MultiGeometry><Polygon><outerBoundaryIs><LinearRing><coordinates>80.2166535,6.0270139 80.216626,6.0270874 80.2167386,6.0271279 80.2167701,6.027057 80.2166535,6.0270139</coordinates></LinearRing></outerBoundaryIs></Polygon></MultiGeometry>
  </Placemark>
  <Placemark id="buildings.636">
	<Style><LineStyle><color>ff0000ff</color></LineStyle><PolyStyle><fill>0</fill></PolyStyle></Style>
	<ExtendedData><SchemaData schemaUrl="#buildings">
		<SimpleData name="full_id">w536877520</SimpleData>
		<SimpleData name="osm_id">536877520</SimpleData>
		<SimpleData name="osm_type">way</SimpleData>
		<SimpleData name="building">yes</SimpleData>
	</SchemaData></ExtendedData>
      <MultiGeometry><Polygon><outerBoundaryIs><LinearRing><coordinates>80.216012,6.0285511 80.2160717,6.0284822 80.2160133,6.0284321 80.2159536,6.028501 80.216012,6.0285511</coordinates></LinearRing></outerBoundaryIs></Polygon></MultiGeometry>
  </Placemark>
  <Placemark id="buildings.637">
	<Style><LineStyle><color>ff0000ff</color></LineStyle><PolyStyle><fill>0</fill></PolyStyle></Style>
	<ExtendedData><SchemaData schemaUrl="#buildings">
		<SimpleData name="full_id">r20223174</SimpleData>
		<SimpleData name="osm_id">20223174</SimpleData>
		<SimpleData name="osm_type">relation</SimpleData>
		<SimpleData name="building">yes</SimpleData>
		<SimpleData name="type">multipolygon</SimpleData>
	</SchemaData></ExtendedData>
      <MultiGeometry><Polygon><outerBoundaryIs><LinearRing><coordinates>80.2173459,6.0274749 80.2174364,6.0274927 80.2174341,6.0275046 80.2174287,6.0275303 80.2175601,6.0275576 80.2175689,6.0275158 80.2176015,6.0275226 80.2176186,6.0274413 80.217585,6.0274343 80.2175941,6.0273909 80.2174641,6.0273639 80.2174584,6.0273912 80.2174545,6.0274101 80.2173634,6.0273914 80.2173214,6.027383 80.2173045,6.0274667 80.2173459,6.0274749</coordinates></LinearRing></outerBoundaryIs></Polygon></MultiGeometry>
  </Placemark>
  <Placemark id="buildings.638">
	<Style><LineStyle><color>ff0000ff</color></LineStyle><PolyStyle><fill>0</fill></PolyStyle></Style>
	<ExtendedData><SchemaData schemaUrl="#buildings">
		<SimpleData name="full_id">w536877517</SimpleData>
		<SimpleData name="osm_id">536877517</SimpleData>
		<SimpleData name="osm_type">way</SimpleData>
		<SimpleData name="building">yes</SimpleData>
	</SchemaData></ExtendedData>
      <MultiGeometry><Polygon><outerBoundaryIs><LinearRing><coordinates>80.2161268,6.0285333 80.2162359,6.0284313 80.216187,6.0283797 80.2161686,6.0283915 80.2160868,6.0284735 80.2160717,6.0284822 80.2161268,6.0285333</coordinates></LinearRing></outerBoundaryIs></Polygon></MultiGeometry>
  </Placemark>
  <Placemark id="buildings.639">
	<Style><LineStyle><color>ff0000ff</color></LineStyle><PolyStyle><fill>0</fill></PolyStyle></Style>
	<ExtendedData><SchemaData schemaUrl="#buildings">
		<SimpleData name="full_id">r20223173</SimpleData>
		<SimpleData name="osm_id">20223173</SimpleData>
		<SimpleData name="osm_type">relation</SimpleData>
		<SimpleData name="building">church</SimpleData>
		<SimpleData name="name_en">All Saints Church Fort Galle</SimpleData>
		<SimpleData name="image">https://photos.app.goo.gl/brJ9zNQCgkKH2Cjq5</SimpleData>
		<SimpleData name="denominati">anglican</SimpleData>
		<SimpleData name="addr_stree">පල්ලිය වීදිය</SimpleData>
		<SimpleData name="addr_city">Galle</SimpleData>
		<SimpleData name="religion">christian</SimpleData>
		<SimpleData name="amenity">place_of_worship</SimpleData>
		<SimpleData name="type">multipolygon</SimpleData>
	</SchemaData></ExtendedData>
      <MultiGeometry><Polygon><outerBoundaryIs><LinearRing><coordinates>80.2173459,6.0274749 80.2174364,6.0274927 80.2174341,6.0275046 80.2174287,6.0275303 80.2175601,6.0275576 80.2175689,6.0275158 80.2176015,6.0275226 80.2176186,6.0274413 80.217585,6.0274343 80.2175941,6.0273909 80.2174641,6.0273639 80.2174584,6.0273912 80.2174545,6.0274101 80.2173634,6.0273914 80.2173214,6.027383 80.2173045,6.0274667 80.2173459,6.0274749</coordinates></LinearRing></outerBoundaryIs></Polygon></MultiGeometry>
  </Placemark>
  <Placemark id="buildings.640">
	<name>Shri Sudarmalaya Temple</name>
	<Style><LineStyle><color>ff0000ff</color></LineStyle><PolyStyle><fill>0</fill></PolyStyle></Style>
	<ExtendedData><SchemaData schemaUrl="#buildings">
		<SimpleData name="full_id">r6670430</SimpleData>
		<SimpleData name="osm_id">6670430</SimpleData>
		<SimpleData name="osm_type">relation</SimpleData>
		<SimpleData name="building">yes</SimpleData>
		<SimpleData name="religion">buddhist</SimpleData>
		<SimpleData name="amenity">place_of_worship</SimpleData>
		<SimpleData name="type">multipolygon</SimpleData>
	</SchemaData></ExtendedData>
      <MultiGeometry><Polygon><outerBoundaryIs><LinearRing><coordinates>80.2152626,6.0270431 80.2153739,6.0270565 80.215397,6.0269498 80.2152678,6.0269454 80.2152626,6.0270431</coordinates></LinearRing></outerBoundaryIs></Polygon></MultiGeometry>
  </Placemark>
  <Placemark id="buildings.641">
	<Style><LineStyle><color>ff0000ff</color></LineStyle><PolyStyle><fill>0</fill></PolyStyle></Style>
	<ExtendedData><SchemaData schemaUrl="#buildings">
		<SimpleData name="full_id">r6656113</SimpleData>
		<SimpleData name="osm_id">6656113</SimpleData>
		<SimpleData name="osm_type">relation</SimpleData>
		<SimpleData name="building">house</SimpleData>
		<SimpleData name="type">multipolygon</SimpleData>
	</SchemaData></ExtendedData>
      <MultiGeometry><Polygon><outerBoundaryIs><LinearRing><coordinates>80.2182582,6.0247304 80.2182273,6.0247243 80.2181224,6.0247035 80.2181118,6.0247638 80.2182154,6.0247815 80.2183181,6.0247991 80.2184063,6.0248142 80.2184169,6.02476 80.2183612,6.0247483 80.2182582,6.0247304</coordinates></LinearRing></outerBoundaryIs></Polygon></MultiGeometry>
  </Placemark>
  <Placemark id="buildings.642">
	<Style><LineStyle><color>ff0000ff</color></LineStyle><PolyStyle><fill>0</fill></PolyStyle></Style>
	<ExtendedData><SchemaData schemaUrl="#buildings">
		<SimpleData name="full_id">w535912258</SimpleData>
		<SimpleData name="osm_id">535912258</SimpleData>
		<SimpleData name="osm_type">way</SimpleData>
		<SimpleData name="building">yes</SimpleData>
	</SchemaData></ExtendedData>
      <MultiGeometry><Polygon><outerBoundaryIs><LinearRing><coordinates>80.2138559,6.0335689 80.2139198,6.0335684 80.2139191,6.0334793 80.2138552,6.0334798 80.2138559,6.0335689</coordinates></LinearRing></outerBoundaryIs></Polygon></MultiGeometry>
  </Placemark>
  <Placemark id="buildings.643">
	<Style><LineStyle><color>ff0000ff</color></LineStyle><PolyStyle><fill>0</fill></PolyStyle></Style>
	<ExtendedData><SchemaData schemaUrl="#buildings">
		<SimpleData name="full_id">r5981932</SimpleData>
		<SimpleData name="osm_id">5981932</SimpleData>
		<SimpleData name="osm_type">relation</SimpleData>
		<SimpleData name="building">retail</SimpleData>
		<SimpleData name="type">multipolygon</SimpleData>
	</SchemaData></ExtendedData>
      <MultiGeometry><Polygon><outerBoundaryIs><LinearRing><coordinates>80.2190409,6.0260474 80.2191166,6.0260508 80.2191208,6.0259574 80.2191226,6.0259178 80.2189167,6.0259087 80.2189108,6.0260417 80.2190409,6.0260474</coordinates></LinearRing></outerBoundaryIs><innerBoundaryIs><LinearRing><coordinates>80.218994,6.0259347 80.21911,6.0259402 80.2191079,6.0259847 80.2189919,6.0259792 80.218994,6.0259347</coordinates></LinearRing></innerBoundaryIs></Polygon></MultiGeometry>
  </Placemark>
  <Placemark id="buildings.644">
	<Style><LineStyle><color>ff0000ff</color></LineStyle><PolyStyle><fill>0</fill></PolyStyle></Style>
	<ExtendedData><SchemaData schemaUrl="#buildings">
		<SimpleData name="full_id">w535690132</SimpleData>
		<SimpleData name="osm_id">535690132</SimpleData>
		<SimpleData name="osm_type">way</SimpleData>
		<SimpleData name="building">yes</SimpleData>
	</SchemaData></ExtendedData>
      <MultiGeometry><Polygon><outerBoundaryIs><LinearRing><coordinates>80.2115839,6.0355403 80.211786,6.0354828 80.2117388,6.0353188 80.2115367,6.0353763 80.2115839,6.0355403</coordinates></LinearRing></outerBoundaryIs></Polygon></MultiGeometry>
  </Placemark>
  <Placemark id="buildings.645">
	<Style><LineStyle><color>ff0000ff</color></LineStyle><PolyStyle><fill>0</fill></PolyStyle></Style>
	<ExtendedData><SchemaData schemaUrl="#buildings">
		<SimpleData name="full_id">w535690131</SimpleData>
		<SimpleData name="osm_id">535690131</SimpleData>
		<SimpleData name="osm_type">way</SimpleData>
		<SimpleData name="building">yes</SimpleData>
	</SchemaData></ExtendedData>
      <MultiGeometry><Polygon><outerBoundaryIs><LinearRing><coordinates>80.2113678,6.0354607 80.2114865,6.0354033 80.2114472,6.0353229 80.2113285,6.0353803 80.2113678,6.0354607</coordinates></LinearRing></outerBoundaryIs></Polygon></MultiGeometry>
  </Placemark>
  <Placemark id="buildings.646">
	<Style><LineStyle><color>ff0000ff</color></LineStyle><PolyStyle><fill>0</fill></PolyStyle></Style>
	<ExtendedData><SchemaData schemaUrl="#buildings">
		<SimpleData name="full_id">w536877905</SimpleData>
		<SimpleData name="osm_id">536877905</SimpleData>
		<SimpleData name="osm_type">way</SimpleData>
		<SimpleData name="building">yes</SimpleData>
	</SchemaData></ExtendedData>
      <MultiGeometry><Polygon><outerBoundaryIs><LinearRing><coordinates>80.2155357,6.0270867 80.2156283,6.0271051 80.2156476,6.0270093 80.215555,6.0269909 80.2155357,6.0270867</coordinates></LinearRing></outerBoundaryIs></Polygon></MultiGeometry>
  </Placemark>
  <Placemark id="buildings.647">
	<Style><LineStyle><color>ff0000ff</color></LineStyle><PolyStyle><fill>0</fill></PolyStyle></Style>
	<ExtendedData><SchemaData schemaUrl="#buildings">
		<SimpleData name="full_id">w536877904</SimpleData>
		<SimpleData name="osm_id">536877904</SimpleData>
		<SimpleData name="osm_type">way</SimpleData>
		<SimpleData name="building">yes</SimpleData>
	</SchemaData></ExtendedData>
      <MultiGeometry><Polygon><outerBoundaryIs><LinearRing><coordinates>80.2153739,6.0270565 80.2155027,6.027084 80.2155257,6.0269773 80.215397,6.0269498 80.2153739,6.0270565</coordinates></LinearRing></outerBoundaryIs></Polygon></MultiGeometry>
  </Placemark>
  <Placemark id="buildings.648">
	<Style><LineStyle><color>ff0000ff</color></LineStyle><PolyStyle><fill>0</fill></PolyStyle></Style>
	<ExtendedData><SchemaData schemaUrl="#buildings">
		<SimpleData name="full_id">w536877532</SimpleData>
		<SimpleData name="osm_id">536877532</SimpleData>
		<SimpleData name="osm_type">way</SimpleData>
		<SimpleData name="building">yes</SimpleData>
	</SchemaData></ExtendedData>
      <MultiGeometry><Polygon><outerBoundaryIs><LinearRing><coordinates>80.2159902,6.0281922 80.2161662,6.0281617 80.2161452,6.0280418 80.2159692,6.0280723 80.2159902,6.0281922</coordinates></LinearRing></outerBoundaryIs></Polygon></MultiGeometry>
  </Placemark>
  <Placemark id="buildings.649">
	<Style><LineStyle><color>ff0000ff</color></LineStyle><PolyStyle><fill>0</fill></PolyStyle></Style>
	<ExtendedData><SchemaData schemaUrl="#buildings">
		<SimpleData name="full_id">w28294932</SimpleData>
		<SimpleData name="osm_id">28294932</SimpleData>
		<SimpleData name="osm_type">way</SimpleData>
		<SimpleData name="building">yes</SimpleData>
		<SimpleData name="shop">seafood</SimpleData>
		<SimpleData name="is_in">Galle, Galle District, Southern Province, Sri Lanka</SimpleData>
	</SchemaData></ExtendedData>
      <MultiGeometry><Polygon><outerBoundaryIs><LinearRing><coordinates>80.219072,6.034328 80.2193706,6.0345811 80.2194152,6.0345291 80.2191166,6.034276 80.219072,6.034328</coordinates></LinearRing></outerBoundaryIs></Polygon></MultiGeometry>
  </Placemark>
  <Placemark id="buildings.650">
	<Style><LineStyle><color>ff0000ff</color></LineStyle><PolyStyle><fill>0</fill></PolyStyle></Style>
	<ExtendedData><SchemaData schemaUrl="#buildings">
		<SimpleData name="full_id">w536877530</SimpleData>
		<SimpleData name="osm_id">536877530</SimpleData>
		<SimpleData name="osm_type">way</SimpleData>
		<SimpleData name="building">yes</SimpleData>
	</SchemaData></ExtendedData>
      <MultiGeometry><Polygon><outerBoundaryIs><LinearRing><coordinates>80.2160552,6.0282779 80.216105,6.0282645 80.216088,6.0282018 80.2160382,6.0282152 80.2160552,6.0282779</coordinates></LinearRing></outerBoundaryIs></Polygon></MultiGeometry>
  </Placemark>
  <Placemark id="buildings.651">
	<name>Fruit and Flower Market</name>
	<Style><LineStyle><color>ff0000ff</color></LineStyle><PolyStyle><fill>0</fill></PolyStyle></Style>
	<ExtendedData><SchemaData schemaUrl="#buildings">
		<SimpleData name="full_id">w28294930</SimpleData>
		<SimpleData name="osm_id">28294930</SimpleData>
		<SimpleData name="osm_type">way</SimpleData>
		<SimpleData name="building">yes</SimpleData>
		<SimpleData name="shop">market</SimpleData>
		<SimpleData name="is_in">Galle, Galle District, Southern Province, Sri Lanka</SimpleData>
	</SchemaData></ExtendedData>
      <MultiGeometry><Polygon><outerBoundaryIs><LinearRing><coordinates>80.2186076,6.0341271 80.2188785,6.0343845 80.2189413,6.0343249 80.2186669,6.0340697 80.2186076,6.0341271</coordinates></LinearRing></outerBoundaryIs></Polygon></MultiGeometry>
  </Placemark>
  <Placemark id="buildings.652">
	<Style><LineStyle><color>ff0000ff</color></LineStyle><PolyStyle><fill>0</fill></PolyStyle></Style>
	<ExtendedData><SchemaData schemaUrl="#buildings">
		<SimpleData name="full_id">w536877528</SimpleData>
		<SimpleData name="osm_id">536877528</SimpleData>
		<SimpleData name="osm_type">way</SimpleData>
		<SimpleData name="building">yes</SimpleData>
	</SchemaData></ExtendedData>
      <MultiGeometry><Polygon><outerBoundaryIs><LinearRing><coordinates>80.2161522,6.0283466 80.2162094,6.0283307 80.2161706,6.0281923 80.2161133,6.0282082 80.2161522,6.0283466</coordinates></LinearRing></outerBoundaryIs></Polygon></MultiGeometry>
  </Placemark>
  <Placemark id="buildings.653">
	<Style><LineStyle><color>ff0000ff</color></LineStyle><PolyStyle><fill>0</fill></PolyStyle></Style>
	<ExtendedData><SchemaData schemaUrl="#buildings">
		<SimpleData name="full_id">w536877526</SimpleData>
		<SimpleData name="osm_id">536877526</SimpleData>
		<SimpleData name="osm_type">way</SimpleData>
		<SimpleData name="building">yes</SimpleData>
	</SchemaData></ExtendedData>
      <MultiGeometry><Polygon><outerBoundaryIs><LinearRing><coordinates>80.2160066,6.0284125 80.2160805,6.0283439 80.216034,6.0282944 80.21596,6.028363 80.2160066,6.0284125</coordinates></LinearRing></outerBoundaryIs></Polygon></MultiGeometry>
  </Placemark>
  <Placemark id="buildings.654">
	<name>Dutch Warehouse (National Maritime Museum)</name>
	<Style><LineStyle><color>ff0000ff</color></LineStyle><PolyStyle><fill>0</fill></PolyStyle></Style>
	<ExtendedData><SchemaData schemaUrl="#buildings">
		<SimpleData name="full_id">w28239945</SimpleData>
		<SimpleData name="osm_id">28239945</SimpleData>
		<SimpleData name="osm_type">way</SimpleData>
		<SimpleData name="building">yes</SimpleData>
		<SimpleData name="tourism">museum</SimpleData>
		<SimpleData name="name_zh">旧城门</SimpleData>
		<SimpleData name="historic">monument</SimpleData>
		<SimpleData name="alt_name">Old Warehouse</SimpleData>
		<SimpleData name="building_l">2</SimpleData>
		<SimpleData name="image">https://photos.app.goo.gl/M2P5BknwqehyS2jf6</SimpleData>
	</SchemaData></ExtendedData>
      <MultiGeometry><Polygon><outerBoundaryIs><LinearRing><coordinates>80.2178141,6.0281222 80.218443,6.028251 80.2186729,6.0282988 80.2190302,6.0283737 80.2190698,6.0281873 80.2184846,6.0280646 80.2178528,6.0279351 80.2178332,6.0280299 80.2178141,6.0281222</coordinates></LinearRing></outerBoundaryIs></Polygon></MultiGeometry>
  </Placemark>
  <Placemark id="buildings.655">
	<Style><LineStyle><color>ff0000ff</color></LineStyle><PolyStyle><fill>0</fill></PolyStyle></Style>
	<ExtendedData><SchemaData schemaUrl="#buildings">
		<SimpleData name="full_id">w536877524</SimpleData>
		<SimpleData name="osm_id">536877524</SimpleData>
		<SimpleData name="osm_type">way</SimpleData>
		<SimpleData name="building">yes</SimpleData>
	</SchemaData></ExtendedData>
      <MultiGeometry><Polygon><outerBoundaryIs><LinearRing><coordinates>80.2160868,6.0284735 80.2161686,6.0283915 80.2161146,6.0283381 80.2160327,6.0284201 80.2160868,6.0284735</coordinates></LinearRing></outerBoundaryIs></Polygon></MultiGeometry>
  </Placemark>
  <Placemark id="buildings.656">
	<name>Mincipal Shopping Complex</name>
	<Style><LineStyle><color>ff0000ff</color></LineStyle><PolyStyle><fill>0</fill></PolyStyle></Style>
	<ExtendedData><SchemaData schemaUrl="#buildings">
		<SimpleData name="full_id">w136814719</SimpleData>
		<SimpleData name="osm_id">136814719</SimpleData>
		<SimpleData name="osm_type">way</SimpleData>
		<SimpleData name="building">yes</SimpleData>
		<SimpleData name="amenity">public_building</SimpleData>
	</SchemaData></ExtendedData>
      <MultiGeometry><Polygon><outerBoundaryIs><LinearRing><coordinates>80.2181068,6.0336244 80.2181828,6.0335684 80.2180614,6.0334431 80.2180091,6.0334461 80.2180054,6.0334918 80.2181068,6.0336244</coordinates></LinearRing></outerBoundaryIs></Polygon></MultiGeometry>
  </Placemark>
  <Placemark id="buildings.657">
	<Style><LineStyle><color>ff0000ff</color></LineStyle><PolyStyle><fill>0</fill></PolyStyle></Style>
	<ExtendedData><SchemaData schemaUrl="#buildings">
		<SimpleData name="full_id">w536877522</SimpleData>
		<SimpleData name="osm_id">536877522</SimpleData>
		<SimpleData name="osm_type">way</SimpleData>
		<SimpleData name="building">yes</SimpleData>
	</SchemaData></ExtendedData>
      <MultiGeometry><Polygon><outerBoundaryIs><LinearRing><coordinates>80.2159173,6.0285168 80.2159558,6.028461 80.2158933,6.0284184 80.2158548,6.0284742 80.2159173,6.0285168</coordinates></LinearRing></outerBoundaryIs></Polygon></MultiGeometry>
  </Placemark>
  <Placemark id="buildings.658">
	<name>YMBA</name>
	<Style><LineStyle><color>ff0000ff</color></LineStyle><PolyStyle><fill>0</fill></PolyStyle></Style>
	<ExtendedData><SchemaData schemaUrl="#buildings">
		<SimpleData name="full_id">w136809874</SimpleData>
		<SimpleData name="osm_id">136809874</SimpleData>
		<SimpleData name="osm_type">way</SimpleData>
		<SimpleData name="building">yes</SimpleData>
		<SimpleData name="addr_house">YMBA</SimpleData>
		<SimpleData name="addr_stree">Lighthouse Street</SimpleData>
		<SimpleData name="amenity">public_building</SimpleData>
	</SchemaData></ExtendedData>
      <MultiGeometry><Polygon><outerBoundaryIs><LinearRing><coordinates>80.2164846,6.0274483 80.2165057,6.0273638 80.2165154,6.0273252 80.2164284,6.0273037 80.2164257,6.0273142 80.2161994,6.0272581 80.2161939,6.02728 80.2161808,6.0273325 80.2163765,6.027381 80.216367,6.0274192 80.2164846,6.0274483</coordinates></LinearRing></outerBoundaryIs></Polygon></MultiGeometry>
  </Placemark>
  <Placemark id="buildings.659">
	<name>Municipal council - Galle</name>
	<Style><LineStyle><color>ff0000ff</color></LineStyle><PolyStyle><fill>0</fill></PolyStyle></Style>
	<ExtendedData><SchemaData schemaUrl="#buildings">
		<SimpleData name="full_id">w136712473</SimpleData>
		<SimpleData name="osm_id">136712473</SimpleData>
		<SimpleData name="osm_type">way</SimpleData>
		<SimpleData name="building">yes</SimpleData>
		<SimpleData name="amenity">townhall</SimpleData>
	</SchemaData></ExtendedData>
      <MultiGeometry><Polygon><outerBoundaryIs><LinearRing><coordinates>80.2131547,6.0330656 80.2127138,6.032487 80.2122948,6.0328028 80.2123735,6.0329061 80.2127048,6.0326565 80.2127771,6.0327514 80.2127261,6.0328066 80.2127166,6.0328751 80.2127673,6.0329417 80.2128197,6.0329686 80.2129091,6.0329247 80.212971,6.0330059 80.2126457,6.0332511 80.2127416,6.033377 80.2131547,6.0330656</coordinates></LinearRing></outerBoundaryIs></Polygon></MultiGeometry>
  </Placemark>
  <Placemark id="buildings.660">
	<name>Galle Main Post Office</name>
	<Style><LineStyle><color>ff0000ff</color></LineStyle><PolyStyle><fill>0</fill></PolyStyle></Style>
	<ExtendedData><SchemaData schemaUrl="#buildings">
		<SimpleData name="full_id">w136712021</SimpleData>
		<SimpleData name="osm_id">136712021</SimpleData>
		<SimpleData name="osm_type">way</SimpleData>
		<SimpleData name="building">yes</SimpleData>
		<SimpleData name="amenity">post_office</SimpleData>
	</SchemaData></ExtendedData>
      <MultiGeometry><Polygon><outerBoundaryIs><LinearRing><coordinates>80.2176696,6.0338163 80.217859,6.033734 80.2175582,6.0331177 80.21737,6.033201 80.2176696,6.0338163</coordinates></LinearRing></outerBoundaryIs></Polygon></MultiGeometry>
  </Placemark>
  <Placemark id="buildings.661">
	<name>Sri Lanka Police Galle</name>
	<Style><LineStyle><color>ff0000ff</color></LineStyle><PolyStyle><fill>0</fill></PolyStyle></Style>
	<ExtendedData><SchemaData schemaUrl="#buildings">
		<SimpleData name="full_id">w136711936</SimpleData>
		<SimpleData name="osm_id">136711936</SimpleData>
		<SimpleData name="osm_type">way</SimpleData>
		<SimpleData name="building">yes</SimpleData>
		<SimpleData name="check_date">2024-12-23</SimpleData>
		<SimpleData name="amenity">police</SimpleData>
	</SchemaData></ExtendedData>
      <MultiGeometry><Polygon><outerBoundaryIs><LinearRing><coordinates>80.2169828,6.0332496 80.217498,6.0330641 80.2174524,6.0329574 80.2172834,6.0330188 80.2172673,6.0329734 80.2173002,6.032963 80.217272,6.0328856 80.2172377,6.0328962 80.2171976,6.0327787 80.2169186,6.0328774 80.2169556,6.0329778 80.2169052,6.0329948 80.2169374,6.0330775 80.2169798,6.0330642 80.2170018,6.0331255 80.2169422,6.0331471 80.2169828,6.0332496</coordinates></LinearRing></outerBoundaryIs></Polygon></MultiGeometry>
  </Placemark>
  <Placemark id="buildings.662">
	<name>Meeran Jumma Masjid</name>
	<Style><LineStyle><color>ff0000ff</color></LineStyle><PolyStyle><fill>0</fill></PolyStyle></Style>
	<ExtendedData><SchemaData schemaUrl="#buildings">
		<SimpleData name="full_id">w136487388</SimpleData>
		<SimpleData name="osm_id">136487388</SimpleData>
		<SimpleData name="osm_type">way</SimpleData>
		<SimpleData name="building">yes</SimpleData>
		<SimpleData name="roof_colou">#800000</SimpleData>
		<SimpleData name="floor_mate">wood</SimpleData>
		<SimpleData name="building_c">#FFFFFF</SimpleData>
		<SimpleData name="roof_shape">hipped</SimpleData>
		<SimpleData name="roof_heigh">3.16</SimpleData>
		<SimpleData name="height">11.68</SimpleData>
		<SimpleData name="building_l">3</SimpleData>
		<SimpleData name="image">https://photos.app.goo.gl/RpNoua6WrCdGJKKZ7</SimpleData>
		<SimpleData name="denominati">sunni</SimpleData>
		<SimpleData name="addr_stree">Leyn Baan Street</SimpleData>
		<SimpleData name="religion">muslim</SimpleData>
		<SimpleData name="amenity">place_of_worship</SimpleData>
	</SchemaData></ExtendedData>
      <MultiGeometry><Polygon><outerBoundaryIs><LinearRing><coordinates>80.2186152,6.024735 80.2188308,6.0246514 80.2187806,6.0245209 80.2185667,6.0246098 80.2186152,6.024735</coordinates></LinearRing></outerBoundaryIs></Polygon></MultiGeometry>
  </Placemark>
  <Placemark id="buildings.663">
	<Style><LineStyle><color>ff0000ff</color></LineStyle><PolyStyle><fill>0</fill></PolyStyle></Style>
	<ExtendedData><SchemaData schemaUrl="#buildings">
		<SimpleData name="full_id">w136487137</SimpleData>
		<SimpleData name="osm_id">136487137</SimpleData>
		<SimpleData name="osm_type">way</SimpleData>
		<SimpleData name="building">yes</SimpleData>
		<SimpleData name="roof_shape">gabled</SimpleData>
		<SimpleData name="roof_heigh">1.76</SimpleData>
		<SimpleData name="height">4.81</SimpleData>
		<SimpleData name="addr_postc">80000</SimpleData>
		<SimpleData name="addr_hou_1">59</SimpleData>
		<SimpleData name="addr_stree">Church Street</SimpleData>
	</SchemaData></ExtendedData>
      <MultiGeometry><Polygon><outerBoundaryIs><LinearRing><coordinates>80.2180736,6.0250001 80.2181835,6.0250157 80.218285,6.0250302 80.2183314,6.0250368 80.2183375,6.0249882 80.2182938,6.0249818 80.2181921,6.024967 80.2180812,6.0249509 80.2180736,6.0250001</coordinates></LinearRing></outerBoundaryIs></Polygon></MultiGeometry>
  </Placemark>
  <Placemark id="buildings.664">
	<Style><LineStyle><color>ff0000ff</color></LineStyle><PolyStyle><fill>0</fill></PolyStyle></Style>
	<ExtendedData><SchemaData schemaUrl="#buildings">
		<SimpleData name="full_id">w536877908</SimpleData>
		<SimpleData name="osm_id">536877908</SimpleData>
		<SimpleData name="osm_type">way</SimpleData>
		<SimpleData name="building">yes</SimpleData>
	</SchemaData></ExtendedData>
      <MultiGeometry><Polygon><outerBoundaryIs><LinearRing><coordinates>80.215445,6.0269552 80.2155047,6.0269692 80.2155156,6.0269234 80.2154558,6.0269094 80.215445,6.0269552</coordinates></LinearRing></outerBoundaryIs></Polygon></MultiGeometry>
  </Placemark>
  <Placemark id="buildings.665">
	<Style><LineStyle><color>ff0000ff</color></LineStyle><PolyStyle><fill>0</fill></PolyStyle></Style>
	<ExtendedData><SchemaData schemaUrl="#buildings">
		<SimpleData name="full_id">w536877907</SimpleData>
		<SimpleData name="osm_id">536877907</SimpleData>
		<SimpleData name="osm_type">way</SimpleData>
		<SimpleData name="building">yes</SimpleData>
	</SchemaData></ExtendedData>
      <MultiGeometry><Polygon><outerBoundaryIs><LinearRing><coordinates>80.2155878,6.0268236 80.2156415,6.0268714 80.2156848,6.0268234 80.2156311,6.0267755 80.2155878,6.0268236</coordinates></LinearRing></outerBoundaryIs></Polygon></MultiGeometry>
  </Placemark>
  <Placemark id="buildings.666">
	<Style><LineStyle><color>ff0000ff</color></LineStyle><PolyStyle><fill>0</fill></PolyStyle></Style>
	<ExtendedData><SchemaData schemaUrl="#buildings">
		<SimpleData name="full_id">w136964762</SimpleData>
		<SimpleData name="osm_id">136964762</SimpleData>
		<SimpleData name="osm_type">way</SimpleData>
		<SimpleData name="building">yes</SimpleData>
		<SimpleData name="level">2.5</SimpleData>
	</SchemaData></ExtendedData>
      <MultiGeometry><Polygon><outerBoundaryIs><LinearRing><coordinates>80.2169297,6.0318823 80.2171244,6.0318289 80.2170036,6.0313923 80.2168088,6.0314457 80.2169297,6.0318823</coordinates></LinearRing></outerBoundaryIs></Polygon></MultiGeometry>
  </Placemark>
  <Placemark id="buildings.667">
	<name>Fort Thari Inn</name>
	<Style><LineStyle><color>ff0000ff</color></LineStyle><PolyStyle><fill>0</fill></PolyStyle></Style>
	<ExtendedData><SchemaData schemaUrl="#buildings">
		<SimpleData name="full_id">w536877906</SimpleData>
		<SimpleData name="osm_id">536877906</SimpleData>
		<SimpleData name="osm_type">way</SimpleData>
		<SimpleData name="building">yes</SimpleData>
		<SimpleData name="guest_hous">guest_house</SimpleData>
		<SimpleData name="website">https://www.fortthari.com</SimpleData>
		<SimpleData name="tourism">guest_house</SimpleData>
	</SchemaData></ExtendedData>
      <MultiGeometry><Polygon><outerBoundaryIs><LinearRing><coordinates>80.2155206,6.026917 80.2155365,6.0269278 80.2155811,6.0269581 80.2156374,6.026876 80.2155769,6.026835 80.2155206,6.026917</coordinates></LinearRing></outerBoundaryIs></Polygon></MultiGeometry>
  </Placemark>
  <Placemark id="buildings.668">
	<name>Galle Sevirces Club</name>
	<Style><LineStyle><color>ff0000ff</color></LineStyle><PolyStyle><fill>0</fill></PolyStyle></Style>
	<ExtendedData><SchemaData schemaUrl="#buildings">
		<SimpleData name="full_id">w136846227</SimpleData>
		<SimpleData name="osm_id">136846227</SimpleData>
		<SimpleData name="osm_type">way</SimpleData>
		<SimpleData name="building">yes</SimpleData>
		<SimpleData name="image">https://photos.app.goo.gl/uKfxhAuTTnCJCErm8</SimpleData>
	</SchemaData></ExtendedData>
      <MultiGeometry><Polygon><outerBoundaryIs><LinearRing><coordinates>80.2156374,6.0299168 80.2156518,6.0296514 80.2155436,6.0296861 80.2155355,6.0298075 80.2155116,6.0298074 80.2155093,6.0298463 80.2155357,6.0298474 80.2155331,6.0299008 80.2155692,6.0299068 80.2156374,6.0299168</coordinates></LinearRing></outerBoundaryIs></Polygon></MultiGeometry>
  </Placemark>
  <Placemark id="buildings.669">
	<Style><LineStyle><color>ff0000ff</color></LineStyle><PolyStyle><fill>0</fill></PolyStyle></Style>
	<ExtendedData><SchemaData schemaUrl="#buildings">
		<SimpleData name="full_id">w616650253</SimpleData>
		<SimpleData name="osm_id">616650253</SimpleData>
		<SimpleData name="osm_type">way</SimpleData>
		<SimpleData name="building">yes</SimpleData>
	</SchemaData></ExtendedData>
      <MultiGeometry><Polygon><outerBoundaryIs><LinearRing><coordinates>80.2180459,6.033195 80.2181635,6.0333 80.2181869,6.0332742 80.2181671,6.0332566 80.2182038,6.033216 80.2181652,6.0331815 80.2181464,6.0332023 80.2180872,6.0331494 80.2180459,6.033195</coordinates></LinearRing></outerBoundaryIs></Polygon></MultiGeometry>
  </Placemark>
  <Placemark id="buildings.670">
	<name>Police Residental Building</name>
	<Style><LineStyle><color>ff0000ff</color></LineStyle><PolyStyle><fill>0</fill></PolyStyle></Style>
	<ExtendedData><SchemaData schemaUrl="#buildings">
		<SimpleData name="full_id">w136845554</SimpleData>
		<SimpleData name="osm_id">136845554</SimpleData>
		<SimpleData name="osm_type">way</SimpleData>
		<SimpleData name="building">yes</SimpleData>
	</SchemaData></ExtendedData>
      <MultiGeometry><Polygon><outerBoundaryIs><LinearRing><coordinates>80.2168042,6.0298086 80.2168401,6.0296305 80.2167309,6.0296087 80.216695,6.0297869 80.2168042,6.0298086</coordinates></LinearRing></outerBoundaryIs></Polygon></MultiGeometry>
  </Placemark>
  <Placemark id="buildings.671">
	<Style><LineStyle><color>ff0000ff</color></LineStyle><PolyStyle><fill>0</fill></PolyStyle></Style>
	<ExtendedData><SchemaData schemaUrl="#buildings">
		<SimpleData name="full_id">w616650252</SimpleData>
		<SimpleData name="osm_id">616650252</SimpleData>
		<SimpleData name="osm_type">way</SimpleData>
		<SimpleData name="building">yes</SimpleData>
	</SchemaData></ExtendedData>
      <MultiGeometry><Polygon><outerBoundaryIs><LinearRing><coordinates>80.2181746,6.0337395 80.2182793,6.0336445 80.2182059,6.0335645 80.2181012,6.0336595 80.2181746,6.0337395</coordinates></LinearRing></outerBoundaryIs></Polygon></MultiGeometry>
  </Placemark>
  <Placemark id="buildings.672">
	<name>National Museum Fort</name>
	<Style><LineStyle><color>ff0000ff</color></LineStyle><PolyStyle><fill>0</fill></PolyStyle></Style>
	<ExtendedData><SchemaData schemaUrl="#buildings">
		<SimpleData name="full_id">w136845474</SimpleData>
		<SimpleData name="osm_id">136845474</SimpleData>
		<SimpleData name="osm_type">way</SimpleData>
		<SimpleData name="building">yes</SimpleData>
		<SimpleData name="phone">+94 912 232 051</SimpleData>
		<SimpleData name="wikipedia">en:National_Museum_of_Galle</SimpleData>
		<SimpleData name="opening_ho">Tu-Sa 09:00-16:00</SimpleData>
		<SimpleData name="tourism">museum</SimpleData>
		<SimpleData name="image">https://photos.app.goo.gl/ekWANxrWjEwVYZmH7</SimpleData>
		<SimpleData name="addr_stree">පල්ලිය වීදිය</SimpleData>
		<SimpleData name="addr_city">Galle</SimpleData>
	</SchemaData></ExtendedData>
      <MultiGeometry><Polygon><outerBoundaryIs><LinearRing><coordinates>80.2170644,6.0288098 80.2169571,6.0287801 80.2168838,6.0290419 80.216991,6.0290716 80.2170644,6.0288098</coordinates></LinearRing></outerBoundaryIs></Polygon></MultiGeometry>
  </Placemark>
  <Placemark id="buildings.673">
	<Style><LineStyle><color>ff0000ff</color></LineStyle><PolyStyle><fill>0</fill></PolyStyle></Style>
	<ExtendedData><SchemaData schemaUrl="#buildings">
		<SimpleData name="full_id">w616650250</SimpleData>
		<SimpleData name="osm_id">616650250</SimpleData>
		<SimpleData name="osm_type">way</SimpleData>
		<SimpleData name="building">yes</SimpleData>
	</SchemaData></ExtendedData>
      <MultiGeometry><Polygon><outerBoundaryIs><LinearRing><coordinates>80.2184862,6.034095 80.2186118,6.0339642 80.2182896,6.0336581 80.2182166,6.0337342 80.2182206,6.033738 80.218204,6.0337554 80.2183138,6.0338597 80.2182778,6.033897 80.2184862,6.034095</coordinates></LinearRing></outerBoundaryIs></Polygon></MultiGeometry>
  </Placemark>
  <Placemark id="buildings.674">
	<name>Amangalla</name>
	<Style><LineStyle><color>ff0000ff</color></LineStyle><PolyStyle><fill>0</fill></PolyStyle></Style>
	<ExtendedData><SchemaData schemaUrl="#buildings">
		<SimpleData name="full_id">w136845382</SimpleData>
		<SimpleData name="osm_id">136845382</SimpleData>
		<SimpleData name="osm_type">way</SimpleData>
		<SimpleData name="building">yes</SimpleData>
		<SimpleData name="wikipedia">en:Amangalla</SimpleData>
		<SimpleData name="wikimedia_">Category:Amangalla</SimpleData>
		<SimpleData name="wikidata">Q4739838</SimpleData>
		<SimpleData name="website">https://www.aman.com/resorts/amangalla/</SimpleData>
		<SimpleData name="operator">Aman</SimpleData>
		<SimpleData name="tourism">hotel</SimpleData>
		<SimpleData name="image">https://photos.app.goo.gl/J4MwDyPuZEMURY8g9</SimpleData>
	</SchemaData></ExtendedData>
      <MultiGeometry><Polygon><outerBoundaryIs><LinearRing><coordinates>80.2171414,6.0284887 80.216984,6.0284423 80.2169756,6.0284704 80.2169497,6.0285571 80.2169163,6.0285473 80.2168794,6.0286713 80.2168601,6.0286656 80.216849,6.0287029 80.2170591,6.0287649 80.2171414,6.0284887</coordinates></LinearRing></outerBoundaryIs></Polygon></MultiGeometry>
  </Placemark>
  <Placemark id="buildings.675">
	<Style><LineStyle><color>ff0000ff</color></LineStyle><PolyStyle><fill>0</fill></PolyStyle></Style>
	<ExtendedData><SchemaData schemaUrl="#buildings">
		<SimpleData name="full_id">w616650248</SimpleData>
		<SimpleData name="osm_id">616650248</SimpleData>
		<SimpleData name="osm_type">way</SimpleData>
		<SimpleData name="building">yes</SimpleData>
	</SchemaData></ExtendedData>
      <MultiGeometry><Polygon><outerBoundaryIs><LinearRing><coordinates>80.2178936,6.034417 80.2179225,6.0343118 80.2179548,6.0343205 80.2179711,6.034261 80.2178406,6.0342256 80.2177954,6.0343903 80.2178936,6.034417</coordinates></LinearRing></outerBoundaryIs></Polygon></MultiGeometry>
  </Placemark>
  <Placemark id="buildings.676">
	<name>Post Office</name>
	<Style><LineStyle><color>ff0000ff</color></LineStyle><PolyStyle><fill>0</fill></PolyStyle></Style>
	<ExtendedData><SchemaData schemaUrl="#buildings">
		<SimpleData name="full_id">w136845339</SimpleData>
		<SimpleData name="osm_id">136845339</SimpleData>
		<SimpleData name="osm_type">way</SimpleData>
		<SimpleData name="building">yes</SimpleData>
		<SimpleData name="opening_ho">Mo-Su 08:00-16:00</SimpleData>
		<SimpleData name="office">government</SimpleData>
		<SimpleData name="amenity">post_office</SimpleData>
	</SchemaData></ExtendedData>
      <MultiGeometry><Polygon><outerBoundaryIs><LinearRing><coordinates>80.2174078,6.0279381 80.2175127,6.0276914 80.2174265,6.0276551 80.2173215,6.0279018 80.2174078,6.0279381</coordinates></LinearRing></outerBoundaryIs></Polygon></MultiGeometry>
  </Placemark>
  <Placemark id="buildings.677">
	<Style><LineStyle><color>ff0000ff</color></LineStyle><PolyStyle><fill>0</fill></PolyStyle></Style>
	<ExtendedData><SchemaData schemaUrl="#buildings">
		<SimpleData name="full_id">w616650246</SimpleData>
		<SimpleData name="osm_id">616650246</SimpleData>
		<SimpleData name="osm_type">way</SimpleData>
		<SimpleData name="building">yes</SimpleData>
	</SchemaData></ExtendedData>
      <MultiGeometry><Polygon><outerBoundaryIs><LinearRing><coordinates>80.2178444,6.0342057 80.2179657,6.0342524 80.2179781,6.0342205 80.2179479,6.0342089 80.2179536,6.0341941 80.2178626,6.0341591 80.2178444,6.0342057</coordinates></LinearRing></outerBoundaryIs></Polygon></MultiGeometry>
  </Placemark>
  <Placemark id="buildings.678">
	<name>SLT Fort Office</name>
	<Style><LineStyle><color>ff0000ff</color></LineStyle><PolyStyle><fill>0</fill></PolyStyle></Style>
	<ExtendedData><SchemaData schemaUrl="#buildings">
		<SimpleData name="full_id">w136818785</SimpleData>
		<SimpleData name="osm_id">136818785</SimpleData>
		<SimpleData name="osm_type">way</SimpleData>
		<SimpleData name="building">yes</SimpleData>
	</SchemaData></ExtendedData>
      <MultiGeometry><Polygon><outerBoundaryIs><LinearRing><coordinates>80.2171129,6.0275175 80.2168707,6.0274335 80.2168406,6.0275192 80.2170828,6.0276032 80.2171129,6.0275175</coordinates></LinearRing></outerBoundaryIs></Polygon></MultiGeometry>
  </Placemark>
  <Placemark id="buildings.679">
	<Style><LineStyle><color>ff0000ff</color></LineStyle><PolyStyle><fill>0</fill></PolyStyle></Style>
	<ExtendedData><SchemaData schemaUrl="#buildings">
		<SimpleData name="full_id">w616650245</SimpleData>
		<SimpleData name="osm_id">616650245</SimpleData>
		<SimpleData name="osm_type">way</SimpleData>
		<SimpleData name="building">yes</SimpleData>
	</SchemaData></ExtendedData>
      <MultiGeometry><Polygon><outerBoundaryIs><LinearRing><coordinates>80.2179985,6.0343546 80.2180285,6.0343042 80.2179874,6.03428 80.2179574,6.0343305 80.2179985,6.0343546</coordinates></LinearRing></outerBoundaryIs></Polygon></MultiGeometry>
  </Placemark>
  <Placemark id="buildings.680">
	<name>Laksala</name>
	<Style><LineStyle><color>ff0000ff</color></LineStyle><PolyStyle><fill>0</fill></PolyStyle></Style>
	<ExtendedData><SchemaData schemaUrl="#buildings">
		<SimpleData name="full_id">w136814721</SimpleData>
		<SimpleData name="osm_id">136814721</SimpleData>
		<SimpleData name="osm_type">way</SimpleData>
		<SimpleData name="building">yes</SimpleData>
	</SchemaData></ExtendedData>
      <MultiGeometry><Polygon><outerBoundaryIs><LinearRing><coordinates>80.2179059,6.0330204 80.2180373,6.032927 80.2179703,6.0328443 80.2178415,6.0329377 80.2179059,6.0330204</coordinates></LinearRing></outerBoundaryIs></Polygon></MultiGeometry>
  </Placemark>
  <Placemark id="buildings.681">
	<Style><LineStyle><color>ff0000ff</color></LineStyle><PolyStyle><fill>0</fill></PolyStyle></Style>
	<ExtendedData><SchemaData schemaUrl="#buildings">
		<SimpleData name="full_id">w616650244</SimpleData>
		<SimpleData name="osm_id">616650244</SimpleData>
		<SimpleData name="osm_type">way</SimpleData>
		<SimpleData name="building">yes</SimpleData>
	</SchemaData></ExtendedData>
      <MultiGeometry><Polygon><outerBoundaryIs><LinearRing><coordinates>80.2179721,6.0342501 80.2180417,6.034303 80.2180838,6.0342482 80.2180142,6.0341953 80.2179721,6.0342501</coordinates></LinearRing></outerBoundaryIs></Polygon></MultiGeometry>
  </Placemark>
  <Placemark id="buildings.682">
	<Style><LineStyle><color>ff0000ff</color></LineStyle><PolyStyle><fill>0</fill></PolyStyle></Style>
	<ExtendedData><SchemaData schemaUrl="#buildings">
		<SimpleData name="full_id">w270523536</SimpleData>
		<SimpleData name="osm_id">270523536</SimpleData>
		<SimpleData name="osm_type">way</SimpleData>
		<SimpleData name="building">yes</SimpleData>
	</SchemaData></ExtendedData>
      <MultiGeometry><Polygon><outerBoundaryIs><LinearRing><coordinates>80.2169968,6.0252485 80.217103,6.0252768 80.2171321,6.0251689 80.2170258,6.0251406 80.2169968,6.0252485</coordinates></LinearRing></outerBoundaryIs></Polygon></MultiGeometry>
  </Placemark>
  <Placemark id="buildings.683">
	<Style><LineStyle><color>ff0000ff</color></LineStyle><PolyStyle><fill>0</fill></PolyStyle></Style>
	<ExtendedData><SchemaData schemaUrl="#buildings">
		<SimpleData name="full_id">w616650243</SimpleData>
		<SimpleData name="osm_id">616650243</SimpleData>
		<SimpleData name="osm_type">way</SimpleData>
		<SimpleData name="building">yes</SimpleData>
	</SchemaData></ExtendedData>
      <MultiGeometry><Polygon><outerBoundaryIs><LinearRing><coordinates>80.2180099,6.0341792 80.2180826,6.0342318 80.2181483,6.034142 80.2180757,6.0340894 80.2180099,6.0341792</coordinates></LinearRing></outerBoundaryIs></Polygon></MultiGeometry>
  </Placemark>
  <Placemark id="buildings.684">
	<Style><LineStyle><color>ff0000ff</color></LineStyle><PolyStyle><fill>0</fill></PolyStyle></Style>
	<ExtendedData><SchemaData schemaUrl="#buildings">
		<SimpleData name="full_id">w270523535</SimpleData>
		<SimpleData name="osm_id">270523535</SimpleData>
		<SimpleData name="osm_type">way</SimpleData>
		<SimpleData name="building">yes</SimpleData>
	</SchemaData></ExtendedData>
      <MultiGeometry><Polygon><outerBoundaryIs><LinearRing><coordinates>80.2161383,6.0256044 80.2161278,6.0256026 80.2160773,6.0258956 80.2161346,6.0259054 80.2161801,6.0256413 80.2162653,6.0256558 80.2162779,6.0255828 80.2161459,6.0255603 80.2161383,6.0256044</coordinates></LinearRing></outerBoundaryIs></Polygon></MultiGeometry>
  </Placemark>
  <Placemark id="buildings.685">
	<Style><LineStyle><color>ff0000ff</color></LineStyle><PolyStyle><fill>0</fill></PolyStyle></Style>
	<ExtendedData><SchemaData schemaUrl="#buildings">
		<SimpleData name="full_id">w616650269</SimpleData>
		<SimpleData name="osm_id">616650269</SimpleData>
		<SimpleData name="osm_type">way</SimpleData>
		<SimpleData name="building">yes</SimpleData>
	</SchemaData></ExtendedData>
      <MultiGeometry><Polygon><outerBoundaryIs><LinearRing><coordinates>80.2181078,6.0328503 80.2180077,6.0327531 80.2179673,6.0327943 80.2180674,6.0328914 80.2181078,6.0328503</coordinates></LinearRing></outerBoundaryIs></Polygon></MultiGeometry>
  </Placemark>
  <Placemark id="buildings.686">
	<Style><LineStyle><color>ff0000ff</color></LineStyle><PolyStyle><fill>0</fill></PolyStyle></Style>
	<ExtendedData><SchemaData schemaUrl="#buildings">
		<SimpleData name="full_id">w270523534</SimpleData>
		<SimpleData name="osm_id">270523534</SimpleData>
		<SimpleData name="osm_type">way</SimpleData>
		<SimpleData name="building">yes</SimpleData>
	</SchemaData></ExtendedData>
      <MultiGeometry><Polygon><outerBoundaryIs><LinearRing><coordinates>80.2164737,6.0265804 80.2165705,6.0265966 80.21658,6.0265402 80.2164831,6.0265241 80.2164737,6.0265804</coordinates></LinearRing></outerBoundaryIs></Polygon></MultiGeometry>
  </Placemark>
  <Placemark id="buildings.687">
	<Style><LineStyle><color>ff0000ff</color></LineStyle><PolyStyle><fill>0</fill></PolyStyle></Style>
	<ExtendedData><SchemaData schemaUrl="#buildings">
		<SimpleData name="full_id">w616650267</SimpleData>
		<SimpleData name="osm_id">616650267</SimpleData>
		<SimpleData name="osm_type">way</SimpleData>
		<SimpleData name="building">yes</SimpleData>
	</SchemaData></ExtendedData>
      <MultiGeometry><Polygon><outerBoundaryIs><LinearRing><coordinates>80.2177653,6.0329374 80.2178153,6.0328925 80.2177655,6.0328376 80.2177274,6.0328718 80.2177525,6.0328994 80.2177406,6.0329101 80.2177653,6.0329374</coordinates></LinearRing></outerBoundaryIs></Polygon></MultiGeometry>
  </Placemark>
  <Placemark id="buildings.688">
	<Style><LineStyle><color>ff0000ff</color></LineStyle><PolyStyle><fill>0</fill></PolyStyle></Style>
	<ExtendedData><SchemaData schemaUrl="#buildings">
		<SimpleData name="full_id">w270523533</SimpleData>
		<SimpleData name="osm_id">270523533</SimpleData>
		<SimpleData name="osm_type">way</SimpleData>
		<SimpleData name="building">yes</SimpleData>
	</SchemaData></ExtendedData>
      <MultiGeometry><Polygon><outerBoundaryIs><LinearRing><coordinates>80.2167998,6.0257377 80.2168637,6.0257539 80.216937,6.0257724 80.2169575,6.0256923 80.2168203,6.0256575 80.2167998,6.0257377</coordinates></LinearRing></outerBoundaryIs></Polygon></MultiGeometry>
  </Placemark>
  <Placemark id="buildings.689">
	<Style><LineStyle><color>ff0000ff</color></LineStyle><PolyStyle><fill>0</fill></PolyStyle></Style>
	<ExtendedData><SchemaData schemaUrl="#buildings">
		<SimpleData name="full_id">w616650265</SimpleData>
		<SimpleData name="osm_id">616650265</SimpleData>
		<SimpleData name="osm_type">way</SimpleData>
		<SimpleData name="building">yes</SimpleData>
	</SchemaData></ExtendedData>
      <MultiGeometry><Polygon><outerBoundaryIs><LinearRing><coordinates>80.2176455,6.0327583 80.2177245,6.0328617 80.217763,6.0328325 80.217684,6.0327292 80.2176455,6.0327583</coordinates></LinearRing></outerBoundaryIs></Polygon></MultiGeometry>
  </Placemark>
  <Placemark id="buildings.690">
	<Style><LineStyle><color>ff0000ff</color></LineStyle><PolyStyle><fill>0</fill></PolyStyle></Style>
	<ExtendedData><SchemaData schemaUrl="#buildings">
		<SimpleData name="full_id">w270523532</SimpleData>
		<SimpleData name="osm_id">270523532</SimpleData>
		<SimpleData name="osm_type">way</SimpleData>
		<SimpleData name="building">yes</SimpleData>
	</SchemaData></ExtendedData>
      <MultiGeometry><Polygon><outerBoundaryIs><LinearRing><coordinates>80.2166465,6.0269949 80.2167883,6.0270414 80.2167999,6.0270064 80.2168849,6.0270343 80.2168992,6.026991 80.2166724,6.0269167 80.2166465,6.0269949</coordinates></LinearRing></outerBoundaryIs></Polygon></MultiGeometry>
  </Placemark>
  <Placemark id="buildings.691">
	<Style><LineStyle><color>ff0000ff</color></LineStyle><PolyStyle><fill>0</fill></PolyStyle></Style>
	<ExtendedData><SchemaData schemaUrl="#buildings">
		<SimpleData name="full_id">w616650263</SimpleData>
		<SimpleData name="osm_id">616650263</SimpleData>
		<SimpleData name="osm_type">way</SimpleData>
		<SimpleData name="building">yes</SimpleData>
	</SchemaData></ExtendedData>
      <MultiGeometry><Polygon><outerBoundaryIs><LinearRing><coordinates>80.2176499,6.0326722 80.2175911,6.032586 80.2175508,6.0326132 80.2176095,6.0326994 80.2176499,6.0326722</coordinates></LinearRing></outerBoundaryIs></Polygon></MultiGeometry>
  </Placemark>
  <Placemark id="buildings.692">
	<Style><LineStyle><color>ff0000ff</color></LineStyle><PolyStyle><fill>0</fill></PolyStyle></Style>
	<ExtendedData><SchemaData schemaUrl="#buildings">
		<SimpleData name="full_id">w270523531</SimpleData>
		<SimpleData name="osm_id">270523531</SimpleData>
		<SimpleData name="osm_type">way</SimpleData>
		<SimpleData name="building">retail</SimpleData>
	</SchemaData></ExtendedData>
      <MultiGeometry><Polygon><outerBoundaryIs><LinearRing><coordinates>80.2166582,6.0260107 80.2169127,6.0260598 80.2169419,6.0259105 80.2167748,6.0258782 80.2167598,6.025955 80.2166723,6.0259381 80.2166582,6.0260107</coordinates></LinearRing></outerBoundaryIs></Polygon></MultiGeometry>
  </Placemark>
  <Placemark id="buildings.693">
	<Style><LineStyle><color>ff0000ff</color></LineStyle><PolyStyle><fill>0</fill></PolyStyle></Style>
	<ExtendedData><SchemaData schemaUrl="#buildings">
		<SimpleData name="full_id">w616650261</SimpleData>
		<SimpleData name="osm_id">616650261</SimpleData>
		<SimpleData name="osm_type">way</SimpleData>
		<SimpleData name="building">yes</SimpleData>
	</SchemaData></ExtendedData>
      <MultiGeometry><Polygon><outerBoundaryIs><LinearRing><coordinates>80.2181851,6.0329424 80.2183046,6.0329107 80.2182936,6.0328695 80.2181741,6.0329012 80.2181851,6.0329424</coordinates></LinearRing></outerBoundaryIs></Polygon></MultiGeometry>
  </Placemark>
  <Placemark id="buildings.694">
	<Style><LineStyle><color>ff0000ff</color></LineStyle><PolyStyle><fill>0</fill></PolyStyle></Style>
	<ExtendedData><SchemaData schemaUrl="#buildings">
		<SimpleData name="full_id">w270523530</SimpleData>
		<SimpleData name="osm_id">270523530</SimpleData>
		<SimpleData name="osm_type">way</SimpleData>
		<SimpleData name="building">yes</SimpleData>
	</SchemaData></ExtendedData>
      <MultiGeometry><Polygon><outerBoundaryIs><LinearRing><coordinates>80.2168843,6.0256604 80.2169973,6.0256891 80.2170149,6.0256206 80.2169019,6.0255919 80.2168843,6.0256604</coordinates></LinearRing></outerBoundaryIs></Polygon></MultiGeometry>
  </Placemark>
  <Placemark id="buildings.695">
	<Style><LineStyle><color>ff0000ff</color></LineStyle><PolyStyle><fill>0</fill></PolyStyle></Style>
	<ExtendedData><SchemaData schemaUrl="#buildings">
		<SimpleData name="full_id">w616650259</SimpleData>
		<SimpleData name="osm_id">616650259</SimpleData>
		<SimpleData name="osm_type">way</SimpleData>
		<SimpleData name="building">yes</SimpleData>
	</SchemaData></ExtendedData>
      <MultiGeometry><Polygon><outerBoundaryIs><LinearRing><coordinates>80.2180713,6.0330717 80.2181384,6.0330346 80.2181161,6.0329946 80.218049,6.0330317 80.2180713,6.0330717</coordinates></LinearRing></outerBoundaryIs></Polygon></MultiGeometry>
  </Placemark>
  <Placemark id="buildings.696">
	<Style><LineStyle><color>ff0000ff</color></LineStyle><PolyStyle><fill>0</fill></PolyStyle></Style>
	<ExtendedData><SchemaData schemaUrl="#buildings">
		<SimpleData name="full_id">w270523529</SimpleData>
		<SimpleData name="osm_id">270523529</SimpleData>
		<SimpleData name="osm_type">way</SimpleData>
		<SimpleData name="building">yes</SimpleData>
	</SchemaData></ExtendedData>
      <MultiGeometry><Polygon><outerBoundaryIs><LinearRing><coordinates>80.2161427,6.0267105 80.2162519,6.0267164 80.2162589,6.0265867 80.2161497,6.0265808 80.2161427,6.0267105</coordinates></LinearRing></outerBoundaryIs></Polygon></MultiGeometry>
  </Placemark>
  <Placemark id="buildings.697">
	<Style><LineStyle><color>ff0000ff</color></LineStyle><PolyStyle><fill>0</fill></PolyStyle></Style>
	<ExtendedData><SchemaData schemaUrl="#buildings">
		<SimpleData name="full_id">w616650257</SimpleData>
		<SimpleData name="osm_id">616650257</SimpleData>
		<SimpleData name="osm_type">way</SimpleData>
		<SimpleData name="building">yes</SimpleData>
	</SchemaData></ExtendedData>
      <MultiGeometry><Polygon><outerBoundaryIs><LinearRing><coordinates>80.2183197,6.0334339 80.2183746,6.0333773 80.2183183,6.0333232 80.2182633,6.0333799 80.2183197,6.0334339</coordinates></LinearRing></outerBoundaryIs></Polygon></MultiGeometry>
  </Placemark>
  <Placemark id="buildings.698">
	<Style><LineStyle><color>ff0000ff</color></LineStyle><PolyStyle><fill>0</fill></PolyStyle></Style>
	<ExtendedData><SchemaData schemaUrl="#buildings">
		<SimpleData name="full_id">w270523545</SimpleData>
		<SimpleData name="osm_id">270523545</SimpleData>
		<SimpleData name="osm_type">way</SimpleData>
		<SimpleData name="building">yes</SimpleData>
	</SchemaData></ExtendedData>
      <MultiGeometry><Polygon><outerBoundaryIs><LinearRing><coordinates>80.2168524,6.0251115 80.2169508,6.0251496 80.2169672,6.0251078 80.2168688,6.0250697 80.2168524,6.0251115</coordinates></LinearRing></outerBoundaryIs></Polygon></MultiGeometry>
  </Placemark>
  <Placemark id="buildings.699">
	<Style><LineStyle><color>ff0000ff</color></LineStyle><PolyStyle><fill>0</fill></PolyStyle></Style>
	<ExtendedData><SchemaData schemaUrl="#buildings">
		<SimpleData name="full_id">w616650255</SimpleData>
		<SimpleData name="osm_id">616650255</SimpleData>
		<SimpleData name="osm_type">way</SimpleData>
		<SimpleData name="building">yes</SimpleData>
	</SchemaData></ExtendedData>
      <MultiGeometry><Polygon><outerBoundaryIs><LinearRing><coordinates>80.2180369,6.0331839 80.2180829,6.0331337 80.2179604,6.0330227 80.2179144,6.0330729 80.2180369,6.0331839</coordinates></LinearRing></outerBoundaryIs></Polygon></MultiGeometry>
  </Placemark>
  <Placemark id="buildings.700">
	<Style><LineStyle><color>ff0000ff</color></LineStyle><PolyStyle><fill>0</fill></PolyStyle></Style>
	<ExtendedData><SchemaData schemaUrl="#buildings">
		<SimpleData name="full_id">w270523544</SimpleData>
		<SimpleData name="osm_id">270523544</SimpleData>
		<SimpleData name="osm_type">way</SimpleData>
		<SimpleData name="building">yes</SimpleData>
	</SchemaData></ExtendedData>
      <MultiGeometry><Polygon><outerBoundaryIs><LinearRing><coordinates>80.2165801,6.0272145 80.2166859,6.0272573 80.2167349,6.0271376 80.2166291,6.0270947 80.2165801,6.0272145</coordinates></LinearRing></outerBoundaryIs></Polygon></MultiGeometry>
  </Placemark>
  <Placemark id="buildings.701">
	<Style><LineStyle><color>ff0000ff</color></LineStyle><PolyStyle><fill>0</fill></PolyStyle></Style>
	<ExtendedData><SchemaData schemaUrl="#buildings">
		<SimpleData name="full_id">w633469059</SimpleData>
		<SimpleData name="osm_id">633469059</SimpleData>
		<SimpleData name="osm_type">way</SimpleData>
		<SimpleData name="building">yes</SimpleData>
	</SchemaData></ExtendedData>
      <MultiGeometry><Polygon><outerBoundaryIs><LinearRing><coordinates>80.2194484,6.0346836 80.2195087,6.034631 80.2194761,6.034594 80.2194158,6.0346465 80.2194484,6.0346836</coordinates></LinearRing></outerBoundaryIs></Polygon></MultiGeometry>
  </Placemark>
  <Placemark id="buildings.702">
	<name>Pedlar's Inn Cafe</name>
	<Style><LineStyle><color>ff0000ff</color></LineStyle><PolyStyle><fill>0</fill></PolyStyle></Style>
	<ExtendedData><SchemaData schemaUrl="#buildings">
		<SimpleData name="full_id">w270523543</SimpleData>
		<SimpleData name="osm_id">270523543</SimpleData>
		<SimpleData name="osm_type">way</SimpleData>
		<SimpleData name="building">yes</SimpleData>
		<SimpleData name="cuisine">international</SimpleData>
		<SimpleData name="internet_2">yes</SimpleData>
		<SimpleData name="wikipedia">en:Galle Fort Post Office</SimpleData>
		<SimpleData name="wikimedia_">Category:Galle Fort Post Office</SimpleData>
		<SimpleData name="wikidata">Q54880603</SimpleData>
		<SimpleData name="opening_ho">09:00-22:00</SimpleData>
		<SimpleData name="addr_postc">80000</SimpleData>
		<SimpleData name="addr_hou_1">92</SimpleData>
		<SimpleData name="addr_stree">Pedlar Street</SimpleData>
		<SimpleData name="addr_city">Galle</SimpleData>
		<SimpleData name="amenity">cafe</SimpleData>
	</SchemaData></ExtendedData>
      <MultiGeometry><Polygon><outerBoundaryIs><LinearRing><coordinates>80.2163473,6.0263651 80.2164107,6.0263832 80.2165027,6.0260445 80.2164343,6.026033 80.2163473,6.0263651</coordinates></LinearRing></outerBoundaryIs></Polygon></MultiGeometry>
  </Placemark>
  <Placemark id="buildings.703">
	<Style><LineStyle><color>ff0000ff</color></LineStyle><PolyStyle><fill>0</fill></PolyStyle></Style>
	<ExtendedData><SchemaData schemaUrl="#buildings">
		<SimpleData name="full_id">w633244600</SimpleData>
		<SimpleData name="osm_id">633244600</SimpleData>
		<SimpleData name="osm_type">way</SimpleData>
		<SimpleData name="building">yes</SimpleData>
	</SchemaData></ExtendedData>
      <MultiGeometry><Polygon><outerBoundaryIs><LinearRing><coordinates>80.2150159,6.0295929 80.2150112,6.0296443 80.2151349,6.0296555 80.2151396,6.0296041 80.2150159,6.0295929</coordinates></LinearRing></outerBoundaryIs></Polygon></MultiGeometry>
  </Placemark>
  <Placemark id="buildings.704">
	<Style><LineStyle><color>ff0000ff</color></LineStyle><PolyStyle><fill>0</fill></PolyStyle></Style>
	<ExtendedData><SchemaData schemaUrl="#buildings">
		<SimpleData name="full_id">w270523542</SimpleData>
		<SimpleData name="osm_id">270523542</SimpleData>
		<SimpleData name="osm_type">way</SimpleData>
		<SimpleData name="building">yes</SimpleData>
	</SchemaData></ExtendedData>
      <MultiGeometry><Polygon><outerBoundaryIs><LinearRing><coordinates>80.2164236,6.0259795 80.2165021,6.0259899 80.2165139,6.0259021 80.2164354,6.0258917 80.2164236,6.0259795</coordinates></LinearRing></outerBoundaryIs></Polygon></MultiGeometry>
  </Placemark>
  <Placemark id="buildings.705">
	<Style><LineStyle><color>ff0000ff</color></LineStyle><PolyStyle><fill>0</fill></PolyStyle></Style>
	<ExtendedData><SchemaData schemaUrl="#buildings">
		<SimpleData name="full_id">w633244599</SimpleData>
		<SimpleData name="osm_id">633244599</SimpleData>
		<SimpleData name="osm_type">way</SimpleData>
		<SimpleData name="building">yes</SimpleData>
	</SchemaData></ExtendedData>
      <MultiGeometry><Polygon><outerBoundaryIs><LinearRing><coordinates>80.2177343,6.0264508 80.2177128,6.0265308 80.2177899,6.0265512 80.2178114,6.0264712 80.2177343,6.0264508</coordinates></LinearRing></outerBoundaryIs></Polygon></MultiGeometry>
  </Placemark>
  <Placemark id="buildings.706">
	<Style><LineStyle><color>ff0000ff</color></LineStyle><PolyStyle><fill>0</fill></PolyStyle></Style>
	<ExtendedData><SchemaData schemaUrl="#buildings">
		<SimpleData name="full_id">w270523540</SimpleData>
		<SimpleData name="osm_id">270523540</SimpleData>
		<SimpleData name="osm_type">way</SimpleData>
		<SimpleData name="building">yes</SimpleData>
	</SchemaData></ExtendedData>
      <MultiGeometry><Polygon><outerBoundaryIs><LinearRing><coordinates>80.2163328,6.0261447 80.2163815,6.0261604 80.2163986,6.0261644 80.2164343,6.026033 80.2163588,6.026017 80.2163328,6.0261447</coordinates></LinearRing></outerBoundaryIs></Polygon></MultiGeometry>
  </Placemark>
  <Placemark id="buildings.707">
	<Style><LineStyle><color>ff0000ff</color></LineStyle><PolyStyle><fill>0</fill></PolyStyle></Style>
	<ExtendedData><SchemaData schemaUrl="#buildings">
		<SimpleData name="full_id">w633244598</SimpleData>
		<SimpleData name="osm_id">633244598</SimpleData>
		<SimpleData name="osm_type">way</SimpleData>
		<SimpleData name="building">yes</SimpleData>
	</SchemaData></ExtendedData>
      <MultiGeometry><Polygon><outerBoundaryIs><LinearRing><coordinates>80.217686,6.0263441 80.2176726,6.0264187 80.2178123,6.0264436 80.2178257,6.0263689 80.217686,6.0263441</coordinates></LinearRing></outerBoundaryIs></Polygon></MultiGeometry>
  </Placemark>
  <Placemark id="buildings.708">
	<Style><LineStyle><color>ff0000ff</color></LineStyle><PolyStyle><fill>0</fill></PolyStyle></Style>
	<ExtendedData><SchemaData schemaUrl="#buildings">
		<SimpleData name="full_id">w270523539</SimpleData>
		<SimpleData name="osm_id">270523539</SimpleData>
		<SimpleData name="osm_type">way</SimpleData>
		<SimpleData name="building">yes</SimpleData>
	</SchemaData></ExtendedData>
      <MultiGeometry><Polygon><outerBoundaryIs><LinearRing><coordinates>80.2165411,6.0254692 80.216657,6.0255013 80.2166746,6.0254385 80.2165587,6.0254064 80.2165411,6.0254692</coordinates></LinearRing></outerBoundaryIs></Polygon></MultiGeometry>
  </Placemark>
  <Placemark id="buildings.709">
	<Style><LineStyle><color>ff0000ff</color></LineStyle><PolyStyle><fill>0</fill></PolyStyle></Style>
	<ExtendedData><SchemaData schemaUrl="#buildings">
		<SimpleData name="full_id">w633244597</SimpleData>
		<SimpleData name="osm_id">633244597</SimpleData>
		<SimpleData name="osm_type">way</SimpleData>
		<SimpleData name="building">yes</SimpleData>
	</SchemaData></ExtendedData>
      <MultiGeometry><Polygon><outerBoundaryIs><LinearRing><coordinates>80.2177566,6.0262539 80.2177448,6.0263501 80.2178144,6.0263586 80.2178262,6.0262624 80.2177566,6.0262539</coordinates></LinearRing></outerBoundaryIs></Polygon></MultiGeometry>
  </Placemark>
  <Placemark id="buildings.710">
	<Style><LineStyle><color>ff0000ff</color></LineStyle><PolyStyle><fill>0</fill></PolyStyle></Style>
	<ExtendedData><SchemaData schemaUrl="#buildings">
		<SimpleData name="full_id">w270523538</SimpleData>
		<SimpleData name="osm_id">270523538</SimpleData>
		<SimpleData name="osm_type">way</SimpleData>
		<SimpleData name="building">yes</SimpleData>
	</SchemaData></ExtendedData>
      <MultiGeometry><Polygon><outerBoundaryIs><LinearRing><coordinates>80.2164554,6.0269049 80.2166412,6.0269539 80.2166613,6.0268784 80.2164755,6.0268294 80.2164554,6.0269049</coordinates></LinearRing></outerBoundaryIs></Polygon></MultiGeometry>
  </Placemark>
  <Placemark id="buildings.711">
	<Style><LineStyle><color>ff0000ff</color></LineStyle><PolyStyle><fill>0</fill></PolyStyle></Style>
	<ExtendedData><SchemaData schemaUrl="#buildings">
		<SimpleData name="full_id">w633244596</SimpleData>
		<SimpleData name="osm_id">633244596</SimpleData>
		<SimpleData name="osm_type">way</SimpleData>
		<SimpleData name="building">yes</SimpleData>
	</SchemaData></ExtendedData>
      <MultiGeometry><Polygon><outerBoundaryIs><LinearRing><coordinates>80.2176545,6.0261713 80.2176357,6.0262887 80.2177063,6.0262999 80.217725,6.0261825 80.2176545,6.0261713</coordinates></LinearRing></outerBoundaryIs></Polygon></MultiGeometry>
  </Placemark>
  <Placemark id="buildings.712">
	<Style><LineStyle><color>ff0000ff</color></LineStyle><PolyStyle><fill>0</fill></PolyStyle></Style>
	<ExtendedData><SchemaData schemaUrl="#buildings">
		<SimpleData name="full_id">w270523537</SimpleData>
		<SimpleData name="osm_id">270523537</SimpleData>
		<SimpleData name="osm_type">way</SimpleData>
		<SimpleData name="building">yes</SimpleData>
	</SchemaData></ExtendedData>
      <MultiGeometry><Polygon><outerBoundaryIs><LinearRing><coordinates>80.2165312,6.0263462 80.2166013,6.0263654 80.2166354,6.0262426 80.2165652,6.0262233 80.2165312,6.0263462</coordinates></LinearRing></outerBoundaryIs></Polygon></MultiGeometry>
  </Placemark>
  <Placemark id="buildings.713">
	<Style><LineStyle><color>ff0000ff</color></LineStyle><PolyStyle><fill>0</fill></PolyStyle></Style>
	<ExtendedData><SchemaData schemaUrl="#buildings">
		<SimpleData name="full_id">w633244595</SimpleData>
		<SimpleData name="osm_id">633244595</SimpleData>
		<SimpleData name="osm_type">way</SimpleData>
		<SimpleData name="building">yes</SimpleData>
	</SchemaData></ExtendedData>
      <MultiGeometry><Polygon><outerBoundaryIs><LinearRing><coordinates>80.2169766,6.026024 80.2170871,6.0260483 80.2170874,6.0260471 80.21717,6.0260653 80.2171804,6.0260186 80.2170978,6.0260004 80.217116,6.0259186 80.2170055,6.0258942 80.2169766,6.026024</coordinates></LinearRing></outerBoundaryIs></Polygon></MultiGeometry>
  </Placemark>
  <Placemark id="buildings.714">
	<name>Galle Fort Lighthouse</name>
	<Style><LineStyle><color>ff0000ff</color></LineStyle><PolyStyle><fill>0</fill></PolyStyle></Style>
	<ExtendedData><SchemaData schemaUrl="#buildings">
		<SimpleData name="full_id">w278295989</SimpleData>
		<SimpleData name="osm_id">278295989</SimpleData>
		<SimpleData name="osm_type">way</SimpleData>
		<SimpleData name="building">service</SimpleData>
		<SimpleData name="man_made">lighthouse</SimpleData>
		<SimpleData name="roof_shape">dome</SimpleData>
		<SimpleData name="roof_heigh">2.5</SimpleData>
		<SimpleData name="height">39.48</SimpleData>
		<SimpleData name="building_l">8</SimpleData>
		<SimpleData name="image">https://photos.app.goo.gl/ygXd16dCpXMMawuWA</SimpleData>
	</SchemaData></ExtendedData>
      <MultiGeometry><Polygon><outerBoundaryIs><LinearRing><coordinates>80.2193695,6.0245722 80.2193768,6.0245722 80.2193837,6.0245698 80.2193895,6.0245653 80.2193934,6.0245591 80.219395,6.024552 80.2193941,6.0245448 80.2193911,6.0245386 80.2193863,6.0245336 80.2193801,6.0245305 80.2193733,6.0245294 80.2193664,6.0245305 80.2193603,6.0245337 80.2193555,6.0245386 80.2193525,6.0245449 80.2193516,6.0245517 80.2193531,6.0245588 80.2193569,6.0245651 80.2193626,6.0245697 80.2193695,6.0245722</coordinates></LinearRing></outerBoundaryIs></Polygon></MultiGeometry>
  </Placemark>
  <Placemark id="buildings.715">
	<Style><LineStyle><color>ff0000ff</color></LineStyle><PolyStyle><fill>0</fill></PolyStyle></Style>
	<ExtendedData><SchemaData schemaUrl="#buildings">
		<SimpleData name="full_id">w616650272</SimpleData>
		<SimpleData name="osm_id">616650272</SimpleData>
		<SimpleData name="osm_type">way</SimpleData>
		<SimpleData name="building">yes</SimpleData>
	</SchemaData></ExtendedData>
      <MultiGeometry><Polygon><outerBoundaryIs><LinearRing><coordinates>80.2178546,6.0328751 80.2179063,6.0328231 80.2177205,6.0326404 80.2176689,6.0326924 80.2178546,6.0328751</coordinates></LinearRing></outerBoundaryIs></Polygon></MultiGeometry>
  </Placemark>
  <Placemark id="buildings.716">
	<Style><LineStyle><color>ff0000ff</color></LineStyle><PolyStyle><fill>0</fill></PolyStyle></Style>
	<ExtendedData><SchemaData schemaUrl="#buildings">
		<SimpleData name="full_id">w270523553</SimpleData>
		<SimpleData name="osm_id">270523553</SimpleData>
		<SimpleData name="osm_type">way</SimpleData>
		<SimpleData name="building">yes</SimpleData>
	</SchemaData></ExtendedData>
      <MultiGeometry><Polygon><outerBoundaryIs><LinearRing><coordinates>80.2169143,6.0248802 80.2170107,6.0249296 80.2170383,6.0248762 80.2169419,6.0248269 80.2169143,6.0248802</coordinates></LinearRing></outerBoundaryIs></Polygon></MultiGeometry>
  </Placemark>
  <Placemark id="buildings.717">
	<Style><LineStyle><color>ff0000ff</color></LineStyle><PolyStyle><fill>0</fill></PolyStyle></Style>
	<ExtendedData><SchemaData schemaUrl="#buildings">
		<SimpleData name="full_id">w633469067</SimpleData>
		<SimpleData name="osm_id">633469067</SimpleData>
		<SimpleData name="osm_type">way</SimpleData>
		<SimpleData name="building">yes</SimpleData>
	</SchemaData></ExtendedData>
      <MultiGeometry><Polygon><outerBoundaryIs><LinearRing><coordinates>80.2198057,6.0348779 80.2197478,6.0349467 80.2198106,6.0349989 80.2198684,6.0349301 80.2198057,6.0348779</coordinates></LinearRing></outerBoundaryIs></Polygon></MultiGeometry>
  </Placemark>
  <Placemark id="buildings.718">
	<Style><LineStyle><color>ff0000ff</color></LineStyle><PolyStyle><fill>0</fill></PolyStyle></Style>
	<ExtendedData><SchemaData schemaUrl="#buildings">
		<SimpleData name="full_id">w270523552</SimpleData>
		<SimpleData name="osm_id">270523552</SimpleData>
		<SimpleData name="osm_type">way</SimpleData>
		<SimpleData name="building">yes</SimpleData>
	</SchemaData></ExtendedData>
      <MultiGeometry><Polygon><outerBoundaryIs><LinearRing><coordinates>80.2166472,6.0257229 80.2166814,6.0257301 80.216763,6.0257477 80.2167846,6.0256439 80.2166703,6.0256204 80.2166472,6.0257229</coordinates></LinearRing></outerBoundaryIs></Polygon></MultiGeometry>
  </Placemark>
  <Placemark id="buildings.719">
	<Style><LineStyle><color>ff0000ff</color></LineStyle><PolyStyle><fill>0</fill></PolyStyle></Style>
	<ExtendedData><SchemaData schemaUrl="#buildings">
		<SimpleData name="full_id">w633469066</SimpleData>
		<SimpleData name="osm_id">633469066</SimpleData>
		<SimpleData name="osm_type">way</SimpleData>
		<SimpleData name="building">yes</SimpleData>
	</SchemaData></ExtendedData>
      <MultiGeometry><Polygon><outerBoundaryIs><LinearRing><coordinates>80.2195234,6.0348162 80.2194384,6.0349361 80.2195749,6.0350318 80.2196599,6.0349119 80.2195234,6.0348162</coordinates></LinearRing></outerBoundaryIs></Polygon></MultiGeometry>
  </Placemark>
  <Placemark id="buildings.720">
	<Style><LineStyle><color>ff0000ff</color></LineStyle><PolyStyle><fill>0</fill></PolyStyle></Style>
	<ExtendedData><SchemaData schemaUrl="#buildings">
		<SimpleData name="full_id">w270523551</SimpleData>
		<SimpleData name="osm_id">270523551</SimpleData>
		<SimpleData name="osm_type">way</SimpleData>
		<SimpleData name="building">yes</SimpleData>
	</SchemaData></ExtendedData>
      <MultiGeometry><Polygon><outerBoundaryIs><LinearRing><coordinates>80.2170727,6.0251253 80.2171254,6.0251422 80.2171963,6.0249235 80.2171436,6.0249066 80.2170727,6.0251253</coordinates></LinearRing></outerBoundaryIs></Polygon></MultiGeometry>
  </Placemark>
  <Placemark id="buildings.721">
	<Style><LineStyle><color>ff0000ff</color></LineStyle><PolyStyle><fill>0</fill></PolyStyle></Style>
	<ExtendedData><SchemaData schemaUrl="#buildings">
		<SimpleData name="full_id">w633469065</SimpleData>
		<SimpleData name="osm_id">633469065</SimpleData>
		<SimpleData name="osm_type">way</SimpleData>
		<SimpleData name="building">yes</SimpleData>
	</SchemaData></ExtendedData>
      <MultiGeometry><Polygon><outerBoundaryIs><LinearRing><coordinates>80.2196427,6.0348701 80.2197192,6.0349288 80.219774,6.0348581 80.2196975,6.0347994 80.2196427,6.0348701</coordinates></LinearRing></outerBoundaryIs></Polygon></MultiGeometry>
  </Placemark>
  <Placemark id="buildings.722">
	<Style><LineStyle><color>ff0000ff</color></LineStyle><PolyStyle><fill>0</fill></PolyStyle></Style>
	<ExtendedData><SchemaData schemaUrl="#buildings">
		<SimpleData name="full_id">w270523550</SimpleData>
		<SimpleData name="osm_id">270523550</SimpleData>
		<SimpleData name="osm_type">way</SimpleData>
		<SimpleData name="building">yes</SimpleData>
	</SchemaData></ExtendedData>
      <MultiGeometry><Polygon><outerBoundaryIs><LinearRing><coordinates>80.2167134,6.0267978 80.2167989,6.0268237 80.2168714,6.0268456 80.2169042,6.026738 80.2167462,6.0266903 80.2167134,6.0267978</coordinates></LinearRing></outerBoundaryIs></Polygon></MultiGeometry>
  </Placemark>
  <Placemark id="buildings.723">
	<Style><LineStyle><color>ff0000ff</color></LineStyle><PolyStyle><fill>0</fill></PolyStyle></Style>
	<ExtendedData><SchemaData schemaUrl="#buildings">
		<SimpleData name="full_id">w633469064</SimpleData>
		<SimpleData name="osm_id">633469064</SimpleData>
		<SimpleData name="osm_type">way</SimpleData>
		<SimpleData name="building">yes</SimpleData>
	</SchemaData></ExtendedData>
      <MultiGeometry><Polygon><outerBoundaryIs><LinearRing><coordinates>80.2196192,6.0347714 80.2195757,6.0348446 80.2196362,6.0348801 80.2196797,6.0348068 80.2196192,6.0347714</coordinates></LinearRing></outerBoundaryIs></Polygon></MultiGeometry>
  </Placemark>
  <Placemark id="buildings.724">
	<Style><LineStyle><color>ff0000ff</color></LineStyle><PolyStyle><fill>0</fill></PolyStyle></Style>
	<ExtendedData><SchemaData schemaUrl="#buildings">
		<SimpleData name="full_id">w270523548</SimpleData>
		<SimpleData name="osm_id">270523548</SimpleData>
		<SimpleData name="osm_type">way</SimpleData>
		<SimpleData name="building">yes</SimpleData>
	</SchemaData></ExtendedData>
      <MultiGeometry><Polygon><outerBoundaryIs><LinearRing><coordinates>80.2166791,6.0264577 80.2167972,6.0264728 80.2168231,6.0262727 80.216705,6.0262576 80.2166791,6.0264577</coordinates></LinearRing></outerBoundaryIs></Polygon></MultiGeometry>
  </Placemark>
  <Placemark id="buildings.725">
	<Style><LineStyle><color>ff0000ff</color></LineStyle><PolyStyle><fill>0</fill></PolyStyle></Style>
	<ExtendedData><SchemaData schemaUrl="#buildings">
		<SimpleData name="full_id">w633469063</SimpleData>
		<SimpleData name="osm_id">633469063</SimpleData>
		<SimpleData name="osm_type">way</SimpleData>
		<SimpleData name="building">yes</SimpleData>
	</SchemaData></ExtendedData>
      <MultiGeometry><Polygon><outerBoundaryIs><LinearRing><coordinates>80.2195776,6.0347615 80.2195406,6.0348169 80.2195683,6.0348352 80.2196053,6.0347798 80.2195776,6.0347615</coordinates></LinearRing></outerBoundaryIs></Polygon></MultiGeometry>
  </Placemark>
  <Placemark id="buildings.726">
	<Style><LineStyle><color>ff0000ff</color></LineStyle><PolyStyle><fill>0</fill></PolyStyle></Style>
	<ExtendedData><SchemaData schemaUrl="#buildings">
		<SimpleData name="full_id">w270523547</SimpleData>
		<SimpleData name="osm_id">270523547</SimpleData>
		<SimpleData name="osm_type">way</SimpleData>
		<SimpleData name="building">yes</SimpleData>
	</SchemaData></ExtendedData>
      <MultiGeometry><Polygon><outerBoundaryIs><LinearRing><coordinates>80.2168895,6.0255666 80.2170214,6.0256018 80.2170424,6.0255241 80.2169105,6.0254889 80.2168895,6.0255666</coordinates></LinearRing></outerBoundaryIs></Polygon></MultiGeometry>
  </Placemark>
  <Placemark id="buildings.727">
	<Style><LineStyle><color>ff0000ff</color></LineStyle><PolyStyle><fill>0</fill></PolyStyle></Style>
	<ExtendedData><SchemaData schemaUrl="#buildings">
		<SimpleData name="full_id">w633469062</SimpleData>
		<SimpleData name="osm_id">633469062</SimpleData>
		<SimpleData name="osm_type">way</SimpleData>
		<SimpleData name="building">yes</SimpleData>
	</SchemaData></ExtendedData>
      <MultiGeometry><Polygon><outerBoundaryIs><LinearRing><coordinates>80.2195227,6.0346922 80.2195495,6.0347089 80.219576,6.0346669 80.2195492,6.0346502 80.2195227,6.0346922</coordinates></LinearRing></outerBoundaryIs></Polygon></MultiGeometry>
  </Placemark>
  <Placemark id="buildings.728">
	<Style><LineStyle><color>ff0000ff</color></LineStyle><PolyStyle><fill>0</fill></PolyStyle></Style>
	<ExtendedData><SchemaData schemaUrl="#buildings">
		<SimpleData name="full_id">w270523546</SimpleData>
		<SimpleData name="osm_id">270523546</SimpleData>
		<SimpleData name="osm_type">way</SimpleData>
		<SimpleData name="building">yes</SimpleData>
	</SchemaData></ExtendedData>
      <MultiGeometry><Polygon><outerBoundaryIs><LinearRing><coordinates>80.2165514,6.0261713 80.2166204,6.0261893 80.2166505,6.026075 80.2165716,6.026063 80.2165514,6.0261713</coordinates></LinearRing></outerBoundaryIs></Polygon></MultiGeometry>
  </Placemark>
  <Placemark id="buildings.729">
	<Style><LineStyle><color>ff0000ff</color></LineStyle><PolyStyle><fill>0</fill></PolyStyle></Style>
	<ExtendedData><SchemaData schemaUrl="#buildings">
		<SimpleData name="full_id">w633469061</SimpleData>
		<SimpleData name="osm_id">633469061</SimpleData>
		<SimpleData name="osm_type">way</SimpleData>
		<SimpleData name="building">yes</SimpleData>
	</SchemaData></ExtendedData>
      <MultiGeometry><Polygon><outerBoundaryIs><LinearRing><coordinates>80.2194906,6.0347236 80.219516,6.0347417 80.2195408,6.0347074 80.2195227,6.0346922 80.2195154,6.0346892 80.2194906,6.0347236</coordinates></LinearRing></outerBoundaryIs></Polygon></MultiGeometry>
  </Placemark>
  <Placemark id="buildings.730">
	<Style><LineStyle><color>ff0000ff</color></LineStyle><PolyStyle><fill>0</fill></PolyStyle></Style>
	<ExtendedData><SchemaData schemaUrl="#buildings">
		<SimpleData name="full_id">w397999492</SimpleData>
		<SimpleData name="osm_id">397999492</SimpleData>
		<SimpleData name="osm_type">way</SimpleData>
		<SimpleData name="building">yes</SimpleData>
	</SchemaData></ExtendedData>
      <MultiGeometry><Polygon><outerBoundaryIs><LinearRing><coordinates>80.2174812,6.0271277 80.2174924,6.0270524 80.2173761,6.0270352 80.217384,6.026982 80.2175096,6.0270005 80.217521,6.0269164 80.2172292,6.0268734 80.2172225,6.0269195 80.2172868,6.026929 80.2172619,6.0270953 80.2174812,6.0271277</coordinates></LinearRing></outerBoundaryIs></Polygon></MultiGeometry>
  </Placemark>
  <Placemark id="buildings.731">
	<Style><LineStyle><color>ff0000ff</color></LineStyle><PolyStyle><fill>0</fill></PolyStyle></Style>
	<ExtendedData><SchemaData schemaUrl="#buildings">
		<SimpleData name="full_id">w633469060</SimpleData>
		<SimpleData name="osm_id">633469060</SimpleData>
		<SimpleData name="osm_type">way</SimpleData>
		<SimpleData name="building">yes</SimpleData>
	</SchemaData></ExtendedData>
      <MultiGeometry><Polygon><outerBoundaryIs><LinearRing><coordinates>80.2194765,6.0346726 80.2195154,6.0346892 80.2195397,6.034663 80.2195123,6.0346362 80.2194765,6.0346726</coordinates></LinearRing></outerBoundaryIs></Polygon></MultiGeometry>
  </Placemark>
  <Placemark id="buildings.732">
	<Style><LineStyle><color>ff0000ff</color></LineStyle><PolyStyle><fill>0</fill></PolyStyle></Style>
	<ExtendedData><SchemaData schemaUrl="#buildings">
		<SimpleData name="full_id">w397999491</SimpleData>
		<SimpleData name="osm_id">397999491</SimpleData>
		<SimpleData name="osm_type">way</SimpleData>
		<SimpleData name="building">retail</SimpleData>
		<SimpleData name="roof_level">1</SimpleData>
		<SimpleData name="roof_shape">hipped</SimpleData>
		<SimpleData name="building_l">2</SimpleData>
	</SchemaData></ExtendedData>
      <MultiGeometry><Polygon><outerBoundaryIs><LinearRing><coordinates>80.2174383,6.0272982 80.2176048,6.02732 80.2176252,6.0271663 80.2174588,6.0271444 80.2174383,6.0272982</coordinates></LinearRing></outerBoundaryIs></Polygon></MultiGeometry>
  </Placemark>
  <Placemark id="buildings.733">
	<Style><LineStyle><color>ff0000ff</color></LineStyle><PolyStyle><fill>0</fill></PolyStyle></Style>
	<ExtendedData><SchemaData schemaUrl="#buildings">
		<SimpleData name="full_id">w543194533</SimpleData>
		<SimpleData name="osm_id">543194533</SimpleData>
		<SimpleData name="osm_type">way</SimpleData>
		<SimpleData name="building">yes</SimpleData>
	</SchemaData></ExtendedData>
      <MultiGeometry><Polygon><outerBoundaryIs><LinearRing><coordinates>80.215542,6.03385 80.2156262,6.03385 80.2156262,6.0337822 80.2155743,6.0337822 80.2155743,6.0337316 80.215542,6.0337316 80.215542,6.03385</coordinates></LinearRing></outerBoundaryIs></Polygon></MultiGeometry>
  </Placemark>
  <Placemark id="buildings.734">
	<name>Clan House</name>
	<Style><LineStyle><color>ff0000ff</color></LineStyle><PolyStyle><fill>0</fill></PolyStyle></Style>
	<ExtendedData><SchemaData schemaUrl="#buildings">
		<SimpleData name="full_id">w397999490</SimpleData>
		<SimpleData name="osm_id">397999490</SimpleData>
		<SimpleData name="osm_type">way</SimpleData>
		<SimpleData name="building">yes</SimpleData>
		<SimpleData name="office">company</SimpleData>
	</SchemaData></ExtendedData>
      <MultiGeometry><Polygon><outerBoundaryIs><LinearRing><coordinates>80.2175027,6.0271198 80.2176877,6.0271432 80.2177103,6.0269564 80.2175255,6.0269291 80.2175027,6.0271198</coordinates></LinearRing></outerBoundaryIs></Polygon></MultiGeometry>
  </Placemark>
  <Placemark id="buildings.735">
	<Style><LineStyle><color>ff0000ff</color></LineStyle><PolyStyle><fill>0</fill></PolyStyle></Style>
	<ExtendedData><SchemaData schemaUrl="#buildings">
		<SimpleData name="full_id">w543194532</SimpleData>
		<SimpleData name="osm_id">543194532</SimpleData>
		<SimpleData name="osm_type">way</SimpleData>
		<SimpleData name="building">yes</SimpleData>
	</SchemaData></ExtendedData>
      <MultiGeometry><Polygon><outerBoundaryIs><LinearRing><coordinates>80.2155805,6.0341629 80.2156462,6.0341659 80.2156524,6.034033 80.2155867,6.03403 80.2155805,6.0341629</coordinates></LinearRing></outerBoundaryIs></Polygon></MultiGeometry>
  </Placemark>
  <Placemark id="buildings.736">
	<name>Fort Bazaar</name>
	<Style><LineStyle><color>ff0000ff</color></LineStyle><PolyStyle><fill>0</fill></PolyStyle></Style>
	<ExtendedData><SchemaData schemaUrl="#buildings">
		<SimpleData name="full_id">w397782727</SimpleData>
		<SimpleData name="osm_id">397782727</SimpleData>
		<SimpleData name="osm_type">way</SimpleData>
		<SimpleData name="building">yes</SimpleData>
		<SimpleData name="email">enquiries@teardrop-hotels.com</SimpleData>
		<SimpleData name="website">http://teardrop-hotels.com/fort-bazaar/</SimpleData>
		<SimpleData name="addr_postc">80000</SimpleData>
		<SimpleData name="addr_hou_1">28</SimpleData>
		<SimpleData name="tourism">hotel</SimpleData>
		<SimpleData name="addr_stree">Church Street</SimpleData>
		<SimpleData name="addr_city">Galle</SimpleData>
	</SchemaData></ExtendedData>
      <MultiGeometry><Polygon><outerBoundaryIs><LinearRing><coordinates>80.2177392,6.0267947 80.2172847,6.0267102 80.2172735,6.0267659 80.2174828,6.0268056 80.2174737,6.0268584 80.2172427,6.0268216 80.2172292,6.0268734 80.217521,6.0269164 80.2175255,6.0269291 80.2177103,6.0269564 80.2177392,6.0267947</coordinates></LinearRing></outerBoundaryIs></Polygon></MultiGeometry>
  </Placemark>
  <Placemark id="buildings.737">
	<Style><LineStyle><color>ff0000ff</color></LineStyle><PolyStyle><fill>0</fill></PolyStyle></Style>
	<ExtendedData><SchemaData schemaUrl="#buildings">
		<SimpleData name="full_id">w543194530</SimpleData>
		<SimpleData name="osm_id">543194530</SimpleData>
		<SimpleData name="osm_type">way</SimpleData>
		<SimpleData name="building">yes</SimpleData>
	</SchemaData></ExtendedData>
      <MultiGeometry><Polygon><outerBoundaryIs><LinearRing><coordinates>80.2120143,6.0350192 80.2121047,6.0349726 80.2120489,6.0348654 80.2119585,6.034912 80.2120143,6.0350192</coordinates></LinearRing></outerBoundaryIs></Polygon></MultiGeometry>
  </Placemark>
  <Placemark id="buildings.738">
	<Style><LineStyle><color>ff0000ff</color></LineStyle><PolyStyle><fill>0</fill></PolyStyle></Style>
	<ExtendedData><SchemaData schemaUrl="#buildings">
		<SimpleData name="full_id">w363772690</SimpleData>
		<SimpleData name="osm_id">363772690</SimpleData>
		<SimpleData name="osm_type">way</SimpleData>
		<SimpleData name="building">house</SimpleData>
	</SchemaData></ExtendedData>
      <MultiGeometry><Polygon><outerBoundaryIs><LinearRing><coordinates>80.2151239,6.0275266 80.215255,6.0275661 80.215305,6.0274018 80.2151739,6.0273623 80.2151239,6.0275266</coordinates></LinearRing></outerBoundaryIs></Polygon></MultiGeometry>
  </Placemark>
  <Placemark id="buildings.739">
	<Style><LineStyle><color>ff0000ff</color></LineStyle><PolyStyle><fill>0</fill></PolyStyle></Style>
	<ExtendedData><SchemaData schemaUrl="#buildings">
		<SimpleData name="full_id">w543194529</SimpleData>
		<SimpleData name="osm_id">543194529</SimpleData>
		<SimpleData name="osm_type">way</SimpleData>
		<SimpleData name="building">yes</SimpleData>
	</SchemaData></ExtendedData>
      <MultiGeometry><Polygon><outerBoundaryIs><LinearRing><coordinates>80.2128688,6.0346527 80.2129251,6.0346518 80.2129237,6.0345661 80.2128674,6.034567 80.2128688,6.0346527</coordinates></LinearRing></outerBoundaryIs></Polygon></MultiGeometry>
  </Placemark>
  <Placemark id="buildings.740">
	<Style><LineStyle><color>ff0000ff</color></LineStyle><PolyStyle><fill>0</fill></PolyStyle></Style>
	<ExtendedData><SchemaData schemaUrl="#buildings">
		<SimpleData name="full_id">w326211534</SimpleData>
		<SimpleData name="osm_id">326211534</SimpleData>
		<SimpleData name="osm_type">way</SimpleData>
		<SimpleData name="building">yes</SimpleData>
	</SchemaData></ExtendedData>
      <MultiGeometry><Polygon><outerBoundaryIs><LinearRing><coordinates>80.2141632,6.0333625 80.2140495,6.0333469 80.2140196,6.0335629 80.2140366,6.0335653 80.2140099,6.033758 80.2141066,6.0337713 80.2141632,6.0333625</coordinates></LinearRing></outerBoundaryIs></Polygon></MultiGeometry>
  </Placemark>
  <Placemark id="buildings.741">
	<name>La Clochette Galle</name>
	<Style><LineStyle><color>ff0000ff</color></LineStyle><PolyStyle><fill>0</fill></PolyStyle></Style>
	<ExtendedData><SchemaData schemaUrl="#buildings">
		<SimpleData name="full_id">w320965751</SimpleData>
		<SimpleData name="osm_id">320965751</SimpleData>
		<SimpleData name="osm_type">way</SimpleData>
		<SimpleData name="building">commercial</SimpleData>
		<SimpleData name="addr_postc">80000</SimpleData>
		<SimpleData name="addr_hou_1">52</SimpleData>
		<SimpleData name="tourism">hotel</SimpleData>
		<SimpleData name="addr_stree">Leyn Baan Street</SimpleData>
		<SimpleData name="addr_city">Galle</SimpleData>
	</SchemaData></ExtendedData>
      <MultiGeometry><Polygon><outerBoundaryIs><LinearRing><coordinates>80.2187464,6.0259333 80.2188621,6.0259385 80.2188649,6.0258754 80.2187493,6.0258702 80.2187464,6.0259333</coordinates></LinearRing></outerBoundaryIs></Polygon></MultiGeometry>
  </Placemark>
  <Placemark id="buildings.742">
	<Style><LineStyle><color>ff0000ff</color></LineStyle><PolyStyle><fill>0</fill></PolyStyle></Style>
	<ExtendedData><SchemaData schemaUrl="#buildings">
		<SimpleData name="full_id">w137308920</SimpleData>
		<SimpleData name="osm_id">137308920</SimpleData>
		<SimpleData name="osm_type">way</SimpleData>
		<SimpleData name="building">transportation</SimpleData>
		<SimpleData name="building_l">2</SimpleData>
	</SchemaData></ExtendedData>
      <MultiGeometry><Polygon><outerBoundaryIs><LinearRing><coordinates>80.2164618,6.0328068 80.216429,6.0326895 80.215782,6.0328684 80.215761,6.0327934 80.215641,6.0328265 80.2156493,6.0328562 80.2149497,6.0330497 80.2149634,6.0331058 80.2149799,6.0331577 80.2156374,6.0329759 80.2156465,6.0330083 80.2156942,6.0329951 80.2157145,6.0330678 80.2158693,6.0330249 80.2158552,6.0329746 80.2164618,6.0328068</coordinates></LinearRing></outerBoundaryIs></Polygon></MultiGeometry>
  </Placemark>
  <Placemark id="buildings.743">
	<Style><LineStyle><color>ff0000ff</color></LineStyle><PolyStyle><fill>0</fill></PolyStyle></Style>
	<ExtendedData><SchemaData schemaUrl="#buildings">
		<SimpleData name="full_id">w543194525</SimpleData>
		<SimpleData name="osm_id">543194525</SimpleData>
		<SimpleData name="osm_type">way</SimpleData>
		<SimpleData name="building">yes</SimpleData>
	</SchemaData></ExtendedData>
      <MultiGeometry><Polygon><outerBoundaryIs><LinearRing><coordinates>80.2126475,6.0346148 80.2126696,6.0345418 80.2126165,6.0345532 80.2125926,6.0345743 80.2126147,6.0346183 80.2126475,6.0346148</coordinates></LinearRing></outerBoundaryIs></Polygon></MultiGeometry>
  </Placemark>
  <Placemark id="buildings.744">
	<name>Sally Gems Colombo</name>
	<Style><LineStyle><color>ff0000ff</color></LineStyle><PolyStyle><fill>0</fill></PolyStyle></Style>
	<ExtendedData><SchemaData schemaUrl="#buildings">
		<SimpleData name="full_id">w137308225</SimpleData>
		<SimpleData name="osm_id">137308225</SimpleData>
		<SimpleData name="osm_type">way</SimpleData>
		<SimpleData name="building">yes</SimpleData>
		<SimpleData name="roof_colou">#800000</SimpleData>
		<SimpleData name="roof_shape">gabled</SimpleData>
		<SimpleData name="roof_heigh">1.66</SimpleData>
		<SimpleData name="height">5.53</SimpleData>
		<SimpleData name="addr_hou_1">44</SimpleData>
		<SimpleData name="shop">jewelry</SimpleData>
		<SimpleData name="building_l">1.5</SimpleData>
		<SimpleData name="image">https://photos.app.goo.gl/zrqdGPE5FBRuZHn97</SimpleData>
		<SimpleData name="addr_stree">Hospital Street</SimpleData>
	</SchemaData></ExtendedData>
      <MultiGeometry><Polygon><outerBoundaryIs><LinearRing><coordinates>80.2191884,6.0248147 80.2192592,6.0248144 80.2192452,6.0247619 80.2191891,6.024759 80.2191884,6.0248147</coordinates></LinearRing></outerBoundaryIs></Polygon></MultiGeometry>
  </Placemark>
  <Placemark id="buildings.745">
	<name>Laksana</name>
	<Style><LineStyle><color>ff0000ff</color></LineStyle><PolyStyle><fill>0</fill></PolyStyle></Style>
	<ExtendedData><SchemaData schemaUrl="#buildings">
		<SimpleData name="full_id">w137308210</SimpleData>
		<SimpleData name="osm_id">137308210</SimpleData>
		<SimpleData name="osm_type">way</SimpleData>
		<SimpleData name="building">yes</SimpleData>
	</SchemaData></ExtendedData>
      <MultiGeometry><Polygon><outerBoundaryIs><LinearRing><coordinates>80.2192444,6.0254688 80.2193519,6.0254669 80.2193521,6.0253941 80.2192437,6.0253913 80.2192444,6.0254688</coordinates></LinearRing></outerBoundaryIs></Polygon></MultiGeometry>
  </Placemark>
  <Placemark id="buildings.746">
	<name>Curry Leaf Hostel</name>
	<Style><LineStyle><color>ff0000ff</color></LineStyle><PolyStyle><fill>0</fill></PolyStyle></Style>
	<ExtendedData><SchemaData schemaUrl="#buildings">
		<SimpleData name="full_id">w137307396</SimpleData>
		<SimpleData name="osm_id">137307396</SimpleData>
		<SimpleData name="osm_type">way</SimpleData>
		<SimpleData name="building">yes</SimpleData>
		<SimpleData name="internet_2">wlan</SimpleData>
		<SimpleData name="phone">+94 91 2227443</SimpleData>
		<SimpleData name="opening_ho">24/7</SimpleData>
		<SimpleData name="addr_postc">80000</SimpleData>
		<SimpleData name="addr_hou_1">62/B</SimpleData>
		<SimpleData name="tourism">hostel</SimpleData>
		<SimpleData name="addr_stree">ප්‍රදීපාගාර වීදිය</SimpleData>
		<SimpleData name="addr_city">Galle</SimpleData>
	</SchemaData></ExtendedData>
      <MultiGeometry><Polygon><outerBoundaryIs><LinearRing><coordinates>80.2170455,6.0254858 80.2170602,6.0254327 80.2169114,6.0253919 80.2168967,6.025445 80.2170455,6.0254858</coordinates></LinearRing></outerBoundaryIs></Polygon></MultiGeometry>
  </Placemark>
  <Placemark id="buildings.747">
	<Style><LineStyle><color>ff0000ff</color></LineStyle><PolyStyle><fill>0</fill></PolyStyle></Style>
	<ExtendedData><SchemaData schemaUrl="#buildings">
		<SimpleData name="full_id">w137307342</SimpleData>
		<SimpleData name="osm_id">137307342</SimpleData>
		<SimpleData name="osm_type">way</SimpleData>
		<SimpleData name="building">yes</SimpleData>
	</SchemaData></ExtendedData>
      <MultiGeometry><Polygon><outerBoundaryIs><LinearRing><coordinates>80.21845,6.0273585 80.218452,6.0273198 80.218455,6.0272625 80.2184615,6.027137 80.2183871,6.0271331 80.2183932,6.0270162 80.2183124,6.027012 80.2183063,6.0271281 80.2180573,6.0271153 80.2180457,6.0273376 80.21845,6.0273585</coordinates></LinearRing></outerBoundaryIs></Polygon></MultiGeometry>
  </Placemark>
  <Placemark id="buildings.748">
	<name>Police Barracks</name>
	<Style><LineStyle><color>ff0000ff</color></LineStyle><PolyStyle><fill>0</fill></PolyStyle></Style>
	<ExtendedData><SchemaData schemaUrl="#buildings">
		<SimpleData name="full_id">w137296879</SimpleData>
		<SimpleData name="osm_id">137296879</SimpleData>
		<SimpleData name="osm_type">way</SimpleData>
		<SimpleData name="building">yes</SimpleData>
		<SimpleData name="image">https://photos.app.goo.gl/NFMVQ2Stok261wZS6</SimpleData>
	</SchemaData></ExtendedData>
      <MultiGeometry><Polygon><outerBoundaryIs><LinearRing><coordinates>80.2192592,6.0269752 80.2193409,6.0269733 80.219334,6.0266811 80.2192522,6.026683 80.2192592,6.0269752</coordinates></LinearRing></outerBoundaryIs></Polygon></MultiGeometry>
  </Placemark>
  <Placemark id="buildings.749">
	<Style><LineStyle><color>ff0000ff</color></LineStyle><PolyStyle><fill>0</fill></PolyStyle></Style>
	<ExtendedData><SchemaData schemaUrl="#buildings">
		<SimpleData name="full_id">w137295912</SimpleData>
		<SimpleData name="osm_id">137295912</SimpleData>
		<SimpleData name="osm_type">way</SimpleData>
		<SimpleData name="building">office</SimpleData>
		<SimpleData name="roof_level">0</SimpleData>
		<SimpleData name="addr_house">E-corts</SimpleData>
		<SimpleData name="building_l">2</SimpleData>
		<SimpleData name="addr_stree">Pedlar Street</SimpleData>
	</SchemaData></ExtendedData>
      <MultiGeometry><Polygon><outerBoundaryIs><LinearRing><coordinates>80.2182448,6.0261179 80.2186199,6.0261479 80.2186296,6.0260294 80.2185362,6.0260218 80.2184447,6.0260143 80.2183451,6.0260062 80.2183683,6.0257251 80.2182849,6.0257183 80.2182448,6.0261179</coordinates></LinearRing></outerBoundaryIs></Polygon></MultiGeometry>
  </Placemark>
  <Placemark id="buildings.750">
	<Style><LineStyle><color>ff0000ff</color></LineStyle><PolyStyle><fill>0</fill></PolyStyle></Style>
	<ExtendedData><SchemaData schemaUrl="#buildings">
		<SimpleData name="full_id">w137295710</SimpleData>
		<SimpleData name="osm_id">137295710</SimpleData>
		<SimpleData name="osm_type">way</SimpleData>
		<SimpleData name="building">yes</SimpleData>
	</SchemaData></ExtendedData>
      <MultiGeometry><Polygon><outerBoundaryIs><LinearRing><coordinates>80.2193949,6.0262189 80.2193942,6.0259681 80.2191208,6.0259574 80.2191166,6.0260508 80.2190409,6.0260474 80.2190374,6.0261916 80.2193949,6.0262189</coordinates></LinearRing></outerBoundaryIs></Polygon></MultiGeometry>
  </Placemark>
  <Placemark id="buildings.751">
	<Style><LineStyle><color>ff0000ff</color></LineStyle><PolyStyle><fill>0</fill></PolyStyle></Style>
	<ExtendedData><SchemaData schemaUrl="#buildings">
		<SimpleData name="full_id">w543194535</SimpleData>
		<SimpleData name="osm_id">543194535</SimpleData>
		<SimpleData name="osm_type">way</SimpleData>
		<SimpleData name="building">yes</SimpleData>
	</SchemaData></ExtendedData>
      <MultiGeometry><Polygon><outerBoundaryIs><LinearRing><coordinates>80.2164456,6.0337389 80.2164942,6.0337297 80.2164881,6.0336975 80.2164395,6.0337067 80.2164456,6.0337389</coordinates></LinearRing></outerBoundaryIs></Polygon></MultiGeometry>
  </Placemark>
  <Placemark id="buildings.752">
	<name>Zaviya Shazuliyyah</name>
	<Style><LineStyle><color>ff0000ff</color></LineStyle><PolyStyle><fill>0</fill></PolyStyle></Style>
	<ExtendedData><SchemaData schemaUrl="#buildings">
		<SimpleData name="full_id">w137826453</SimpleData>
		<SimpleData name="osm_id">137826453</SimpleData>
		<SimpleData name="osm_type">way</SimpleData>
		<SimpleData name="building">yes</SimpleData>
		<SimpleData name="roof_colou">#800000</SimpleData>
		<SimpleData name="roof_shape">gabled</SimpleData>
		<SimpleData name="roof_heigh">1.14</SimpleData>
		<SimpleData name="building_l">3</SimpleData>
		<SimpleData name="religion">muslim</SimpleData>
		<SimpleData name="amenity">place_of_worship</SimpleData>
	</SchemaData></ExtendedData>
      <MultiGeometry><Polygon><outerBoundaryIs><LinearRing><coordinates>80.2184501,6.024822 80.2185781,6.0248446 80.2185826,6.0248224 80.2185986,6.0248247 80.2186127,6.0247434 80.2184733,6.0247176 80.2184501,6.024822</coordinates></LinearRing></outerBoundaryIs></Polygon></MultiGeometry>
  </Placemark>
  <Placemark id="buildings.753">
	<Style><LineStyle><color>ff0000ff</color></LineStyle><PolyStyle><fill>0</fill></PolyStyle></Style>
	<ExtendedData><SchemaData schemaUrl="#buildings">
		<SimpleData name="full_id">w543194534</SimpleData>
		<SimpleData name="osm_id">543194534</SimpleData>
		<SimpleData name="osm_type">way</SimpleData>
		<SimpleData name="building">yes</SimpleData>
	</SchemaData></ExtendedData>
      <MultiGeometry><Polygon><outerBoundaryIs><LinearRing><coordinates>80.2162278,6.0335505 80.2163225,6.0335336 80.2163039,6.0334311 80.2162093,6.033448 80.2162278,6.0335505</coordinates></LinearRing></outerBoundaryIs></Polygon></MultiGeometry>
  </Placemark>
  <Placemark id="buildings.754">
	<name>Galle Fort Hotel</name>
	<Style><LineStyle><color>ff0000ff</color></LineStyle><PolyStyle><fill>0</fill></PolyStyle></Style>
	<ExtendedData><SchemaData schemaUrl="#buildings">
		<SimpleData name="full_id">w137626644</SimpleData>
		<SimpleData name="osm_id">137626644</SimpleData>
		<SimpleData name="osm_type">way</SimpleData>
		<SimpleData name="building">yes</SimpleData>
		<SimpleData name="wikipedia">en:Galle Fort Hotel</SimpleData>
		<SimpleData name="wikimedia_">Category:Galle Fort Hotel</SimpleData>
		<SimpleData name="wikidata">Q5518909</SimpleData>
		<SimpleData name="check_date">2024-12-23</SimpleData>
		<SimpleData name="tourism">hotel</SimpleData>
		<SimpleData name="addr_city">Galle</SimpleData>
	</SchemaData></ExtendedData>
      <MultiGeometry><Polygon><outerBoundaryIs><LinearRing><coordinates>80.2172847,6.0267102 80.2177392,6.0267947 80.2177847,6.0265649 80.2173045,6.0264651 80.2172883,6.026542 80.2176066,6.0266081 80.2175883,6.026695 80.2173017,6.0266354 80.2172847,6.0267102</coordinates></LinearRing></outerBoundaryIs></Polygon></MultiGeometry>
  </Placemark>
  <Placemark id="buildings.755">
	<Style><LineStyle><color>ff0000ff</color></LineStyle><PolyStyle><fill>0</fill></PolyStyle></Style>
	<ExtendedData><SchemaData schemaUrl="#buildings">
		<SimpleData name="full_id">w616650234</SimpleData>
		<SimpleData name="osm_id">616650234</SimpleData>
		<SimpleData name="osm_type">way</SimpleData>
		<SimpleData name="building">yes</SimpleData>
	</SchemaData></ExtendedData>
      <MultiGeometry><Polygon><outerBoundaryIs><LinearRing><coordinates>80.2182779,6.0342111 80.2184069,6.0340773 80.2183309,6.0340048 80.2182019,6.0341386 80.2182779,6.0342111</coordinates></LinearRing></outerBoundaryIs></Polygon></MultiGeometry>
  </Placemark>
  <Placemark id="buildings.756">
	<name>Shiwa Hindu Temple</name>
	<Style><LineStyle><color>ff0000ff</color></LineStyle><PolyStyle><fill>0</fill></PolyStyle></Style>
	<ExtendedData><SchemaData schemaUrl="#buildings">
		<SimpleData name="full_id">w137493611</SimpleData>
		<SimpleData name="osm_id">137493611</SimpleData>
		<SimpleData name="osm_type">way</SimpleData>
		<SimpleData name="building">temple</SimpleData>
		<SimpleData name="image">https://photos.app.goo.gl/GKZFuuDErkrtiNNJ6</SimpleData>
		<SimpleData name="religion">hindu</SimpleData>
		<SimpleData name="amenity">place_of_worship</SimpleData>
	</SchemaData></ExtendedData>
      <MultiGeometry><Polygon><outerBoundaryIs><LinearRing><coordinates>80.2123068,6.0335031 80.2122963,6.0336376 80.2123518,6.0336369 80.2123533,6.0337398 80.2125041,6.033756 80.2126152,6.0337546 80.2126146,6.033706 80.2125533,6.0337067 80.2125527,6.0336631 80.2126233,6.0336622 80.2126226,6.0336096 80.2125576,6.0336104 80.212557,6.033564 80.2126283,6.0335632 80.2126277,6.0335184 80.2125787,6.033519 80.2125782,6.0334781 80.2125538,6.033433 80.212442,6.0334266 80.2123068,6.0335031</coordinates></LinearRing></outerBoundaryIs></Polygon></MultiGeometry>
  </Placemark>
  <Placemark id="buildings.757">
	<name>Shiwa Shiwa Hindu Temple</name>
	<Style><LineStyle><color>ff0000ff</color></LineStyle><PolyStyle><fill>0</fill></PolyStyle></Style>
	<ExtendedData><SchemaData schemaUrl="#buildings">
		<SimpleData name="full_id">w137493608</SimpleData>
		<SimpleData name="osm_id">137493608</SimpleData>
		<SimpleData name="osm_type">way</SimpleData>
		<SimpleData name="building">yes</SimpleData>
		<SimpleData name="religion">hindu</SimpleData>
		<SimpleData name="amenity">place_of_worship</SimpleData>
	</SchemaData></ExtendedData>
      <MultiGeometry><Polygon><outerBoundaryIs><LinearRing><coordinates>80.2117495,6.0345797 80.2118335,6.0347065 80.2117891,6.0347357 80.2118644,6.0348494 80.2120044,6.0347577 80.2119205,6.0346311 80.2118814,6.0346567 80.2118059,6.0345428 80.2117495,6.0345797</coordinates></LinearRing></outerBoundaryIs></Polygon></MultiGeometry>
  </Placemark>
  <Placemark id="buildings.758">
	<name>National Savigs Bank</name>
	<Style><LineStyle><color>ff0000ff</color></LineStyle><PolyStyle><fill>0</fill></PolyStyle></Style>
	<ExtendedData><SchemaData schemaUrl="#buildings">
		<SimpleData name="full_id">w137493567</SimpleData>
		<SimpleData name="osm_id">137493567</SimpleData>
		<SimpleData name="osm_type">way</SimpleData>
		<SimpleData name="building">yes</SimpleData>
	</SchemaData></ExtendedData>
      <MultiGeometry><Polygon><outerBoundaryIs><LinearRing><coordinates>80.2123111,6.0342809 80.2124436,6.0345181 80.212512,6.0344788 80.2125469,6.0344611 80.2124145,6.0342238 80.2123111,6.0342809</coordinates></LinearRing></outerBoundaryIs></Polygon></MultiGeometry>
  </Placemark>
  <Placemark id="buildings.759">
	<Style><LineStyle><color>ff0000ff</color></LineStyle><PolyStyle><fill>0</fill></PolyStyle></Style>
	<ExtendedData><SchemaData schemaUrl="#buildings">
		<SimpleData name="full_id">w137389501</SimpleData>
		<SimpleData name="osm_id">137389501</SimpleData>
		<SimpleData name="osm_type">way</SimpleData>
		<SimpleData name="building">yes</SimpleData>
	</SchemaData></ExtendedData>
      <MultiGeometry><Polygon><outerBoundaryIs><LinearRing><coordinates>80.2176721,6.0276058 80.2178516,6.0276341 80.2178811,6.0274506 80.2178156,6.0274402 80.2178462,6.0272495 80.2177322,6.0272316 80.2176721,6.0276058</coordinates></LinearRing></outerBoundaryIs></Polygon></MultiGeometry>
  </Placemark>
  <Placemark id="buildings.760">
	<name>Historical Mansion Museum</name>
	<Style><LineStyle><color>ff0000ff</color></LineStyle><PolyStyle><fill>0</fill></PolyStyle></Style>
	<ExtendedData><SchemaData schemaUrl="#buildings">
		<SimpleData name="full_id">w137309318</SimpleData>
		<SimpleData name="osm_id">137309318</SimpleData>
		<SimpleData name="osm_type">way</SimpleData>
		<SimpleData name="building">yes</SimpleData>
		<SimpleData name="tourism">museum</SimpleData>
		<SimpleData name="addr_stree">Leyn Baan Street</SimpleData>
		<SimpleData name="addr_city">Galle</SimpleData>
	</SchemaData></ExtendedData>
      <MultiGeometry><Polygon><outerBoundaryIs><LinearRing><coordinates>80.2185353,6.0266391 80.2187142,6.0266493 80.2187219,6.0265161 80.2185429,6.0265059 80.2185353,6.0266391</coordinates></LinearRing></outerBoundaryIs></Polygon></MultiGeometry>
  </Placemark>
  <Placemark id="buildings.761">
	<name>Fort Printers</name>
	<Style><LineStyle><color>ff0000ff</color></LineStyle><PolyStyle><fill>0</fill></PolyStyle></Style>
	<ExtendedData><SchemaData schemaUrl="#buildings">
		<SimpleData name="full_id">w137309217</SimpleData>
		<SimpleData name="osm_id">137309217</SimpleData>
		<SimpleData name="osm_type">way</SimpleData>
		<SimpleData name="building">yes</SimpleData>
		<SimpleData name="tourism">hotel</SimpleData>
	</SchemaData></ExtendedData>
      <MultiGeometry><Polygon><outerBoundaryIs><LinearRing><coordinates>80.2181124,6.0261361 80.2181214,6.0260238 80.2180122,6.0260152 80.2180261,6.0259363 80.2179376,6.0259216 80.2179058,6.0260942 80.2179143,6.0261115 80.2179326,6.0261218 80.2181124,6.0261361</coordinates></LinearRing></outerBoundaryIs></Polygon></MultiGeometry>
  </Placemark>
  <Placemark id="buildings.762">
	<Style><LineStyle><color>ff0000ff</color></LineStyle><PolyStyle><fill>0</fill></PolyStyle></Style>
	<ExtendedData><SchemaData schemaUrl="#buildings">
		<SimpleData name="full_id">w270523517</SimpleData>
		<SimpleData name="osm_id">270523517</SimpleData>
		<SimpleData name="osm_type">way</SimpleData>
		<SimpleData name="building">yes</SimpleData>
	</SchemaData></ExtendedData>
      <MultiGeometry><Polygon><outerBoundaryIs><LinearRing><coordinates>80.2161608,6.0265028 80.2163027,6.0265006 80.2163015,6.0264233 80.2161596,6.0264255 80.2161608,6.0265028</coordinates></LinearRing></outerBoundaryIs></Polygon></MultiGeometry>
  </Placemark>
  <Placemark id="buildings.763">
	<Style><LineStyle><color>ff0000ff</color></LineStyle><PolyStyle><fill>0</fill></PolyStyle></Style>
	<ExtendedData><SchemaData schemaUrl="#buildings">
		<SimpleData name="full_id">w270523516</SimpleData>
		<SimpleData name="osm_id">270523516</SimpleData>
		<SimpleData name="osm_type">way</SimpleData>
		<SimpleData name="building">yes</SimpleData>
		<SimpleData name="roof_shape">gabled</SimpleData>
		<SimpleData name="roof_heigh">1.42</SimpleData>
	</SchemaData></ExtendedData>
      <MultiGeometry><Polygon><outerBoundaryIs><LinearRing><coordinates>80.2172084,6.0245428 80.2172071,6.0245456 80.217094,6.0244932 80.2170635,6.0245582 80.217267,6.0246525 80.2173004,6.0245812 80.217255,6.0245602 80.2172534,6.0245637 80.2172084,6.0245428</coordinates></LinearRing></outerBoundaryIs></Polygon></MultiGeometry>
  </Placemark>
  <Placemark id="buildings.764">
	<Style><LineStyle><color>ff0000ff</color></LineStyle><PolyStyle><fill>0</fill></PolyStyle></Style>
	<ExtendedData><SchemaData schemaUrl="#buildings">
		<SimpleData name="full_id">w616650242</SimpleData>
		<SimpleData name="osm_id">616650242</SimpleData>
		<SimpleData name="osm_type">way</SimpleData>
		<SimpleData name="building">yes</SimpleData>
	</SchemaData></ExtendedData>
      <MultiGeometry><Polygon><outerBoundaryIs><LinearRing><coordinates>80.2182686,6.0340033 80.2182341,6.0339718 80.218122,6.0340932 80.2181564,6.0341247 80.2182686,6.0340033</coordinates></LinearRing></outerBoundaryIs></Polygon></MultiGeometry>
  </Placemark>
  <Placemark id="buildings.765">
	<Style><LineStyle><color>ff0000ff</color></LineStyle><PolyStyle><fill>0</fill></PolyStyle></Style>
	<ExtendedData><SchemaData schemaUrl="#buildings">
		<SimpleData name="full_id">w269108349</SimpleData>
		<SimpleData name="osm_id">269108349</SimpleData>
		<SimpleData name="osm_type">way</SimpleData>
		<SimpleData name="building">yes</SimpleData>
	</SchemaData></ExtendedData>
      <MultiGeometry><Polygon><outerBoundaryIs><LinearRing><coordinates>80.2189435,6.0254743 80.2192413,6.0254672 80.2192414,6.025391 80.218947,6.0253867 80.2189435,6.0254743</coordinates></LinearRing></outerBoundaryIs></Polygon></MultiGeometry>
  </Placemark>
  <Placemark id="buildings.766">
	<Style><LineStyle><color>ff0000ff</color></LineStyle><PolyStyle><fill>0</fill></PolyStyle></Style>
	<ExtendedData><SchemaData schemaUrl="#buildings">
		<SimpleData name="full_id">w616650241</SimpleData>
		<SimpleData name="osm_id">616650241</SimpleData>
		<SimpleData name="osm_type">way</SimpleData>
		<SimpleData name="building">yes</SimpleData>
	</SchemaData></ExtendedData>
      <MultiGeometry><Polygon><outerBoundaryIs><LinearRing><coordinates>80.2181125,6.0340146 80.2181527,6.0340486 80.2182301,6.0339582 80.2181899,6.0339242 80.2181125,6.0340146</coordinates></LinearRing></outerBoundaryIs></Polygon></MultiGeometry>
  </Placemark>
  <Placemark id="buildings.767">
	<Style><LineStyle><color>ff0000ff</color></LineStyle><PolyStyle><fill>0</fill></PolyStyle></Style>
	<ExtendedData><SchemaData schemaUrl="#buildings">
		<SimpleData name="full_id">w269108348</SimpleData>
		<SimpleData name="osm_id">269108348</SimpleData>
		<SimpleData name="osm_type">way</SimpleData>
		<SimpleData name="building">yes</SimpleData>
	</SchemaData></ExtendedData>
      <MultiGeometry><Polygon><outerBoundaryIs><LinearRing><coordinates>80.2192026,6.025294 80.2193458,6.0252998 80.2193384,6.0252272 80.2192034,6.0252237 80.2192026,6.025294</coordinates></LinearRing></outerBoundaryIs></Polygon></MultiGeometry>
  </Placemark>
  <Placemark id="buildings.768">
	<Style><LineStyle><color>ff0000ff</color></LineStyle><PolyStyle><fill>0</fill></PolyStyle></Style>
	<ExtendedData><SchemaData schemaUrl="#buildings">
		<SimpleData name="full_id">w616650240</SimpleData>
		<SimpleData name="osm_id">616650240</SimpleData>
		<SimpleData name="osm_type">way</SimpleData>
		<SimpleData name="building">yes</SimpleData>
	</SchemaData></ExtendedData>
      <MultiGeometry><Polygon><outerBoundaryIs><LinearRing><coordinates>80.2180167,6.0339721 80.2180452,6.033995 80.2181439,6.0338737 80.2181154,6.0338507 80.2180167,6.0339721</coordinates></LinearRing></outerBoundaryIs></Polygon></MultiGeometry>
  </Placemark>
  <Placemark id="buildings.769">
	<Style><LineStyle><color>ff0000ff</color></LineStyle><PolyStyle><fill>0</fill></PolyStyle></Style>
	<ExtendedData><SchemaData schemaUrl="#buildings">
		<SimpleData name="full_id">w269108346</SimpleData>
		<SimpleData name="osm_id">269108346</SimpleData>
		<SimpleData name="osm_type">way</SimpleData>
		<SimpleData name="building">yes</SimpleData>
	</SchemaData></ExtendedData>
      <MultiGeometry><Polygon><outerBoundaryIs><LinearRing><coordinates>80.2189465,6.0253834 80.2193476,6.0253907 80.2193477,6.025304 80.218949,6.0252929 80.2189465,6.0253834</coordinates></LinearRing></outerBoundaryIs></Polygon></MultiGeometry>
  </Placemark>
  <Placemark id="buildings.770">
	<Style><LineStyle><color>ff0000ff</color></LineStyle><PolyStyle><fill>0</fill></PolyStyle></Style>
	<ExtendedData><SchemaData schemaUrl="#buildings">
		<SimpleData name="full_id">w616650239</SimpleData>
		<SimpleData name="osm_id">616650239</SimpleData>
		<SimpleData name="osm_type">way</SimpleData>
		<SimpleData name="building">yes</SimpleData>
	</SchemaData></ExtendedData>
      <MultiGeometry><Polygon><outerBoundaryIs><LinearRing><coordinates>80.2180612,6.0339908 80.2180949,6.0340168 80.2181782,6.0339096 80.2181444,6.0338837 80.2180612,6.0339908</coordinates></LinearRing></outerBoundaryIs></Polygon></MultiGeometry>
  </Placemark>
  <Placemark id="buildings.771">
	<name>Sri Lanka Telecom, Galle branch</name>
	<Style><LineStyle><color>ff0000ff</color></LineStyle><PolyStyle><fill>0</fill></PolyStyle></Style>
	<ExtendedData><SchemaData schemaUrl="#buildings">
		<SimpleData name="full_id">w161107282</SimpleData>
		<SimpleData name="osm_id">161107282</SimpleData>
		<SimpleData name="osm_type">way</SimpleData>
		<SimpleData name="building">yes</SimpleData>
	</SchemaData></ExtendedData>
      <MultiGeometry><Polygon><outerBoundaryIs><LinearRing><coordinates>80.2175126,6.035363 80.2174527,6.0355798 80.2177369,6.0356576 80.2177717,6.0355317 80.2178091,6.0355419 80.2178442,6.0354151 80.2176799,6.0353702 80.21767,6.0354061 80.2175126,6.035363</coordinates></LinearRing></outerBoundaryIs></Polygon></MultiGeometry>
  </Placemark>
  <Placemark id="buildings.772">
	<Style><LineStyle><color>ff0000ff</color></LineStyle><PolyStyle><fill>0</fill></PolyStyle></Style>
	<ExtendedData><SchemaData schemaUrl="#buildings">
		<SimpleData name="full_id">w616650238</SimpleData>
		<SimpleData name="osm_id">616650238</SimpleData>
		<SimpleData name="osm_type">way</SimpleData>
		<SimpleData name="building">yes</SimpleData>
	</SchemaData></ExtendedData>
      <MultiGeometry><Polygon><outerBoundaryIs><LinearRing><coordinates>80.2180057,6.0346829 80.218149,6.0344835 80.2180222,6.0343934 80.2179753,6.0344587 80.2180154,6.0344872 80.2179566,6.034569 80.2179103,6.034536 80.2178727,6.0345883 80.2180057,6.0346829</coordinates></LinearRing></outerBoundaryIs></Polygon></MultiGeometry>
  </Placemark>
  <Placemark id="buildings.773">
	<name>Galle Library</name>
	<Style><LineStyle><color>ff0000ff</color></LineStyle><PolyStyle><fill>0</fill></PolyStyle></Style>
	<ExtendedData><SchemaData schemaUrl="#buildings">
		<SimpleData name="full_id">w143037734</SimpleData>
		<SimpleData name="osm_id">143037734</SimpleData>
		<SimpleData name="osm_type">way</SimpleData>
		<SimpleData name="building">yes</SimpleData>
		<SimpleData name="addr_stree">Church Street</SimpleData>
		<SimpleData name="addr_city">Galle</SimpleData>
		<SimpleData name="amenity">library</SimpleData>
	</SchemaData></ExtendedData>
      <MultiGeometry><Polygon><outerBoundaryIs><LinearRing><coordinates>80.2173296,6.0281327 80.217385,6.0279972 80.2172817,6.0279555 80.2172452,6.0280449 80.2172264,6.028091 80.2173096,6.0281247 80.2173296,6.0281327</coordinates></LinearRing></outerBoundaryIs></Polygon></MultiGeometry>
  </Placemark>
  <Placemark id="buildings.774">
	<Style><LineStyle><color>ff0000ff</color></LineStyle><PolyStyle><fill>0</fill></PolyStyle></Style>
	<ExtendedData><SchemaData schemaUrl="#buildings">
		<SimpleData name="full_id">w616650237</SimpleData>
		<SimpleData name="osm_id">616650237</SimpleData>
		<SimpleData name="osm_type">way</SimpleData>
		<SimpleData name="building">yes</SimpleData>
	</SchemaData></ExtendedData>
      <MultiGeometry><Polygon><outerBoundaryIs><LinearRing><coordinates>80.2182128,6.0344533 80.2182836,6.0343634 80.2182179,6.0343121 80.2182048,6.0343288 80.2181521,6.0342877 80.2180944,6.034361 80.2182128,6.0344533</coordinates></LinearRing></outerBoundaryIs></Polygon></MultiGeometry>
  </Placemark>
  <Placemark id="buildings.775">
	<name>Aroosiyathul Qadiriyaa Taikka</name>
	<Style><LineStyle><color>ff0000ff</color></LineStyle><PolyStyle><fill>0</fill></PolyStyle></Style>
	<ExtendedData><SchemaData schemaUrl="#buildings">
		<SimpleData name="full_id">w138623967</SimpleData>
		<SimpleData name="osm_id">138623967</SimpleData>
		<SimpleData name="osm_type">way</SimpleData>
		<SimpleData name="building">mosque</SimpleData>
		<SimpleData name="building_l">2</SimpleData>
		<SimpleData name="religion">muslim</SimpleData>
		<SimpleData name="amenity">place_of_worship</SimpleData>
	</SchemaData></ExtendedData>
      <MultiGeometry><Polygon><outerBoundaryIs><LinearRing><coordinates>80.2178836,6.0259041 80.2178942,6.0258493 80.2178106,6.0258333 80.2178,6.0258881 80.2178836,6.0259041</coordinates></LinearRing></outerBoundaryIs></Polygon></MultiGeometry>
  </Placemark>
  <Placemark id="buildings.776">
	<Style><LineStyle><color>ff0000ff</color></LineStyle><PolyStyle><fill>0</fill></PolyStyle></Style>
	<ExtendedData><SchemaData schemaUrl="#buildings">
		<SimpleData name="full_id">w616650236</SimpleData>
		<SimpleData name="osm_id">616650236</SimpleData>
		<SimpleData name="osm_type">way</SimpleData>
		<SimpleData name="building">yes</SimpleData>
	</SchemaData></ExtendedData>
      <MultiGeometry><Polygon><outerBoundaryIs><LinearRing><coordinates>80.2181507,6.0342489 80.2183014,6.0343522 80.2183344,6.0343047 80.2181837,6.0342014 80.2181507,6.0342489</coordinates></LinearRing></outerBoundaryIs></Polygon></MultiGeometry>
  </Placemark>
  <Placemark id="buildings.777">
	<Style><LineStyle><color>ff0000ff</color></LineStyle><PolyStyle><fill>0</fill></PolyStyle></Style>
	<ExtendedData><SchemaData schemaUrl="#buildings">
		<SimpleData name="full_id">w270523528</SimpleData>
		<SimpleData name="osm_id">270523528</SimpleData>
		<SimpleData name="osm_type">way</SimpleData>
		<SimpleData name="building">yes</SimpleData>
	</SchemaData></ExtendedData>
      <MultiGeometry><Polygon><outerBoundaryIs><LinearRing><coordinates>80.2169534,6.0267462 80.2169203,6.0268577 80.2170074,6.0268832 80.2170404,6.0267717 80.2169534,6.0267462</coordinates></LinearRing></outerBoundaryIs></Polygon></MultiGeometry>
  </Placemark>
  <Placemark id="buildings.778">
	<Style><LineStyle><color>ff0000ff</color></LineStyle><PolyStyle><fill>0</fill></PolyStyle></Style>
	<ExtendedData><SchemaData schemaUrl="#buildings">
		<SimpleData name="full_id">w616650235</SimpleData>
		<SimpleData name="osm_id">616650235</SimpleData>
		<SimpleData name="osm_type">way</SimpleData>
		<SimpleData name="building">yes</SimpleData>
	</SchemaData></ExtendedData>
      <MultiGeometry><Polygon><outerBoundaryIs><LinearRing><coordinates>80.2183921,6.0342577 80.2184921,6.0341618 80.2184607,6.0341294 80.2184452,6.0341443 80.2184086,6.0341065 80.2183241,6.0341876 80.2183921,6.0342577</coordinates></LinearRing></outerBoundaryIs></Polygon></MultiGeometry>
  </Placemark>
  <Placemark id="buildings.779">
	<Style><LineStyle><color>ff0000ff</color></LineStyle><PolyStyle><fill>0</fill></PolyStyle></Style>
	<ExtendedData><SchemaData schemaUrl="#buildings">
		<SimpleData name="full_id">w270523527</SimpleData>
		<SimpleData name="osm_id">270523527</SimpleData>
		<SimpleData name="osm_type">way</SimpleData>
		<SimpleData name="building">yes</SimpleData>
	</SchemaData></ExtendedData>
      <MultiGeometry><Polygon><outerBoundaryIs><LinearRing><coordinates>80.2166053,6.0265912 80.2166297,6.0265945 80.2167518,6.0266112 80.2167697,6.0264817 80.2166232,6.0264617 80.2166053,6.0265912</coordinates></LinearRing></outerBoundaryIs></Polygon></MultiGeometry>
  </Placemark>
  <Placemark id="buildings.780">
	<name>Unknown Number Residence</name>
	<Style><LineStyle><color>ff0000ff</color></LineStyle><PolyStyle><fill>0</fill></PolyStyle></Style>
	<ExtendedData><SchemaData schemaUrl="#buildings">
		<SimpleData name="full_id">w1338550764</SimpleData>
		<SimpleData name="osm_id">1338550764</SimpleData>
		<SimpleData name="osm_type">way</SimpleData>
		<SimpleData name="building">house</SimpleData>
	</SchemaData></ExtendedData>
      <MultiGeometry><Polygon><outerBoundaryIs><LinearRing><coordinates>80.2187586,6.0273255 80.2187718,6.0269566 80.218553,6.0269646 80.2184036,6.0269655 80.2183932,6.0270162 80.218553,6.0270268 80.218587,6.0270748 80.218485,6.0270713 80.2184332,6.0270873 80.2184615,6.027137 80.2184886,6.0271531 80.218612,6.0271673 80.2186138,6.0272793 80.218455,6.0272625 80.218452,6.0273198 80.2186191,6.0273255 80.2187586,6.0273255</coordinates></LinearRing></outerBoundaryIs></Polygon></MultiGeometry>
  </Placemark>
  <Placemark id="buildings.781">
	<Style><LineStyle><color>ff0000ff</color></LineStyle><PolyStyle><fill>0</fill></PolyStyle></Style>
	<ExtendedData><SchemaData schemaUrl="#buildings">
		<SimpleData name="full_id">w270523526</SimpleData>
		<SimpleData name="osm_id">270523526</SimpleData>
		<SimpleData name="osm_type">way</SimpleData>
		<SimpleData name="building">yes</SimpleData>
	</SchemaData></ExtendedData>
      <MultiGeometry><Polygon><outerBoundaryIs><LinearRing><coordinates>80.2161718,6.0261253 80.2162419,6.0261336 80.2162733,6.0260002 80.2161823,6.025979 80.2161718,6.0261253</coordinates></LinearRing></outerBoundaryIs></Polygon></MultiGeometry>
  </Placemark>
  <Placemark id="buildings.782">
	<Style><LineStyle><color>ff0000ff</color></LineStyle><PolyStyle><fill>0</fill></PolyStyle></Style>
	<ExtendedData><SchemaData schemaUrl="#buildings">
		<SimpleData name="full_id">w1334480882</SimpleData>
		<SimpleData name="osm_id">1334480882</SimpleData>
		<SimpleData name="osm_type">way</SimpleData>
		<SimpleData name="building">yes</SimpleData>
	</SchemaData></ExtendedData>
      <MultiGeometry><Polygon><outerBoundaryIs><LinearRing><coordinates>80.2166344,6.0261899 80.2167701,6.0262226 80.2167638,6.0262482 80.2168446,6.0262676 80.2168753,6.0261416 80.2166589,6.0260895 80.2166344,6.0261899</coordinates></LinearRing></outerBoundaryIs></Polygon></MultiGeometry>
  </Placemark>
  <Placemark id="buildings.783">
	<Style><LineStyle><color>ff0000ff</color></LineStyle><PolyStyle><fill>0</fill></PolyStyle></Style>
	<ExtendedData><SchemaData schemaUrl="#buildings">
		<SimpleData name="full_id">w270523524</SimpleData>
		<SimpleData name="osm_id">270523524</SimpleData>
		<SimpleData name="osm_type">way</SimpleData>
		<SimpleData name="building">yes</SimpleData>
	</SchemaData></ExtendedData>
      <MultiGeometry><Polygon><outerBoundaryIs><LinearRing><coordinates>80.2164748,6.0255572 80.216661,6.0256058 80.2166772,6.0255444 80.2164909,6.0254958 80.2164748,6.0255572</coordinates></LinearRing></outerBoundaryIs></Polygon></MultiGeometry>
  </Placemark>
  <Placemark id="buildings.784">
	<Style><LineStyle><color>ff0000ff</color></LineStyle><PolyStyle><fill>0</fill></PolyStyle></Style>
	<ExtendedData><SchemaData schemaUrl="#buildings">
		<SimpleData name="full_id">w1334278165</SimpleData>
		<SimpleData name="osm_id">1334278165</SimpleData>
		<SimpleData name="osm_type">way</SimpleData>
		<SimpleData name="building">yes</SimpleData>
	</SchemaData></ExtendedData>
      <MultiGeometry><Polygon><outerBoundaryIs><LinearRing><coordinates>80.215804,6.0346346 80.215814,6.0344482 80.2156063,6.0344372 80.2155963,6.0346236 80.215804,6.0346346</coordinates></LinearRing></outerBoundaryIs></Polygon></MultiGeometry>
  </Placemark>
  <Placemark id="buildings.785">
	<Style><LineStyle><color>ff0000ff</color></LineStyle><PolyStyle><fill>0</fill></PolyStyle></Style>
	<ExtendedData><SchemaData schemaUrl="#buildings">
		<SimpleData name="full_id">w270523523</SimpleData>
		<SimpleData name="osm_id">270523523</SimpleData>
		<SimpleData name="osm_type">way</SimpleData>
		<SimpleData name="building">yes</SimpleData>
	</SchemaData></ExtendedData>
      <MultiGeometry><Polygon><outerBoundaryIs><LinearRing><coordinates>80.2166911,6.026915 80.2168636,6.0269682 80.2168888,6.0268878 80.2167162,6.0268345 80.2166911,6.026915</coordinates></LinearRing></outerBoundaryIs></Polygon></MultiGeometry>
  </Placemark>
  <Placemark id="buildings.786">
	<Style><LineStyle><color>ff0000ff</color></LineStyle><PolyStyle><fill>0</fill></PolyStyle></Style>
	<ExtendedData><SchemaData schemaUrl="#buildings">
		<SimpleData name="full_id">w1334255264</SimpleData>
		<SimpleData name="osm_id">1334255264</SimpleData>
		<SimpleData name="osm_type">way</SimpleData>
		<SimpleData name="building">yes</SimpleData>
	</SchemaData></ExtendedData>
      <MultiGeometry><Polygon><outerBoundaryIs><LinearRing><coordinates>80.2173864,6.0352507 80.2172008,6.035131 80.2170527,6.0353581 80.2171624,6.0354289 80.217127,6.0354832 80.2172029,6.0355321 80.2173864,6.0352507</coordinates></LinearRing></outerBoundaryIs></Polygon></MultiGeometry>
  </Placemark>
  <Placemark id="buildings.787">
	<Style><LineStyle><color>ff0000ff</color></LineStyle><PolyStyle><fill>0</fill></PolyStyle></Style>
	<ExtendedData><SchemaData schemaUrl="#buildings">
		<SimpleData name="full_id">w270523522</SimpleData>
		<SimpleData name="osm_id">270523522</SimpleData>
		<SimpleData name="osm_type">way</SimpleData>
		<SimpleData name="building">yes</SimpleData>
	</SchemaData></ExtendedData>
      <MultiGeometry><Polygon><outerBoundaryIs><LinearRing><coordinates>80.2164886,6.0254597 80.21653,6.0254725 80.2165558,6.0253897 80.2165144,6.0253769 80.2164886,6.0254597</coordinates></LinearRing></outerBoundaryIs></Polygon></MultiGeometry>
  </Placemark>
  <Placemark id="buildings.788">
	<Style><LineStyle><color>ff0000ff</color></LineStyle><PolyStyle><fill>0</fill></PolyStyle></Style>
	<ExtendedData><SchemaData schemaUrl="#buildings">
		<SimpleData name="full_id">w1273787174</SimpleData>
		<SimpleData name="osm_id">1273787174</SimpleData>
		<SimpleData name="osm_type">way</SimpleData>
		<SimpleData name="building">yes</SimpleData>
	</SchemaData></ExtendedData>
      <MultiGeometry><Polygon><outerBoundaryIs><LinearRing><coordinates>80.2185542,6.0345587 80.2186697,6.0346596 80.2187468,6.0345723 80.2186314,6.0344714 80.2185542,6.0345587</coordinates></LinearRing></outerBoundaryIs></Polygon></MultiGeometry>
  </Placemark>
  <Placemark id="buildings.789">
	<Style><LineStyle><color>ff0000ff</color></LineStyle><PolyStyle><fill>0</fill></PolyStyle></Style>
	<ExtendedData><SchemaData schemaUrl="#buildings">
		<SimpleData name="full_id">w270523521</SimpleData>
		<SimpleData name="osm_id">270523521</SimpleData>
		<SimpleData name="osm_type">way</SimpleData>
		<SimpleData name="building">yes</SimpleData>
	</SchemaData></ExtendedData>
      <MultiGeometry><Polygon><outerBoundaryIs><LinearRing><coordinates>80.2169303,6.0246773 80.2172282,6.0247906 80.2172532,6.0247007 80.2169855,6.024606 80.2169303,6.0246773</coordinates></LinearRing></outerBoundaryIs></Polygon></MultiGeometry>
  </Placemark>
  <Placemark id="buildings.790">
	<Style><LineStyle><color>ff0000ff</color></LineStyle><PolyStyle><fill>0</fill></PolyStyle></Style>
	<ExtendedData><SchemaData schemaUrl="#buildings">
		<SimpleData name="full_id">w1216077949</SimpleData>
		<SimpleData name="osm_id">1216077949</SimpleData>
		<SimpleData name="osm_type">way</SimpleData>
		<SimpleData name="building">government</SimpleData>
	</SchemaData></ExtendedData>
      <MultiGeometry><Polygon><outerBoundaryIs><LinearRing><coordinates>80.2162725,6.0338327 80.2163476,6.0338194 80.2163368,6.033762 80.2162671,6.0337727 80.2162725,6.0338327</coordinates></LinearRing></outerBoundaryIs></Polygon></MultiGeometry>
  </Placemark>
  <Placemark id="buildings.791">
	<Style><LineStyle><color>ff0000ff</color></LineStyle><PolyStyle><fill>0</fill></PolyStyle></Style>
	<ExtendedData><SchemaData schemaUrl="#buildings">
		<SimpleData name="full_id">w270523519</SimpleData>
		<SimpleData name="osm_id">270523519</SimpleData>
		<SimpleData name="osm_type">way</SimpleData>
		<SimpleData name="building">yes</SimpleData>
	</SchemaData></ExtendedData>
      <MultiGeometry><Polygon><outerBoundaryIs><LinearRing><coordinates>80.2166956,6.0258466 80.2169474,6.025909 80.2169774,6.0257891 80.2169311,6.0257776 80.216857,6.0257592 80.2168421,6.0258187 80.2167107,6.0257862 80.2166956,6.0258466</coordinates></LinearRing></outerBoundaryIs></Polygon></MultiGeometry>
  </Placemark>
  <Placemark id="buildings.792">
	<Style><LineStyle><color>ff0000ff</color></LineStyle><PolyStyle><fill>0</fill></PolyStyle></Style>
	<ExtendedData><SchemaData schemaUrl="#buildings">
		<SimpleData name="full_id">w1207954225</SimpleData>
		<SimpleData name="osm_id">1207954225</SimpleData>
		<SimpleData name="osm_type">way</SimpleData>
		<SimpleData name="building">storage_tank</SimpleData>
	</SchemaData></ExtendedData>
      <MultiGeometry><Polygon><outerBoundaryIs><LinearRing><coordinates>80.2139765,6.0326736 80.2140148,6.032674 80.2140472,6.0326538 80.2140635,6.0326193 80.2140584,6.0325816 80.2140337,6.0325526 80.2139971,6.0325415 80.2139602,6.0325518 80.2139349,6.0325803 80.213929,6.0326179 80.2139446,6.0326527 80.2139765,6.0326736</coordinates></LinearRing></outerBoundaryIs></Polygon></MultiGeometry>
  </Placemark>
  <Placemark id="buildings.793">
	<Style><LineStyle><color>ff0000ff</color></LineStyle><PolyStyle><fill>0</fill></PolyStyle></Style>
	<ExtendedData><SchemaData schemaUrl="#buildings">
		<SimpleData name="full_id">w398162496</SimpleData>
		<SimpleData name="osm_id">398162496</SimpleData>
		<SimpleData name="osm_type">way</SimpleData>
		<SimpleData name="building">yes</SimpleData>
	</SchemaData></ExtendedData>
      <MultiGeometry><Polygon><outerBoundaryIs><LinearRing><coordinates>80.2171891,6.0255849 80.217173,6.0256525 80.2173666,6.0256981 80.2173827,6.0256305 80.2171891,6.0255849</coordinates></LinearRing></outerBoundaryIs></Polygon></MultiGeometry>
  </Placemark>
  <Placemark id="buildings.794">
	<Style><LineStyle><color>ff0000ff</color></LineStyle><PolyStyle><fill>0</fill></PolyStyle></Style>
	<ExtendedData><SchemaData schemaUrl="#buildings">
		<SimpleData name="full_id">w1207951478</SimpleData>
		<SimpleData name="osm_id">1207951478</SimpleData>
		<SimpleData name="osm_type">way</SimpleData>
		<SimpleData name="building">hut</SimpleData>
	</SchemaData></ExtendedData>
      <MultiGeometry><Polygon><outerBoundaryIs><LinearRing><coordinates>80.215508,6.0325697 80.2155952,6.032555 80.2155791,6.0325017 80.2155013,6.0325004 80.215508,6.0325697</coordinates></LinearRing></outerBoundaryIs></Polygon></MultiGeometry>
  </Placemark>
  <Placemark id="buildings.795">
	<Style><LineStyle><color>ff0000ff</color></LineStyle><PolyStyle><fill>0</fill></PolyStyle></Style>
	<ExtendedData><SchemaData schemaUrl="#buildings">
		<SimpleData name="full_id">w398162495</SimpleData>
		<SimpleData name="osm_id">398162495</SimpleData>
		<SimpleData name="osm_type">way</SimpleData>
		<SimpleData name="building">house</SimpleData>
		<SimpleData name="roof_shape">gabled</SimpleData>
		<SimpleData name="roof_heigh">1.51</SimpleData>
		<SimpleData name="height">5.13</SimpleData>
	</SchemaData></ExtendedData>
      <MultiGeometry><Polygon><outerBoundaryIs><LinearRing><coordinates>80.2180828,6.024947 80.2182377,6.0249713 80.2183367,6.0249868 80.2183423,6.024938 80.2182274,6.0249199 80.218091,6.0248984 80.2180828,6.024947</coordinates></LinearRing></outerBoundaryIs></Polygon></MultiGeometry>
  </Placemark>
  <Placemark id="buildings.796">
	<Style><LineStyle><color>ff0000ff</color></LineStyle><PolyStyle><fill>0</fill></PolyStyle></Style>
	<ExtendedData><SchemaData schemaUrl="#buildings">
		<SimpleData name="full_id">w1547904290</SimpleData>
		<SimpleData name="osm_id">1547904290</SimpleData>
		<SimpleData name="osm_type">way</SimpleData>
		<SimpleData name="building">yes</SimpleData>
	</SchemaData></ExtendedData>
      <MultiGeometry><Polygon><outerBoundaryIs><LinearRing><coordinates>80.2167906,6.0248143 80.2168228,6.0248445 80.2169194,6.0247485 80.216889,6.0247076 80.2167906,6.0248143</coordinates></LinearRing></outerBoundaryIs></Polygon></MultiGeometry>
  </Placemark>
  <Placemark id="buildings.797">
	<name>Ladies Prayer Hall</name>
	<Style><LineStyle><color>ff0000ff</color></LineStyle><PolyStyle><fill>0</fill></PolyStyle></Style>
	<ExtendedData><SchemaData schemaUrl="#buildings">
		<SimpleData name="full_id">w398160989</SimpleData>
		<SimpleData name="osm_id">398160989</SimpleData>
		<SimpleData name="osm_type">way</SimpleData>
		<SimpleData name="building">yes</SimpleData>
		<SimpleData name="roof_colou">#800000</SimpleData>
		<SimpleData name="roof_shape">gabled</SimpleData>
		<SimpleData name="roof_heigh">1.04</SimpleData>
		<SimpleData name="height">3.94</SimpleData>
		<SimpleData name="building_l">1</SimpleData>
	</SchemaData></ExtendedData>
      <MultiGeometry><Polygon><outerBoundaryIs><LinearRing><coordinates>80.2185601,6.0245453 80.2185784,6.0244661 80.2185298,6.0244555 80.2185117,6.0245337 80.2185601,6.0245453</coordinates></LinearRing></outerBoundaryIs></Polygon></MultiGeometry>
  </Placemark>
  <Placemark id="buildings.798">
	<Style><LineStyle><color>ff0000ff</color></LineStyle><PolyStyle><fill>0</fill></PolyStyle></Style>
	<ExtendedData><SchemaData schemaUrl="#buildings">
		<SimpleData name="full_id">w1547904289</SimpleData>
		<SimpleData name="osm_id">1547904289</SimpleData>
		<SimpleData name="osm_type">way</SimpleData>
		<SimpleData name="building">yes</SimpleData>
	</SchemaData></ExtendedData>
      <MultiGeometry><Polygon><outerBoundaryIs><LinearRing><coordinates>80.2174972,6.0264945 80.2176694,6.0265309 80.2176733,6.0264758 80.217512,6.0264472 80.2174972,6.0264945</coordinates></LinearRing></outerBoundaryIs></Polygon></MultiGeometry>
  </Placemark>
  <Placemark id="buildings.799">
	<name>Rent Rooms of The Mosque</name>
	<Style><LineStyle><color>ff0000ff</color></LineStyle><PolyStyle><fill>0</fill></PolyStyle></Style>
	<ExtendedData><SchemaData schemaUrl="#buildings">
		<SimpleData name="full_id">w398160987</SimpleData>
		<SimpleData name="osm_id">398160987</SimpleData>
		<SimpleData name="osm_type">way</SimpleData>
		<SimpleData name="building">yes</SimpleData>
		<SimpleData name="roof_colou">#800000</SimpleData>
		<SimpleData name="roof_shape">gabled</SimpleData>
		<SimpleData name="roof_heigh">1.75</SimpleData>
		<SimpleData name="tourism">guest_house</SimpleData>
		<SimpleData name="building_l">2</SimpleData>
	</SchemaData></ExtendedData>
      <MultiGeometry><Polygon><outerBoundaryIs><LinearRing><coordinates>80.2184724,6.0247135 80.2185462,6.0247289 80.2185653,6.024644 80.2185562,6.024642 80.2185734,6.0245503 80.2185108,6.0245358 80.2184724,6.0247135</coordinates></LinearRing></outerBoundaryIs></Polygon></MultiGeometry>
  </Placemark>
  <Placemark id="buildings.800">
	<Style><LineStyle><color>ff0000ff</color></LineStyle><PolyStyle><fill>0</fill></PolyStyle></Style>
	<ExtendedData><SchemaData schemaUrl="#buildings">
		<SimpleData name="full_id">w1484119963</SimpleData>
		<SimpleData name="osm_id">1484119963</SimpleData>
		<SimpleData name="osm_type">way</SimpleData>
		<SimpleData name="building">yes</SimpleData>
	</SchemaData></ExtendedData>
      <MultiGeometry><Polygon><outerBoundaryIs><LinearRing><coordinates>80.2192289,6.026672 80.2192966,6.0266706 80.2192946,6.0265773 80.219227,6.0265787 80.2192289,6.026672</coordinates></LinearRing></outerBoundaryIs></Polygon></MultiGeometry>
  </Placemark>
  <Placemark id="buildings.801">
	<Style><LineStyle><color>ff0000ff</color></LineStyle><PolyStyle><fill>0</fill></PolyStyle></Style>
	<ExtendedData><SchemaData schemaUrl="#buildings">
		<SimpleData name="full_id">w398158902</SimpleData>
		<SimpleData name="osm_id">398158902</SimpleData>
		<SimpleData name="osm_type">way</SimpleData>
		<SimpleData name="building">yes</SimpleData>
	</SchemaData></ExtendedData>
      <MultiGeometry><Polygon><outerBoundaryIs><LinearRing><coordinates>80.2164586,6.027082 80.2165909,6.0271181 80.2166331,6.0269652 80.2165008,6.026929 80.2164586,6.027082</coordinates></LinearRing></outerBoundaryIs></Polygon></MultiGeometry>
  </Placemark>
  <Placemark id="buildings.802">
	<Style><LineStyle><color>ff0000ff</color></LineStyle><PolyStyle><fill>0</fill></PolyStyle></Style>
	<ExtendedData><SchemaData schemaUrl="#buildings">
		<SimpleData name="full_id">w1482556787</SimpleData>
		<SimpleData name="osm_id">1482556787</SimpleData>
		<SimpleData name="osm_type">way</SimpleData>
		<SimpleData name="building">house</SimpleData>
	</SchemaData></ExtendedData>
      <MultiGeometry><Polygon><outerBoundaryIs><LinearRing><coordinates>80.2172217,6.0254502 80.2172458,6.0253287 80.2171559,6.0253084 80.217122,6.025447 80.2172086,6.0254665 80.2172217,6.0254502</coordinates></LinearRing></outerBoundaryIs></Polygon></MultiGeometry>
  </Placemark>
  <Placemark id="buildings.803">
	<name>Deco on 44</name>
	<Style><LineStyle><color>ff0000ff</color></LineStyle><PolyStyle><fill>0</fill></PolyStyle></Style>
	<ExtendedData><SchemaData schemaUrl="#buildings">
		<SimpleData name="full_id">w398158901</SimpleData>
		<SimpleData name="osm_id">398158901</SimpleData>
		<SimpleData name="osm_type">way</SimpleData>
		<SimpleData name="building">yes</SimpleData>
		<SimpleData name="phone">+94 91 2 225773</SimpleData>
		<SimpleData name="website">decoon44.com</SimpleData>
		<SimpleData name="addr_postc">80000</SimpleData>
		<SimpleData name="addr_hou_1">44</SimpleData>
		<SimpleData name="tourism">hotel</SimpleData>
		<SimpleData name="alt_name">Deco on Forty Four</SimpleData>
		<SimpleData name="addr_stree">Lighthouse Street</SimpleData>
		<SimpleData name="addr_city">Galle</SimpleData>
	</SchemaData></ExtendedData>
      <MultiGeometry><Polygon><outerBoundaryIs><LinearRing><coordinates>80.2165518,6.0268441 80.2165851,6.0267289 80.2164942,6.0267029 80.216489,6.0267209 80.2164058,6.0266971 80.216385,6.0267692 80.2164045,6.026802 80.2165518,6.0268441</coordinates></LinearRing></outerBoundaryIs></Polygon></MultiGeometry>
  </Placemark>
  <Placemark id="buildings.804">
	<Style><LineStyle><color>ff0000ff</color></LineStyle><PolyStyle><fill>0</fill></PolyStyle></Style>
	<ExtendedData><SchemaData schemaUrl="#buildings">
		<SimpleData name="full_id">w1482556785</SimpleData>
		<SimpleData name="osm_id">1482556785</SimpleData>
		<SimpleData name="osm_type">way</SimpleData>
		<SimpleData name="building">yes</SimpleData>
	</SchemaData></ExtendedData>
      <MultiGeometry><Polygon><outerBoundaryIs><LinearRing><coordinates>80.216154,6.0263369 80.2162497,6.0263404 80.2162501,6.0263161 80.2162924,6.0263187 80.216296,6.0262568 80.216276,6.0262581 80.2161549,6.0262612 80.216154,6.0263369</coordinates></LinearRing></outerBoundaryIs></Polygon></MultiGeometry>
  </Placemark>
  <Placemark id="buildings.805">
	<Style><LineStyle><color>ff0000ff</color></LineStyle><PolyStyle><fill>0</fill></PolyStyle></Style>
	<ExtendedData><SchemaData schemaUrl="#buildings">
		<SimpleData name="full_id">w398158900</SimpleData>
		<SimpleData name="osm_id">398158900</SimpleData>
		<SimpleData name="osm_type">way</SimpleData>
		<SimpleData name="building">yes</SimpleData>
	</SchemaData></ExtendedData>
      <MultiGeometry><Polygon><outerBoundaryIs><LinearRing><coordinates>80.2161355,6.0270539 80.2162489,6.0270615 80.2162554,6.0269653 80.216142,6.0269577 80.2161355,6.0270539</coordinates></LinearRing></outerBoundaryIs></Polygon></MultiGeometry>
  </Placemark>
  <Placemark id="buildings.806">
	<name>Fort Sapphire</name>
	<Style><LineStyle><color>ff0000ff</color></LineStyle><PolyStyle><fill>0</fill></PolyStyle></Style>
	<ExtendedData><SchemaData schemaUrl="#buildings">
		<SimpleData name="full_id">w1482556783</SimpleData>
		<SimpleData name="osm_id">1482556783</SimpleData>
		<SimpleData name="osm_type">way</SimpleData>
		<SimpleData name="building">yes</SimpleData>
		<SimpleData name="tourism">guest_house</SimpleData>
	</SchemaData></ExtendedData>
      <MultiGeometry><Polygon><outerBoundaryIs><LinearRing><coordinates>80.2157414,6.0267932 80.2156973,6.026843 80.2157573,6.0268894 80.2158008,6.0268409 80.2157414,6.0267932</coordinates></LinearRing></outerBoundaryIs></Polygon></MultiGeometry>
  </Placemark>
  <Placemark id="buildings.807">
	<Style><LineStyle><color>ff0000ff</color></LineStyle><PolyStyle><fill>0</fill></PolyStyle></Style>
	<ExtendedData><SchemaData schemaUrl="#buildings">
		<SimpleData name="full_id">w398158899</SimpleData>
		<SimpleData name="osm_id">398158899</SimpleData>
		<SimpleData name="osm_type">way</SimpleData>
		<SimpleData name="building">yes</SimpleData>
	</SchemaData></ExtendedData>
      <MultiGeometry><Polygon><outerBoundaryIs><LinearRing><coordinates>80.2163886,6.0272711 80.2165345,6.0273128 80.2165864,6.0271331 80.2164368,6.0270903 80.2164556,6.0270255 80.2163496,6.0269952 80.2163229,6.0270876 80.2164325,6.0271189 80.2163886,6.0272711</coordinates></LinearRing></outerBoundaryIs></Polygon></MultiGeometry>
  </Placemark>
  <Placemark id="buildings.808">
	<Style><LineStyle><color>ff0000ff</color></LineStyle><PolyStyle><fill>0</fill></PolyStyle></Style>
	<ExtendedData><SchemaData schemaUrl="#buildings">
		<SimpleData name="full_id">w1482556782</SimpleData>
		<SimpleData name="osm_id">1482556782</SimpleData>
		<SimpleData name="osm_type">way</SimpleData>
		<SimpleData name="building">yes</SimpleData>
	</SchemaData></ExtendedData>
      <MultiGeometry><Polygon><outerBoundaryIs><LinearRing><coordinates>80.2160057,6.0268889 80.2159561,6.026849 80.2158982,6.0269168 80.2159411,6.026952 80.2160057,6.0268889</coordinates></LinearRing></outerBoundaryIs></Polygon></MultiGeometry>
  </Placemark>
  <Placemark id="buildings.809">
	<Style><LineStyle><color>ff0000ff</color></LineStyle><PolyStyle><fill>0</fill></PolyStyle></Style>
	<ExtendedData><SchemaData schemaUrl="#buildings">
		<SimpleData name="full_id">w398196008</SimpleData>
		<SimpleData name="osm_id">398196008</SimpleData>
		<SimpleData name="osm_type">way</SimpleData>
		<SimpleData name="building">yes</SimpleData>
	</SchemaData></ExtendedData>
      <MultiGeometry><Polygon><outerBoundaryIs><LinearRing><coordinates>80.2167707,6.0249261 80.2167384,6.024985 80.2169099,6.0250779 80.2169422,6.025019 80.2167707,6.0249261</coordinates></LinearRing></outerBoundaryIs></Polygon></MultiGeometry>
  </Placemark>
  <Placemark id="buildings.810">
	<Style><LineStyle><color>ff0000ff</color></LineStyle><PolyStyle><fill>0</fill></PolyStyle></Style>
	<ExtendedData><SchemaData schemaUrl="#buildings">
		<SimpleData name="full_id">w1467367984</SimpleData>
		<SimpleData name="osm_id">1467367984</SimpleData>
		<SimpleData name="osm_type">way</SimpleData>
		<SimpleData name="building">yes</SimpleData>
		<SimpleData name="image">https://photos.app.goo.gl/PDRU18NC4AyKWfNs5</SimpleData>
		<SimpleData name="religion">buddhist</SimpleData>
		<SimpleData name="amenity">place_of_worship</SimpleData>
	</SchemaData></ExtendedData>
      <MultiGeometry><Polygon><outerBoundaryIs><LinearRing><coordinates>80.2122827,6.0330461 80.2122825,6.0330399 80.2122803,6.0330341 80.2122762,6.0330294 80.2122707,6.0330264 80.2122646,6.0330253 80.2122588,6.0330262 80.2122537,6.0330288 80.2122496,6.033033 80.212247,6.0330381 80.2122462,6.0330439 80.2122472,6.0330495 80.21225,6.0330546 80.2122542,6.0330586 80.2122594,6.0330611 80.2122656,6.0330618 80.2122717,6.0330603 80.212277,6.033057 80.2122808,6.033052 80.2122827,6.0330461</coordinates></LinearRing></outerBoundaryIs></Polygon></MultiGeometry>
  </Placemark>
  <Placemark id="buildings.811">
	<Style><LineStyle><color>ff0000ff</color></LineStyle><PolyStyle><fill>0</fill></PolyStyle></Style>
	<ExtendedData><SchemaData schemaUrl="#buildings">
		<SimpleData name="full_id">w398196007</SimpleData>
		<SimpleData name="osm_id">398196007</SimpleData>
		<SimpleData name="osm_type">way</SimpleData>
		<SimpleData name="building">yes</SimpleData>
	</SchemaData></ExtendedData>
      <MultiGeometry><Polygon><outerBoundaryIs><LinearRing><coordinates>80.216535,6.0259905 80.2166526,6.0260129 80.2166674,6.0259362 80.2166829,6.0258555 80.2166918,6.0258093 80.2166315,6.0257978 80.2166177,6.0258698 80.2165603,6.0258588 80.216535,6.0259905</coordinates></LinearRing></outerBoundaryIs></Polygon></MultiGeometry>
  </Placemark>
  <Placemark id="buildings.812">
	<Style><LineStyle><color>ff0000ff</color></LineStyle><PolyStyle><fill>0</fill></PolyStyle></Style>
	<ExtendedData><SchemaData schemaUrl="#buildings">
		<SimpleData name="full_id">w398196006</SimpleData>
		<SimpleData name="osm_id">398196006</SimpleData>
		<SimpleData name="osm_type">way</SimpleData>
		<SimpleData name="building">yes</SimpleData>
	</SchemaData></ExtendedData>
      <MultiGeometry><Polygon><outerBoundaryIs><LinearRing><coordinates>80.2159514,6.0258662 80.2159958,6.0256575 80.2159239,6.0256408 80.2158404,6.0258425 80.2159514,6.0258662</coordinates></LinearRing></outerBoundaryIs></Polygon></MultiGeometry>
  </Placemark>
  <Placemark id="buildings.813">
	<name>The Bartizan</name>
	<Style><LineStyle><color>ff0000ff</color></LineStyle><PolyStyle><fill>0</fill></PolyStyle></Style>
	<ExtendedData><SchemaData schemaUrl="#buildings">
		<SimpleData name="full_id">w398196005</SimpleData>
		<SimpleData name="osm_id">398196005</SimpleData>
		<SimpleData name="osm_type">way</SimpleData>
		<SimpleData name="building">yes</SimpleData>
		<SimpleData name="stars">5</SimpleData>
		<SimpleData name="descriptio">A Luxury Boutique Hotel</SimpleData>
		<SimpleData name="smoking">isolated</SimpleData>
		<SimpleData name="rooms">10</SimpleData>
		<SimpleData name="internet_1">no</SimpleData>
		<SimpleData name="internet_2">wlan</SimpleData>
		<SimpleData name="level">3</SimpleData>
		<SimpleData name="phone">+94 91 223 2020</SimpleData>
		<SimpleData name="website">https://www.thebartizan.com/</SimpleData>
		<SimpleData name="operator">The Bartizan Management</SimpleData>
		<SimpleData name="opening_ho">24/7</SimpleData>
		<SimpleData name="addr_postc">80000</SimpleData>
		<SimpleData name="addr_hou_1">77</SimpleData>
		<SimpleData name="tourism">hotel</SimpleData>
		<SimpleData name="addr_stree">Pedlar Street</SimpleData>
		<SimpleData name="addr_city">Galle</SimpleData>
	</SchemaData></ExtendedData>
      <MultiGeometry><Polygon><outerBoundaryIs><LinearRing><coordinates>80.2160709,6.0258942 80.2161456,6.0254639 80.2160307,6.0254448 80.2160137,6.0255211 80.2159706,6.0255156 80.215947,6.0255801 80.2160109,6.0255947 80.2159958,6.0256575 80.2159514,6.0258662 80.2160709,6.0258942</coordinates></LinearRing></outerBoundaryIs></Polygon></MultiGeometry>
  </Placemark>
  <Placemark id="buildings.814">
	<name>Spoon's</name>
	<Style><LineStyle><color>ff0000ff</color></LineStyle><PolyStyle><fill>0</fill></PolyStyle></Style>
	<ExtendedData><SchemaData schemaUrl="#buildings">
		<SimpleData name="full_id">w398196004</SimpleData>
		<SimpleData name="osm_id">398196004</SimpleData>
		<SimpleData name="osm_type">way</SimpleData>
		<SimpleData name="building">yes</SimpleData>
		<SimpleData name="capacity">10</SimpleData>
		<SimpleData name="cuisine">regional</SimpleData>
		<SimpleData name="phone">+94 77 102 0063</SimpleData>
		<SimpleData name="addr_postc">80000</SimpleData>
		<SimpleData name="addr_hou_1">100</SimpleData>
		<SimpleData name="addr_stree">Pedlar Street</SimpleData>
		<SimpleData name="addr_city">Galle</SimpleData>
		<SimpleData name="amenity">restaurant</SimpleData>
	</SchemaData></ExtendedData>
      <MultiGeometry><Polygon><outerBoundaryIs><LinearRing><coordinates>80.2159932,6.0260272 80.2160065,6.0259571 80.2159284,6.0259412 80.2159092,6.0260205 80.2159932,6.0260272</coordinates></LinearRing></outerBoundaryIs></Polygon></MultiGeometry>
  </Placemark>
  <Placemark id="buildings.815">
	<Style><LineStyle><color>ff0000ff</color></LineStyle><PolyStyle><fill>0</fill></PolyStyle></Style>
	<ExtendedData><SchemaData schemaUrl="#buildings">
		<SimpleData name="full_id">w398196003</SimpleData>
		<SimpleData name="osm_id">398196003</SimpleData>
		<SimpleData name="osm_type">way</SimpleData>
		<SimpleData name="building">yes</SimpleData>
	</SchemaData></ExtendedData>
      <MultiGeometry><Polygon><outerBoundaryIs><LinearRing><coordinates>80.2159973,6.0260536 80.2161289,6.0260634 80.2161296,6.0259784 80.2160065,6.0259571 80.2159973,6.0260536</coordinates></LinearRing></outerBoundaryIs></Polygon></MultiGeometry>
  </Placemark>
  <Placemark id="buildings.816">
	<Style><LineStyle><color>ff0000ff</color></LineStyle><PolyStyle><fill>0</fill></PolyStyle></Style>
	<ExtendedData><SchemaData schemaUrl="#buildings">
		<SimpleData name="full_id">w398162498</SimpleData>
		<SimpleData name="osm_id">398162498</SimpleData>
		<SimpleData name="osm_type">way</SimpleData>
		<SimpleData name="building">yes</SimpleData>
	</SchemaData></ExtendedData>
      <MultiGeometry><Polygon><outerBoundaryIs><LinearRing><coordinates>80.2170717,6.0256453 80.2170553,6.0257195 80.217168,6.025744 80.2171729,6.0257215 80.217199,6.0257272 80.2172104,6.0256754 80.2170717,6.0256453</coordinates></LinearRing></outerBoundaryIs></Polygon></MultiGeometry>
  </Placemark>
  <Placemark id="buildings.817">
	<Style><LineStyle><color>ff0000ff</color></LineStyle><PolyStyle><fill>0</fill></PolyStyle></Style>
	<ExtendedData><SchemaData schemaUrl="#buildings">
		<SimpleData name="full_id">w398162497</SimpleData>
		<SimpleData name="osm_id">398162497</SimpleData>
		<SimpleData name="osm_type">way</SimpleData>
		<SimpleData name="building">yes</SimpleData>
		<SimpleData name="ruins">yes</SimpleData>
	</SchemaData></ExtendedData>
      <MultiGeometry><Polygon><outerBoundaryIs><LinearRing><coordinates>80.2170086,6.0258867 80.2171314,6.0259115 80.2171445,6.0258471 80.2170964,6.0258374 80.2171008,6.0258159 80.2170261,6.0258008 80.2170086,6.0258867</coordinates></LinearRing></outerBoundaryIs></Polygon></MultiGeometry>
  </Placemark>
  <Placemark id="buildings.818">
	<name>HNB</name>
	<Style><LineStyle><color>ff0000ff</color></LineStyle><PolyStyle><fill>0</fill></PolyStyle></Style>
	<ExtendedData><SchemaData schemaUrl="#buildings">
		<SimpleData name="full_id">w398205365</SimpleData>
		<SimpleData name="osm_id">398205365</SimpleData>
		<SimpleData name="osm_type">way</SimpleData>
		<SimpleData name="building">yes</SimpleData>
		<SimpleData name="brand_wiki">en:Hatton National Bank</SimpleData>
		<SimpleData name="brand_wi_1">Q3532080</SimpleData>
		<SimpleData name="brand">HNB</SimpleData>
		<SimpleData name="check_date">2024-12-23</SimpleData>
		<SimpleData name="amenity">bank</SimpleData>
	</SchemaData></ExtendedData>
      <MultiGeometry><Polygon><outerBoundaryIs><LinearRing><coordinates>80.216743,6.0333508 80.2167151,6.0331936 80.2165848,6.0332165 80.2166127,6.0333737 80.216743,6.0333508</coordinates></LinearRing></outerBoundaryIs></Polygon></MultiGeometry>
  </Placemark>
  <Placemark id="buildings.819">
	<Style><LineStyle><color>ff0000ff</color></LineStyle><PolyStyle><fill>0</fill></PolyStyle></Style>
	<ExtendedData><SchemaData schemaUrl="#buildings">
		<SimpleData name="full_id">w398205364</SimpleData>
		<SimpleData name="osm_id">398205364</SimpleData>
		<SimpleData name="osm_type">way</SimpleData>
		<SimpleData name="building">yes</SimpleData>
		<SimpleData name="addr_postc">80000</SimpleData>
		<SimpleData name="addr_stree">Gamini Mawatha</SimpleData>
	</SchemaData></ExtendedData>
      <MultiGeometry><Polygon><outerBoundaryIs><LinearRing><coordinates>80.2167243,6.0331506 80.2166555,6.0329088 80.2163717,6.0329886 80.2164075,6.0331143 80.2165933,6.0330619 80.2166264,6.0331782 80.2167243,6.0331506</coordinates></LinearRing></outerBoundaryIs></Polygon></MultiGeometry>
  </Placemark>
  <Placemark id="buildings.820">
	<Style><LineStyle><color>ff0000ff</color></LineStyle><PolyStyle><fill>0</fill></PolyStyle></Style>
	<ExtendedData><SchemaData schemaUrl="#buildings">
		<SimpleData name="full_id">w398205361</SimpleData>
		<SimpleData name="osm_id">398205361</SimpleData>
		<SimpleData name="osm_type">way</SimpleData>
		<SimpleData name="building">roof</SimpleData>
		<SimpleData name="amenity">fuel</SimpleData>
	</SchemaData></ExtendedData>
      <MultiGeometry><Polygon><outerBoundaryIs><LinearRing><coordinates>80.2175918,6.0322112 80.2174464,6.032264 80.217467,6.0323202 80.2174972,6.0323093 80.217504,6.0323278 80.2176193,6.0322859 80.2175918,6.0322112</coordinates></LinearRing></outerBoundaryIs></Polygon></MultiGeometry>
  </Placemark>
  <Placemark id="buildings.821">
	<Style><LineStyle><color>ff0000ff</color></LineStyle><PolyStyle><fill>0</fill></PolyStyle></Style>
	<ExtendedData><SchemaData schemaUrl="#buildings">
		<SimpleData name="full_id">w398205359</SimpleData>
		<SimpleData name="osm_id">398205359</SimpleData>
		<SimpleData name="osm_type">way</SimpleData>
		<SimpleData name="building">yes</SimpleData>
	</SchemaData></ExtendedData>
      <MultiGeometry><Polygon><outerBoundaryIs><LinearRing><coordinates>80.218006,6.0292761 80.2180524,6.0292354 80.2177987,6.0289499 80.2177524,6.0289906 80.218006,6.0292761</coordinates></LinearRing></outerBoundaryIs></Polygon></MultiGeometry>
  </Placemark>
  <Placemark id="buildings.822">
	<Style><LineStyle><color>ff0000ff</color></LineStyle><PolyStyle><fill>0</fill></PolyStyle></Style>
	<ExtendedData><SchemaData schemaUrl="#buildings">
		<SimpleData name="full_id">w398205356</SimpleData>
		<SimpleData name="osm_id">398205356</SimpleData>
		<SimpleData name="osm_type">way</SimpleData>
		<SimpleData name="building">yes</SimpleData>
	</SchemaData></ExtendedData>
      <MultiGeometry><Polygon><outerBoundaryIs><LinearRing><coordinates>80.2182361,6.0290573 80.2183031,6.0290314 80.2182339,6.0288537 80.2181668,6.0288795 80.2182361,6.0290573</coordinates></LinearRing></outerBoundaryIs></Polygon></MultiGeometry>
  </Placemark>
  <Placemark id="buildings.823">
	<Style><LineStyle><color>ff0000ff</color></LineStyle><PolyStyle><fill>0</fill></PolyStyle></Style>
	<ExtendedData><SchemaData schemaUrl="#buildings">
		<SimpleData name="full_id">w398205353</SimpleData>
		<SimpleData name="osm_id">398205353</SimpleData>
		<SimpleData name="osm_type">way</SimpleData>
		<SimpleData name="building">yes</SimpleData>
	</SchemaData></ExtendedData>
      <MultiGeometry><Polygon><outerBoundaryIs><LinearRing><coordinates>80.2189753,6.0291282 80.2190106,6.0291337 80.2190862,6.0291456 80.2190974,6.0290746 80.2190526,6.0290676 80.2190489,6.0290909 80.2189829,6.0290806 80.2189753,6.0291282</coordinates></LinearRing></outerBoundaryIs></Polygon></MultiGeometry>
  </Placemark>
  <Placemark id="buildings.824">
	<Style><LineStyle><color>ff0000ff</color></LineStyle><PolyStyle><fill>0</fill></PolyStyle></Style>
	<ExtendedData><SchemaData schemaUrl="#buildings">
		<SimpleData name="full_id">w398205350</SimpleData>
		<SimpleData name="osm_id">398205350</SimpleData>
		<SimpleData name="osm_type">way</SimpleData>
		<SimpleData name="building">school</SimpleData>
	</SchemaData></ExtendedData>
      <MultiGeometry><Polygon><outerBoundaryIs><LinearRing><coordinates>80.2173696,6.0245125 80.2173361,6.0246257 80.217548,6.0246877 80.2175732,6.0246025 80.2176445,6.0246234 80.2176528,6.0245954 80.2173696,6.0245125</coordinates></LinearRing></outerBoundaryIs></Polygon></MultiGeometry>
  </Placemark>
  <Placemark id="buildings.825">
	<Style><LineStyle><color>ff0000ff</color></LineStyle><PolyStyle><fill>0</fill></PolyStyle></Style>
	<ExtendedData><SchemaData schemaUrl="#buildings">
		<SimpleData name="full_id">w398205349</SimpleData>
		<SimpleData name="osm_id">398205349</SimpleData>
		<SimpleData name="osm_type">way</SimpleData>
		<SimpleData name="building">yes</SimpleData>
		<SimpleData name="roof_shape">gabled</SimpleData>
		<SimpleData name="roof_heigh">1.97</SimpleData>
		<SimpleData name="height">7.50</SimpleData>
	</SchemaData></ExtendedData>
      <MultiGeometry><Polygon><outerBoundaryIs><LinearRing><coordinates>80.2172705,6.0249533 80.2174513,6.0250033 80.2174573,6.0249818 80.2175582,6.0250097 80.2175798,6.0249323 80.2172982,6.0248544 80.2172705,6.0249533</coordinates></LinearRing></outerBoundaryIs></Polygon></MultiGeometry>
  </Placemark>
  <Placemark id="buildings.826">
	<Style><LineStyle><color>ff0000ff</color></LineStyle><PolyStyle><fill>0</fill></PolyStyle></Style>
	<ExtendedData><SchemaData schemaUrl="#buildings">
		<SimpleData name="full_id">w433808482</SimpleData>
		<SimpleData name="osm_id">433808482</SimpleData>
		<SimpleData name="osm_type">way</SimpleData>
		<SimpleData name="building">yes</SimpleData>
	</SchemaData></ExtendedData>
      <MultiGeometry><Polygon><outerBoundaryIs><LinearRing><coordinates>80.2156482,6.0333281 80.2157468,6.0333044 80.2157493,6.0333128 80.2159921,6.0332435 80.2159836,6.0332142 80.2159556,6.0332222 80.215949,6.0331995 80.2158928,6.0332156 80.2158841,6.0331855 80.2159667,6.0331619 80.2159538,6.0331172 80.2157127,6.0331861 80.2157319,6.0332529 80.2156455,6.0332737 80.2156421,6.0332075 80.2156143,6.0332089 80.2156212,6.033344 80.215649,6.0333426 80.2156482,6.0333281</coordinates></LinearRing></outerBoundaryIs></Polygon></MultiGeometry>
  </Placemark>
  <Placemark id="buildings.827">
	<Style><LineStyle><color>ff0000ff</color></LineStyle><PolyStyle><fill>0</fill></PolyStyle></Style>
	<ExtendedData><SchemaData schemaUrl="#buildings">
		<SimpleData name="full_id">w433808480</SimpleData>
		<SimpleData name="osm_id">433808480</SimpleData>
		<SimpleData name="osm_type">way</SimpleData>
		<SimpleData name="building">yes</SimpleData>
	</SchemaData></ExtendedData>
      <MultiGeometry><Polygon><outerBoundaryIs><LinearRing><coordinates>80.215694,6.0333993 80.2156716,6.0334018 80.2156738,6.033421 80.2156975,6.0334183 80.2157002,6.0334421 80.2156944,6.0334428 80.2156964,6.0334605 80.2157207,6.0334578 80.2157439,6.0334553 80.2157418,6.0334366 80.2157196,6.033439 80.2157199,6.0334423 80.2157191,6.0334424 80.2157179,6.0334314 80.2157443,6.0334285 80.2157425,6.0334128 80.2157404,6.0333934 80.2156939,6.0333985 80.215694,6.0333993</coordinates></LinearRing></outerBoundaryIs></Polygon></MultiGeometry>
  </Placemark>
  <Placemark id="buildings.828">
	<Style><LineStyle><color>ff0000ff</color></LineStyle><PolyStyle><fill>0</fill></PolyStyle></Style>
	<ExtendedData><SchemaData schemaUrl="#buildings">
		<SimpleData name="full_id">w633469075</SimpleData>
		<SimpleData name="osm_id">633469075</SimpleData>
		<SimpleData name="osm_type">way</SimpleData>
		<SimpleData name="building">yes</SimpleData>
	</SchemaData></ExtendedData>
      <MultiGeometry><Polygon><outerBoundaryIs><LinearRing><coordinates>80.2195936,6.0352967 80.2195788,6.0353455 80.219699,6.0353816 80.2197138,6.0353329 80.2195936,6.0352967</coordinates></LinearRing></outerBoundaryIs></Polygon></MultiGeometry>
  </Placemark>
  <Placemark id="buildings.829">
	<Style><LineStyle><color>ff0000ff</color></LineStyle><PolyStyle><fill>0</fill></PolyStyle></Style>
	<ExtendedData><SchemaData schemaUrl="#buildings">
		<SimpleData name="full_id">w398205374</SimpleData>
		<SimpleData name="osm_id">398205374</SimpleData>
		<SimpleData name="osm_type">way</SimpleData>
		<SimpleData name="building">yes</SimpleData>
	</SchemaData></ExtendedData>
      <MultiGeometry><Polygon><outerBoundaryIs><LinearRing><coordinates>80.2197434,6.0273043 80.2197439,6.0270725 80.2196663,6.0270723 80.2196658,6.0272753 80.2196921,6.0273041 80.2197434,6.0273043</coordinates></LinearRing></outerBoundaryIs></Polygon></MultiGeometry>
  </Placemark>
  <Placemark id="buildings.830">
	<Style><LineStyle><color>ff0000ff</color></LineStyle><PolyStyle><fill>0</fill></PolyStyle></Style>
	<ExtendedData><SchemaData schemaUrl="#buildings">
		<SimpleData name="full_id">w633469074</SimpleData>
		<SimpleData name="osm_id">633469074</SimpleData>
		<SimpleData name="osm_type">way</SimpleData>
		<SimpleData name="building">yes</SimpleData>
	</SchemaData></ExtendedData>
      <MultiGeometry><Polygon><outerBoundaryIs><LinearRing><coordinates>80.2197138,6.0353329 80.2197708,6.0351916 80.21967,6.0351478 80.2196063,6.0352928 80.2197138,6.0353329</coordinates></LinearRing></outerBoundaryIs></Polygon></MultiGeometry>
  </Placemark>
  <Placemark id="buildings.831">
	<Style><LineStyle><color>ff0000ff</color></LineStyle><PolyStyle><fill>0</fill></PolyStyle></Style>
	<ExtendedData><SchemaData schemaUrl="#buildings">
		<SimpleData name="full_id">w398205373</SimpleData>
		<SimpleData name="osm_id">398205373</SimpleData>
		<SimpleData name="osm_type">way</SimpleData>
		<SimpleData name="building">yes</SimpleData>
	</SchemaData></ExtendedData>
      <MultiGeometry><Polygon><outerBoundaryIs><LinearRing><coordinates>80.2194934,6.0272887 80.2196258,6.027323 80.2196488,6.0272722 80.21951,6.0272331 80.2194934,6.0272887</coordinates></LinearRing></outerBoundaryIs></Polygon></MultiGeometry>
  </Placemark>
  <Placemark id="buildings.832">
	<Style><LineStyle><color>ff0000ff</color></LineStyle><PolyStyle><fill>0</fill></PolyStyle></Style>
	<ExtendedData><SchemaData schemaUrl="#buildings">
		<SimpleData name="full_id">w633469073</SimpleData>
		<SimpleData name="osm_id">633469073</SimpleData>
		<SimpleData name="osm_type">way</SimpleData>
		<SimpleData name="building">yes</SimpleData>
	</SchemaData></ExtendedData>
      <MultiGeometry><Polygon><outerBoundaryIs><LinearRing><coordinates>80.2199761,6.0351551 80.2199184,6.0352497 80.2200247,6.0353137 80.2200823,6.0352192 80.2199761,6.0351551</coordinates></LinearRing></outerBoundaryIs></Polygon></MultiGeometry>
  </Placemark>
  <Placemark id="buildings.833">
	<Style><LineStyle><color>ff0000ff</color></LineStyle><PolyStyle><fill>0</fill></PolyStyle></Style>
	<ExtendedData><SchemaData schemaUrl="#buildings">
		<SimpleData name="full_id">w398205372</SimpleData>
		<SimpleData name="osm_id">398205372</SimpleData>
		<SimpleData name="osm_type">way</SimpleData>
		<SimpleData name="building">yes</SimpleData>
	</SchemaData></ExtendedData>
      <MultiGeometry><Polygon><outerBoundaryIs><LinearRing><coordinates>80.2193018,6.0288369 80.219357,6.0288585 80.2194285,6.0286778 80.2193733,6.0286562 80.2193018,6.0288369</coordinates></LinearRing></outerBoundaryIs></Polygon></MultiGeometry>
  </Placemark>
  <Placemark id="buildings.834">
	<Style><LineStyle><color>ff0000ff</color></LineStyle><PolyStyle><fill>0</fill></PolyStyle></Style>
	<ExtendedData><SchemaData schemaUrl="#buildings">
		<SimpleData name="full_id">w633469072</SimpleData>
		<SimpleData name="osm_id">633469072</SimpleData>
		<SimpleData name="osm_type">way</SimpleData>
		<SimpleData name="building">yes</SimpleData>
	</SchemaData></ExtendedData>
      <MultiGeometry><Polygon><outerBoundaryIs><LinearRing><coordinates>80.2198622,6.0352179 80.2199093,6.0352476 80.2200293,6.0350591 80.2199822,6.0350295 80.2198622,6.0352179</coordinates></LinearRing></outerBoundaryIs></Polygon></MultiGeometry>
  </Placemark>
  <Placemark id="buildings.835">
	<Style><LineStyle><color>ff0000ff</color></LineStyle><PolyStyle><fill>0</fill></PolyStyle></Style>
	<ExtendedData><SchemaData schemaUrl="#buildings">
		<SimpleData name="full_id">w398205371</SimpleData>
		<SimpleData name="osm_id">398205371</SimpleData>
		<SimpleData name="osm_type">way</SimpleData>
		<SimpleData name="building">yes</SimpleData>
	</SchemaData></ExtendedData>
      <MultiGeometry><Polygon><outerBoundaryIs><LinearRing><coordinates>80.2192888,6.0287396 80.2192961,6.0286463 80.2192124,6.0286399 80.2192051,6.0287332 80.2192888,6.0287396</coordinates></LinearRing></outerBoundaryIs></Polygon></MultiGeometry>
  </Placemark>
  <Placemark id="buildings.836">
	<Style><LineStyle><color>ff0000ff</color></LineStyle><PolyStyle><fill>0</fill></PolyStyle></Style>
	<ExtendedData><SchemaData schemaUrl="#buildings">
		<SimpleData name="full_id">w633469071</SimpleData>
		<SimpleData name="osm_id">633469071</SimpleData>
		<SimpleData name="osm_type">way</SimpleData>
		<SimpleData name="building">yes</SimpleData>
	</SchemaData></ExtendedData>
      <MultiGeometry><Polygon><outerBoundaryIs><LinearRing><coordinates>80.219804,6.0351837 80.2198533,6.0352161 80.219981,6.0350236 80.2199318,6.0349912 80.219804,6.0351837</coordinates></LinearRing></outerBoundaryIs></Polygon></MultiGeometry>
  </Placemark>
  <Placemark id="buildings.837">
	<Style><LineStyle><color>ff0000ff</color></LineStyle><PolyStyle><fill>0</fill></PolyStyle></Style>
	<ExtendedData><SchemaData schemaUrl="#buildings">
		<SimpleData name="full_id">w398205367</SimpleData>
		<SimpleData name="osm_id">398205367</SimpleData>
		<SimpleData name="osm_type">way</SimpleData>
		<SimpleData name="building">yes</SimpleData>
	</SchemaData></ExtendedData>
      <MultiGeometry><Polygon><outerBoundaryIs><LinearRing><coordinates>80.216807,6.0337299 80.2168018,6.0336979 80.2168599,6.0336886 80.2168464,6.0336054 80.2166278,6.0336405 80.2166465,6.0337556 80.216807,6.0337299</coordinates></LinearRing></outerBoundaryIs></Polygon></MultiGeometry>
  </Placemark>
  <Placemark id="buildings.838">
	<Style><LineStyle><color>ff0000ff</color></LineStyle><PolyStyle><fill>0</fill></PolyStyle></Style>
	<ExtendedData><SchemaData schemaUrl="#buildings">
		<SimpleData name="full_id">w633469070</SimpleData>
		<SimpleData name="osm_id">633469070</SimpleData>
		<SimpleData name="osm_type">way</SimpleData>
		<SimpleData name="building">yes</SimpleData>
	</SchemaData></ExtendedData>
      <MultiGeometry><Polygon><outerBoundaryIs><LinearRing><coordinates>80.2198209,6.0350056 80.2198779,6.0350553 80.2199318,6.0349912 80.2198754,6.0349439 80.2198209,6.0350056</coordinates></LinearRing></outerBoundaryIs></Polygon></MultiGeometry>
  </Placemark>
  <Placemark id="buildings.839">
	<name>Sampath Bank</name>
	<Style><LineStyle><color>ff0000ff</color></LineStyle><PolyStyle><fill>0</fill></PolyStyle></Style>
	<ExtendedData><SchemaData schemaUrl="#buildings">
		<SimpleData name="full_id">w398205366</SimpleData>
		<SimpleData name="osm_id">398205366</SimpleData>
		<SimpleData name="osm_type">way</SimpleData>
		<SimpleData name="building">yes</SimpleData>
		<SimpleData name="brand_wiki">en:Sampath Bank</SimpleData>
		<SimpleData name="brand_wi_1">Q7410095</SimpleData>
		<SimpleData name="brand">Sampath Bank</SimpleData>
		<SimpleData name="amenity">bank</SimpleData>
	</SchemaData></ExtendedData>
      <MultiGeometry><Polygon><outerBoundaryIs><LinearRing><coordinates>80.2167893,6.0335594 80.2167613,6.0333855 80.2166391,6.033405 80.2166671,6.0335788 80.2167893,6.0335594</coordinates></LinearRing></outerBoundaryIs></Polygon></MultiGeometry>
  </Placemark>
  <Placemark id="buildings.840">
	<Style><LineStyle><color>ff0000ff</color></LineStyle><PolyStyle><fill>0</fill></PolyStyle></Style>
	<ExtendedData><SchemaData schemaUrl="#buildings">
		<SimpleData name="full_id">w633469069</SimpleData>
		<SimpleData name="osm_id">633469069</SimpleData>
		<SimpleData name="osm_type">way</SimpleData>
		<SimpleData name="building">yes</SimpleData>
	</SchemaData></ExtendedData>
      <MultiGeometry><Polygon><outerBoundaryIs><LinearRing><coordinates>80.2196713,6.0349174 80.2195901,6.0350349 80.219776,6.0351619 80.2198572,6.0350444 80.2196713,6.0349174</coordinates></LinearRing></outerBoundaryIs></Polygon></MultiGeometry>
  </Placemark>
  <Placemark id="buildings.841">
	<Style><LineStyle><color>ff0000ff</color></LineStyle><PolyStyle><fill>0</fill></PolyStyle></Style>
	<ExtendedData><SchemaData schemaUrl="#buildings">
		<SimpleData name="full_id">w398150959</SimpleData>
		<SimpleData name="osm_id">398150959</SimpleData>
		<SimpleData name="osm_type">way</SimpleData>
		<SimpleData name="building">yes</SimpleData>
	</SchemaData></ExtendedData>
      <MultiGeometry><Polygon><outerBoundaryIs><LinearRing><coordinates>80.2168719,6.0292605 80.2168983,6.0291403 80.2168458,6.0291289 80.2168409,6.0291512 80.2167872,6.0291395 80.2167729,6.0292043 80.2168312,6.029217 80.2168239,6.0292501 80.2168719,6.0292605</coordinates></LinearRing></outerBoundaryIs></Polygon></MultiGeometry>
  </Placemark>
  <Placemark id="buildings.842">
	<Style><LineStyle><color>ff0000ff</color></LineStyle><PolyStyle><fill>0</fill></PolyStyle></Style>
	<ExtendedData><SchemaData schemaUrl="#buildings">
		<SimpleData name="full_id">w633469068</SimpleData>
		<SimpleData name="osm_id">633469068</SimpleData>
		<SimpleData name="osm_type">way</SimpleData>
		<SimpleData name="building">yes</SimpleData>
	</SchemaData></ExtendedData>
      <MultiGeometry><Polygon><outerBoundaryIs><LinearRing><coordinates>80.2200271,6.0350605 80.219966,6.0351375 80.2200567,6.0352086 80.2201177,6.0351316 80.2200271,6.0350605</coordinates></LinearRing></outerBoundaryIs></Polygon></MultiGeometry>
  </Placemark>
  <Placemark id="buildings.843">
	<Style><LineStyle><color>ff0000ff</color></LineStyle><PolyStyle><fill>0</fill></PolyStyle></Style>
	<ExtendedData><SchemaData schemaUrl="#buildings">
		<SimpleData name="full_id">w398150958</SimpleData>
		<SimpleData name="osm_id">398150958</SimpleData>
		<SimpleData name="osm_type">way</SimpleData>
		<SimpleData name="building">yes</SimpleData>
	</SchemaData></ExtendedData>
      <MultiGeometry><Polygon><outerBoundaryIs><LinearRing><coordinates>80.2166182,6.0293368 80.2167447,6.0293635 80.2167546,6.029317 80.2168055,6.0293278 80.2168246,6.0292384 80.2166473,6.0292009 80.2166182,6.0293368</coordinates></LinearRing></outerBoundaryIs></Polygon></MultiGeometry>
  </Placemark>
  <Placemark id="buildings.844">
	<Style><LineStyle><color>ff0000ff</color></LineStyle><PolyStyle><fill>0</fill></PolyStyle></Style>
	<ExtendedData><SchemaData schemaUrl="#buildings">
		<SimpleData name="full_id">w633469083</SimpleData>
		<SimpleData name="osm_id">633469083</SimpleData>
		<SimpleData name="osm_type">way</SimpleData>
		<SimpleData name="building">yes</SimpleData>
	</SchemaData></ExtendedData>
      <MultiGeometry><Polygon><outerBoundaryIs><LinearRing><coordinates>80.2201519,6.0354068 80.2202138,6.0354399 80.220304,6.0352732 80.220242,6.0352401 80.2201519,6.0354068</coordinates></LinearRing></outerBoundaryIs></Polygon></MultiGeometry>
  </Placemark>
  <Placemark id="buildings.845">
	<name>Dutch Reformed Church (1755)</name>
	<Style><LineStyle><color>ff0000ff</color></LineStyle><PolyStyle><fill>0</fill></PolyStyle></Style>
	<ExtendedData><SchemaData schemaUrl="#buildings">
		<SimpleData name="full_id">w398146186</SimpleData>
		<SimpleData name="osm_id">398146186</SimpleData>
		<SimpleData name="osm_type">way</SimpleData>
		<SimpleData name="building">yes</SimpleData>
		<SimpleData name="wikipedia">en:Groote_Kerk,_Galle</SimpleData>
		<SimpleData name="wikidata">Q17189325</SimpleData>
		<SimpleData name="historic">monument</SimpleData>
		<SimpleData name="image">https://photos.app.goo.gl/BNAmgphQhBHUnZ597</SimpleData>
		<SimpleData name="denominati">dutch_reformed</SimpleData>
		<SimpleData name="addr_stree">පල්ලිය වීදිය</SimpleData>
		<SimpleData name="addr_city">Galle</SimpleData>
		<SimpleData name="religion">christian</SimpleData>
		<SimpleData name="amenity">place_of_worship</SimpleData>
	</SchemaData></ExtendedData>
      <MultiGeometry><Polygon><outerBoundaryIs><LinearRing><coordinates>80.2171996,6.0282576 80.2172474,6.0281325 80.2171999,6.0281145 80.2171924,6.0280813 80.2171237,6.0280563 80.2171303,6.0280386 80.2170726,6.0280176 80.2170067,6.0281965 80.2170433,6.0282098 80.2170583,6.0282476 80.2171345,6.0282757 80.2171695,6.0282463 80.2171996,6.0282576</coordinates></LinearRing></outerBoundaryIs></Polygon></MultiGeometry>
  </Placemark>
  <Placemark id="buildings.846">
	<Style><LineStyle><color>ff0000ff</color></LineStyle><PolyStyle><fill>0</fill></PolyStyle></Style>
	<ExtendedData><SchemaData schemaUrl="#buildings">
		<SimpleData name="full_id">w633469082</SimpleData>
		<SimpleData name="osm_id">633469082</SimpleData>
		<SimpleData name="osm_type">way</SimpleData>
		<SimpleData name="building">yes</SimpleData>
	</SchemaData></ExtendedData>
      <MultiGeometry><Polygon><outerBoundaryIs><LinearRing><coordinates>80.2200251,6.035329 80.2201461,6.0354038 80.2202593,6.0352226 80.2201382,6.0351478 80.2200251,6.035329</coordinates></LinearRing></outerBoundaryIs></Polygon></MultiGeometry>
  </Placemark>
  <Placemark id="buildings.847">
	<Style><LineStyle><color>ff0000ff</color></LineStyle><PolyStyle><fill>0</fill></PolyStyle></Style>
	<ExtendedData><SchemaData schemaUrl="#buildings">
		<SimpleData name="full_id">w398002990</SimpleData>
		<SimpleData name="osm_id">398002990</SimpleData>
		<SimpleData name="osm_type">way</SimpleData>
		<SimpleData name="building">yes</SimpleData>
	</SchemaData></ExtendedData>
      <MultiGeometry><Polygon><outerBoundaryIs><LinearRing><coordinates>80.2176581,6.0261007 80.2177728,6.0261125 80.217786,6.0259463 80.2177333,6.0259414 80.2177297,6.0259791 80.2176702,6.0259735 80.2176581,6.0261007</coordinates></LinearRing></outerBoundaryIs></Polygon></MultiGeometry>
  </Placemark>
  <Placemark id="buildings.848">
	<Style><LineStyle><color>ff0000ff</color></LineStyle><PolyStyle><fill>0</fill></PolyStyle></Style>
	<ExtendedData><SchemaData schemaUrl="#buildings">
		<SimpleData name="full_id">w398002989</SimpleData>
		<SimpleData name="osm_id">398002989</SimpleData>
		<SimpleData name="osm_type">way</SimpleData>
		<SimpleData name="building">yes</SimpleData>
	</SchemaData></ExtendedData>
      <MultiGeometry><Polygon><outerBoundaryIs><LinearRing><coordinates>80.2175675,6.0260909 80.2176557,6.0260996 80.2176693,6.0259634 80.2175811,6.0259547 80.2175675,6.0260909</coordinates></LinearRing></outerBoundaryIs></Polygon></MultiGeometry>
  </Placemark>
  <Placemark id="buildings.849">
	<Style><LineStyle><color>ff0000ff</color></LineStyle><PolyStyle><fill>0</fill></PolyStyle></Style>
	<ExtendedData><SchemaData schemaUrl="#buildings">
		<SimpleData name="full_id">w398002988</SimpleData>
		<SimpleData name="osm_id">398002988</SimpleData>
		<SimpleData name="osm_type">way</SimpleData>
		<SimpleData name="building">yes</SimpleData>
	</SchemaData></ExtendedData>
      <MultiGeometry><Polygon><outerBoundaryIs><LinearRing><coordinates>80.2174381,6.0260796 80.2175643,6.0260913 80.2175787,6.0259383 80.2174525,6.0259266 80.2174381,6.0260796</coordinates></LinearRing></outerBoundaryIs></Polygon></MultiGeometry>
  </Placemark>
  <Placemark id="buildings.850">
	<Style><LineStyle><color>ff0000ff</color></LineStyle><PolyStyle><fill>0</fill></PolyStyle></Style>
	<ExtendedData><SchemaData schemaUrl="#buildings">
		<SimpleData name="full_id">w398002987</SimpleData>
		<SimpleData name="osm_id">398002987</SimpleData>
		<SimpleData name="osm_type">way</SimpleData>
		<SimpleData name="building">yes</SimpleData>
	</SchemaData></ExtendedData>
      <MultiGeometry><Polygon><outerBoundaryIs><LinearRing><coordinates>80.2173341,6.0260721 80.2174356,6.026081 80.2174458,6.0259662 80.2173443,6.0259573 80.2173341,6.0260721</coordinates></LinearRing></outerBoundaryIs></Polygon></MultiGeometry>
  </Placemark>
  <Placemark id="buildings.851">
	<Style><LineStyle><color>ff0000ff</color></LineStyle><PolyStyle><fill>0</fill></PolyStyle></Style>
	<ExtendedData><SchemaData schemaUrl="#buildings">
		<SimpleData name="full_id">w398002985</SimpleData>
		<SimpleData name="osm_id">398002985</SimpleData>
		<SimpleData name="osm_type">way</SimpleData>
		<SimpleData name="building">yes</SimpleData>
	</SchemaData></ExtendedData>
      <MultiGeometry><Polygon><outerBoundaryIs><LinearRing><coordinates>80.2171985,6.0260618 80.2173305,6.0260726 80.2173442,6.025906 80.2172123,6.0258952 80.2171985,6.0260618</coordinates></LinearRing></outerBoundaryIs></Polygon></MultiGeometry>
  </Placemark>
  <Placemark id="buildings.852">
	<Style><LineStyle><color>ff0000ff</color></LineStyle><PolyStyle><fill>0</fill></PolyStyle></Style>
	<ExtendedData><SchemaData schemaUrl="#buildings">
		<SimpleData name="full_id">w398152418</SimpleData>
		<SimpleData name="osm_id">398152418</SimpleData>
		<SimpleData name="osm_type">way</SimpleData>
		<SimpleData name="building">yes</SimpleData>
	</SchemaData></ExtendedData>
      <MultiGeometry><Polygon><outerBoundaryIs><LinearRing><coordinates>80.2180859,6.0270822 80.2181914,6.0270714 80.2181833,6.0269938 80.2180778,6.0270047 80.2180859,6.0270822</coordinates></LinearRing></outerBoundaryIs></Polygon></MultiGeometry>
  </Placemark>
  <Placemark id="buildings.853">
	<Style><LineStyle><color>ff0000ff</color></LineStyle><PolyStyle><fill>0</fill></PolyStyle></Style>
	<ExtendedData><SchemaData schemaUrl="#buildings">
		<SimpleData name="full_id">w633469076</SimpleData>
		<SimpleData name="osm_id">633469076</SimpleData>
		<SimpleData name="osm_type">way</SimpleData>
		<SimpleData name="building">yes</SimpleData>
	</SchemaData></ExtendedData>
      <MultiGeometry><Polygon><outerBoundaryIs><LinearRing><coordinates>80.2195684,6.0353484 80.2195611,6.0353781 80.2197023,6.0354125 80.2197096,6.0353828 80.2195684,6.0353484</coordinates></LinearRing></outerBoundaryIs></Polygon></MultiGeometry>
  </Placemark>
  <Placemark id="buildings.854">
	<Style><LineStyle><color>ff0000ff</color></LineStyle><PolyStyle><fill>0</fill></PolyStyle></Style>
	<ExtendedData><SchemaData schemaUrl="#buildings">
		<SimpleData name="full_id">w398152417</SimpleData>
		<SimpleData name="osm_id">398152417</SimpleData>
		<SimpleData name="osm_type">way</SimpleData>
		<SimpleData name="building">yes</SimpleData>
		<SimpleData name="addr_stree">Leyn Baan Cross Street</SimpleData>
	</SchemaData></ExtendedData>
      <MultiGeometry><Polygon><outerBoundaryIs><LinearRing><coordinates>80.2179727,6.0270839 80.2180782,6.027073 80.2180701,6.0269954 80.2179647,6.0270063 80.2179727,6.0270839</coordinates></LinearRing></outerBoundaryIs></Polygon></MultiGeometry>
  </Placemark>
  <Placemark id="buildings.855">
	<Style><LineStyle><color>ff0000ff</color></LineStyle><PolyStyle><fill>0</fill></PolyStyle></Style>
	<ExtendedData><SchemaData schemaUrl="#buildings">
		<SimpleData name="full_id">w633469094</SimpleData>
		<SimpleData name="osm_id">633469094</SimpleData>
		<SimpleData name="osm_type">way</SimpleData>
		<SimpleData name="building">yes</SimpleData>
	</SchemaData></ExtendedData>
      <MultiGeometry><Polygon><outerBoundaryIs><LinearRing><coordinates>80.21952,6.0350371 80.2194256,6.0349748 80.2193436,6.0350974 80.2194379,6.0351598 80.21952,6.0350371</coordinates></LinearRing></outerBoundaryIs></Polygon></MultiGeometry>
  </Placemark>
  <Placemark id="buildings.856">
	<Style><LineStyle><color>ff0000ff</color></LineStyle><PolyStyle><fill>0</fill></PolyStyle></Style>
	<ExtendedData><SchemaData schemaUrl="#buildings">
		<SimpleData name="full_id">w398150965</SimpleData>
		<SimpleData name="osm_id">398150965</SimpleData>
		<SimpleData name="osm_type">way</SimpleData>
		<SimpleData name="building">yes</SimpleData>
	</SchemaData></ExtendedData>
      <MultiGeometry><Polygon><outerBoundaryIs><LinearRing><coordinates>80.2184653,6.0276545 80.2185651,6.0276593 80.2185759,6.0274391 80.2184761,6.0274343 80.2184653,6.0276545</coordinates></LinearRing></outerBoundaryIs></Polygon></MultiGeometry>
  </Placemark>
  <Placemark id="buildings.857">
	<Style><LineStyle><color>ff0000ff</color></LineStyle><PolyStyle><fill>0</fill></PolyStyle></Style>
	<ExtendedData><SchemaData schemaUrl="#buildings">
		<SimpleData name="full_id">w633469093</SimpleData>
		<SimpleData name="osm_id">633469093</SimpleData>
		<SimpleData name="osm_type">way</SimpleData>
		<SimpleData name="building">yes</SimpleData>
	</SchemaData></ExtendedData>
      <MultiGeometry><Polygon><outerBoundaryIs><LinearRing><coordinates>80.2194657,6.0351823 80.2195399,6.0350589 80.2195137,6.0350433 80.2194379,6.0351598 80.2194657,6.0351823</coordinates></LinearRing></outerBoundaryIs></Polygon></MultiGeometry>
  </Placemark>
  <Placemark id="buildings.858">
	<name>The Three by TPV</name>
	<Style><LineStyle><color>ff0000ff</color></LineStyle><PolyStyle><fill>0</fill></PolyStyle></Style>
	<ExtendedData><SchemaData schemaUrl="#buildings">
		<SimpleData name="full_id">w398150964</SimpleData>
		<SimpleData name="osm_id">398150964</SimpleData>
		<SimpleData name="osm_type">way</SimpleData>
		<SimpleData name="building">retail</SimpleData>
		<SimpleData name="opening_ho">Mo-Su 09:00-21:00</SimpleData>
		<SimpleData name="shop">furniture</SimpleData>
	</SchemaData></ExtendedData>
      <MultiGeometry><Polygon><outerBoundaryIs><LinearRing><coordinates>80.218904,6.026364 80.2190465,6.0263735 80.2190503,6.0262668 80.2189051,6.0262609 80.218904,6.026364</coordinates></LinearRing></outerBoundaryIs></Polygon></MultiGeometry>
  </Placemark>
  <Placemark id="buildings.859">
	<Style><LineStyle><color>ff0000ff</color></LineStyle><PolyStyle><fill>0</fill></PolyStyle></Style>
	<ExtendedData><SchemaData schemaUrl="#buildings">
		<SimpleData name="full_id">w633469092</SimpleData>
		<SimpleData name="osm_id">633469092</SimpleData>
		<SimpleData name="osm_type">way</SimpleData>
		<SimpleData name="building">yes</SimpleData>
	</SchemaData></ExtendedData>
      <MultiGeometry><Polygon><outerBoundaryIs><LinearRing><coordinates>80.2194657,6.0351823 80.2195053,6.0352063 80.2195741,6.0350811 80.2195399,6.0350589 80.2194657,6.0351823</coordinates></LinearRing></outerBoundaryIs></Polygon></MultiGeometry>
  </Placemark>
  <Placemark id="buildings.860">
	<Style><LineStyle><color>ff0000ff</color></LineStyle><PolyStyle><fill>0</fill></PolyStyle></Style>
	<ExtendedData><SchemaData schemaUrl="#buildings">
		<SimpleData name="full_id">w398150963</SimpleData>
		<SimpleData name="osm_id">398150963</SimpleData>
		<SimpleData name="osm_type">way</SimpleData>
		<SimpleData name="building">yes</SimpleData>
	</SchemaData></ExtendedData>
      <MultiGeometry><Polygon><outerBoundaryIs><LinearRing><coordinates>80.2189084,6.0268101 80.2189993,6.0268152 80.2190058,6.0267001 80.2189149,6.0266949 80.2189084,6.0268101</coordinates></LinearRing></outerBoundaryIs></Polygon></MultiGeometry>
  </Placemark>
  <Placemark id="buildings.861">
	<Style><LineStyle><color>ff0000ff</color></LineStyle><PolyStyle><fill>0</fill></PolyStyle></Style>
	<ExtendedData><SchemaData schemaUrl="#buildings">
		<SimpleData name="full_id">w633469091</SimpleData>
		<SimpleData name="osm_id">633469091</SimpleData>
		<SimpleData name="osm_type">way</SimpleData>
		<SimpleData name="building">yes</SimpleData>
	</SchemaData></ExtendedData>
      <MultiGeometry><Polygon><outerBoundaryIs><LinearRing><coordinates>80.21954,6.0352283 80.2196086,6.0350981 80.2195741,6.0350811 80.2195053,6.0352063 80.2195302,6.0352221 80.21954,6.0352283</coordinates></LinearRing></outerBoundaryIs></Polygon></MultiGeometry>
  </Placemark>
  <Placemark id="buildings.862">
	<name>Olanda</name>
	<Style><LineStyle><color>ff0000ff</color></LineStyle><PolyStyle><fill>0</fill></PolyStyle></Style>
	<ExtendedData><SchemaData schemaUrl="#buildings">
		<SimpleData name="full_id">w398150962</SimpleData>
		<SimpleData name="osm_id">398150962</SimpleData>
		<SimpleData name="osm_type">way</SimpleData>
		<SimpleData name="building">yes</SimpleData>
		<SimpleData name="check_date">2024-12-23</SimpleData>
		<SimpleData name="shop">furniture</SimpleData>
	</SchemaData></ExtendedData>
      <MultiGeometry><Polygon><outerBoundaryIs><LinearRing><coordinates>80.2186747,6.0268831 80.2187984,6.0268765 80.2188056,6.0267068 80.218661,6.0267325 80.2186747,6.0268831</coordinates></LinearRing></outerBoundaryIs></Polygon></MultiGeometry>
  </Placemark>
  <Placemark id="buildings.863">
	<Style><LineStyle><color>ff0000ff</color></LineStyle><PolyStyle><fill>0</fill></PolyStyle></Style>
	<ExtendedData><SchemaData schemaUrl="#buildings">
		<SimpleData name="full_id">w633469090</SimpleData>
		<SimpleData name="osm_id">633469090</SimpleData>
		<SimpleData name="osm_type">way</SimpleData>
		<SimpleData name="building">yes</SimpleData>
	</SchemaData></ExtendedData>
      <MultiGeometry><Polygon><outerBoundaryIs><LinearRing><coordinates>80.2196086,6.0352711 80.2196807,6.0351335 80.2196151,6.0350995 80.2195316,6.0352589 80.2196086,6.0352711</coordinates></LinearRing></outerBoundaryIs></Polygon></MultiGeometry>
  </Placemark>
  <Placemark id="buildings.864">
	<Style><LineStyle><color>ff0000ff</color></LineStyle><PolyStyle><fill>0</fill></PolyStyle></Style>
	<ExtendedData><SchemaData schemaUrl="#buildings">
		<SimpleData name="full_id">w398150961</SimpleData>
		<SimpleData name="osm_id">398150961</SimpleData>
		<SimpleData name="osm_type">way</SimpleData>
		<SimpleData name="building">yes</SimpleData>
	</SchemaData></ExtendedData>
      <MultiGeometry><Polygon><outerBoundaryIs><LinearRing><coordinates>80.2188516,6.0271725 80.2190976,6.027223 80.2191221,6.0270759 80.2189834,6.027053 80.21902,6.0268336 80.2189045,6.0268145 80.2188516,6.0271725</coordinates></LinearRing></outerBoundaryIs></Polygon></MultiGeometry>
  </Placemark>
  <Placemark id="buildings.865">
	<Style><LineStyle><color>ff0000ff</color></LineStyle><PolyStyle><fill>0</fill></PolyStyle></Style>
	<ExtendedData><SchemaData schemaUrl="#buildings">
		<SimpleData name="full_id">w398150960</SimpleData>
		<SimpleData name="osm_id">398150960</SimpleData>
		<SimpleData name="osm_type">way</SimpleData>
		<SimpleData name="building">yes</SimpleData>
	</SchemaData></ExtendedData>
      <MultiGeometry><Polygon><outerBoundaryIs><LinearRing><coordinates>80.2177156,6.028722 80.2177628,6.0286621 80.2175556,6.0285005 80.2175091,6.0285594 80.2176333,6.0286562 80.2176166,6.0286774 80.2176487,6.0287024 80.2176646,6.0286822 80.2177156,6.028722</coordinates></LinearRing></outerBoundaryIs></Polygon></MultiGeometry>
  </Placemark>
  <Placemark id="buildings.866">
	<Style><LineStyle><color>ff0000ff</color></LineStyle><PolyStyle><fill>0</fill></PolyStyle></Style>
	<ExtendedData><SchemaData schemaUrl="#buildings">
		<SimpleData name="full_id">w633469085</SimpleData>
		<SimpleData name="osm_id">633469085</SimpleData>
		<SimpleData name="osm_type">way</SimpleData>
		<SimpleData name="building">yes</SimpleData>
	</SchemaData></ExtendedData>
      <MultiGeometry><Polygon><outerBoundaryIs><LinearRing><coordinates>80.2204672,6.0354425 80.220598,6.0355259 80.2206655,6.0354213 80.2205581,6.0353529 80.2204672,6.0354425</coordinates></LinearRing></outerBoundaryIs></Polygon></MultiGeometry>
  </Placemark>
  <Placemark id="buildings.867">
	<name>Pedlar 62</name>
	<Style><LineStyle><color>ff0000ff</color></LineStyle><PolyStyle><fill>0</fill></PolyStyle></Style>
	<ExtendedData><SchemaData schemaUrl="#buildings">
		<SimpleData name="full_id">w398157498</SimpleData>
		<SimpleData name="osm_id">398157498</SimpleData>
		<SimpleData name="osm_type">way</SimpleData>
		<SimpleData name="building">yes</SimpleData>
		<SimpleData name="addr_hou_1">62</SimpleData>
		<SimpleData name="tourism">guest_house</SimpleData>
		<SimpleData name="addr_stree">Pedlar st</SimpleData>
	</SchemaData></ExtendedData>
      <MultiGeometry><Polygon><outerBoundaryIs><LinearRing><coordinates>80.2174777,6.0262897 80.2175677,6.0262993 80.2175814,6.0261722 80.2174914,6.0261626 80.2174777,6.0262897</coordinates></LinearRing></outerBoundaryIs></Polygon></MultiGeometry>
  </Placemark>
  <Placemark id="buildings.868">
	<Style><LineStyle><color>ff0000ff</color></LineStyle><PolyStyle><fill>0</fill></PolyStyle></Style>
	<ExtendedData><SchemaData schemaUrl="#buildings">
		<SimpleData name="full_id">w633469084</SimpleData>
		<SimpleData name="osm_id">633469084</SimpleData>
		<SimpleData name="osm_type">way</SimpleData>
		<SimpleData name="building">yes</SimpleData>
	</SchemaData></ExtendedData>
      <MultiGeometry><Polygon><outerBoundaryIs><LinearRing><coordinates>80.2202068,6.0354443 80.2203303,6.0355289 80.2204308,6.0353773 80.2203113,6.0352934 80.2202068,6.0354443</coordinates></LinearRing></outerBoundaryIs></Polygon></MultiGeometry>
  </Placemark>
  <Placemark id="buildings.869">
	<name>Muhsin Villa</name>
	<Style><LineStyle><color>ff0000ff</color></LineStyle><PolyStyle><fill>0</fill></PolyStyle></Style>
	<ExtendedData><SchemaData schemaUrl="#buildings">
		<SimpleData name="full_id">w398157496</SimpleData>
		<SimpleData name="osm_id">398157496</SimpleData>
		<SimpleData name="osm_type">way</SimpleData>
		<SimpleData name="building">yes</SimpleData>
		<SimpleData name="tourism">guest_house</SimpleData>
	</SchemaData></ExtendedData>
      <MultiGeometry><Polygon><outerBoundaryIs><LinearRing><coordinates>80.2168201,6.026443 80.2170709,6.0265208 80.2170925,6.0264519 80.2169399,6.0264046 80.2169475,6.0263804 80.2168493,6.0263499 80.2168201,6.026443</coordinates></LinearRing></outerBoundaryIs></Polygon></MultiGeometry>
  </Placemark>
  <Placemark id="buildings.870">
	<Style><LineStyle><color>ff0000ff</color></LineStyle><PolyStyle><fill>0</fill></PolyStyle></Style>
	<ExtendedData><SchemaData schemaUrl="#buildings">
		<SimpleData name="full_id">w1207950563</SimpleData>
		<SimpleData name="osm_id">1207950563</SimpleData>
		<SimpleData name="osm_type">way</SimpleData>
		<SimpleData name="building">office</SimpleData>
	</SchemaData></ExtendedData>
      <MultiGeometry><Polygon><outerBoundaryIs><LinearRing><coordinates>80.2170677,6.0336473 80.2171844,6.0336086 80.2171361,6.0335059 80.2170356,6.0335393 80.2170677,6.0336473</coordinates></LinearRing></outerBoundaryIs></Polygon></MultiGeometry>
  </Placemark>
  <Placemark id="buildings.871">
	<Style><LineStyle><color>ff0000ff</color></LineStyle><PolyStyle><fill>0</fill></PolyStyle></Style>
	<ExtendedData><SchemaData schemaUrl="#buildings">
		<SimpleData name="full_id">w398157494</SimpleData>
		<SimpleData name="osm_id">398157494</SimpleData>
		<SimpleData name="osm_type">way</SimpleData>
		<SimpleData name="building">yes</SimpleData>
	</SchemaData></ExtendedData>
      <MultiGeometry><Polygon><outerBoundaryIs><LinearRing><coordinates>80.2167468,6.0266866 80.2169009,6.026732 80.2169141,6.0266879 80.2170138,6.0267172 80.2170317,6.0266571 80.216898,6.0266178 80.2169218,6.0265378 80.2170568,6.0265776 80.2170733,6.0265224 80.216818,6.0264472 80.2167468,6.0266866</coordinates></LinearRing></outerBoundaryIs></Polygon></MultiGeometry>
  </Placemark>
  <Placemark id="buildings.872">
	<Style><LineStyle><color>ff0000ff</color></LineStyle><PolyStyle><fill>0</fill></PolyStyle></Style>
	<ExtendedData><SchemaData schemaUrl="#buildings">
		<SimpleData name="full_id">w1192345719</SimpleData>
		<SimpleData name="osm_id">1192345719</SimpleData>
		<SimpleData name="osm_type">way</SimpleData>
		<SimpleData name="building">yes</SimpleData>
	</SchemaData></ExtendedData>
      <MultiGeometry><Polygon><outerBoundaryIs><LinearRing><coordinates>80.2172346,6.0341865 80.217053,6.0341915 80.2170584,6.0343862 80.2173938,6.034377 80.2173902,6.0342455 80.2177078,6.0342415 80.2177051,6.0340308 80.2172327,6.0340367 80.2172346,6.0341865</coordinates></LinearRing></outerBoundaryIs></Polygon></MultiGeometry>
  </Placemark>
  <Placemark id="buildings.873">
	<Style><LineStyle><color>ff0000ff</color></LineStyle><PolyStyle><fill>0</fill></PolyStyle></Style>
	<ExtendedData><SchemaData schemaUrl="#buildings">
		<SimpleData name="full_id">w398156354</SimpleData>
		<SimpleData name="osm_id">398156354</SimpleData>
		<SimpleData name="osm_type">way</SimpleData>
		<SimpleData name="building">yes</SimpleData>
	</SchemaData></ExtendedData>
      <MultiGeometry><Polygon><outerBoundaryIs><LinearRing><coordinates>80.2185054,6.0256723 80.2184447,6.0260143 80.2185362,6.0260218 80.2185952,6.0256879 80.2185054,6.0256723</coordinates></LinearRing></outerBoundaryIs></Polygon></MultiGeometry>
  </Placemark>
  <Placemark id="buildings.874">
	<Style><LineStyle><color>ff0000ff</color></LineStyle><PolyStyle><fill>0</fill></PolyStyle></Style>
	<ExtendedData><SchemaData schemaUrl="#buildings">
		<SimpleData name="full_id">w398156353</SimpleData>
		<SimpleData name="osm_id">398156353</SimpleData>
		<SimpleData name="osm_type">way</SimpleData>
		<SimpleData name="building">yes</SimpleData>
	</SchemaData></ExtendedData>
      <MultiGeometry><Polygon><outerBoundaryIs><LinearRing><coordinates>80.2190374,6.0261916 80.2190409,6.0260474 80.2189108,6.0260417 80.2189065,6.0261715 80.2189202,6.026186 80.2190374,6.0261916</coordinates></LinearRing></outerBoundaryIs></Polygon></MultiGeometry>
  </Placemark>
  <Placemark id="buildings.875">
	<Style><LineStyle><color>ff0000ff</color></LineStyle><PolyStyle><fill>0</fill></PolyStyle></Style>
	<ExtendedData><SchemaData schemaUrl="#buildings">
		<SimpleData name="full_id">w992217522</SimpleData>
		<SimpleData name="osm_id">992217522</SimpleData>
		<SimpleData name="osm_type">way</SimpleData>
		<SimpleData name="building">house</SimpleData>
	</SchemaData></ExtendedData>
      <MultiGeometry><Polygon><outerBoundaryIs><LinearRing><coordinates>80.2169238,6.0273383 80.2170357,6.0271143 80.2169463,6.0270708 80.2168391,6.0273031 80.2169238,6.0273383</coordinates></LinearRing></outerBoundaryIs></Polygon></MultiGeometry>
  </Placemark>
  <Placemark id="buildings.876">
	<Style><LineStyle><color>ff0000ff</color></LineStyle><PolyStyle><fill>0</fill></PolyStyle></Style>
	<ExtendedData><SchemaData schemaUrl="#buildings">
		<SimpleData name="full_id">w398152421</SimpleData>
		<SimpleData name="osm_id">398152421</SimpleData>
		<SimpleData name="osm_type">way</SimpleData>
		<SimpleData name="building">yes</SimpleData>
		<SimpleData name="roof_shape">gabled</SimpleData>
		<SimpleData name="roof_heigh">1.25</SimpleData>
		<SimpleData name="height">6.38</SimpleData>
	</SchemaData></ExtendedData>
      <MultiGeometry><Polygon><outerBoundaryIs><LinearRing><coordinates>80.2177725,6.0243364 80.2178728,6.0243598 80.2178957,6.0242432 80.2178011,6.0242195 80.2177725,6.0243364</coordinates></LinearRing></outerBoundaryIs></Polygon></MultiGeometry>
  </Placemark>
  <Placemark id="buildings.877">
	<Style><LineStyle><color>ff0000ff</color></LineStyle><PolyStyle><fill>0</fill></PolyStyle></Style>
	<ExtendedData><SchemaData schemaUrl="#buildings">
		<SimpleData name="full_id">w992217521</SimpleData>
		<SimpleData name="osm_id">992217521</SimpleData>
		<SimpleData name="osm_type">way</SimpleData>
		<SimpleData name="building">house</SimpleData>
	</SchemaData></ExtendedData>
      <MultiGeometry><Polygon><outerBoundaryIs><LinearRing><coordinates>80.2168391,6.0273031 80.2168965,6.0271603 80.2167523,6.0271029 80.2166949,6.0272457 80.2168391,6.0273031</coordinates></LinearRing></outerBoundaryIs></Polygon></MultiGeometry>
  </Placemark>
  <Placemark id="buildings.878">
	<Style><LineStyle><color>ff0000ff</color></LineStyle><PolyStyle><fill>0</fill></PolyStyle></Style>
	<ExtendedData><SchemaData schemaUrl="#buildings">
		<SimpleData name="full_id">w398152420</SimpleData>
		<SimpleData name="osm_id">398152420</SimpleData>
		<SimpleData name="osm_type">way</SimpleData>
		<SimpleData name="building">yes</SimpleData>
	</SchemaData></ExtendedData>
      <MultiGeometry><Polygon><outerBoundaryIs><LinearRing><coordinates>80.2183093,6.0265383 80.2183132,6.0266421 80.2183535,6.0266406 80.2183556,6.0266954 80.2184357,6.0266924 80.218433,6.0266204 80.2184075,6.0266213 80.2184042,6.0265347 80.2183093,6.0265383</coordinates></LinearRing></outerBoundaryIs></Polygon></MultiGeometry>
  </Placemark>
  <Placemark id="buildings.879">
	<Style><LineStyle><color>ff0000ff</color></LineStyle><PolyStyle><fill>0</fill></PolyStyle></Style>
	<ExtendedData><SchemaData schemaUrl="#buildings">
		<SimpleData name="full_id">w633470382</SimpleData>
		<SimpleData name="osm_id">633470382</SimpleData>
		<SimpleData name="osm_type">way</SimpleData>
		<SimpleData name="building">yes</SimpleData>
	</SchemaData></ExtendedData>
      <MultiGeometry><Polygon><outerBoundaryIs><LinearRing><coordinates>80.2194571,6.0347261 80.2194238,6.0346935 80.2193688,6.0347489 80.2194021,6.0347815 80.2194571,6.0347261</coordinates></LinearRing></outerBoundaryIs></Polygon></MultiGeometry>
  </Placemark>
  <Placemark id="buildings.880">
	<Style><LineStyle><color>ff0000ff</color></LineStyle><PolyStyle><fill>0</fill></PolyStyle></Style>
	<ExtendedData><SchemaData schemaUrl="#buildings">
		<SimpleData name="full_id">w398152419</SimpleData>
		<SimpleData name="osm_id">398152419</SimpleData>
		<SimpleData name="osm_type">way</SimpleData>
		<SimpleData name="building">yes</SimpleData>
		<SimpleData name="addr_hou_1">3</SimpleData>
		<SimpleData name="addr_stree">Leyn Baan Cross Street</SimpleData>
	</SchemaData></ExtendedData>
      <MultiGeometry><Polygon><outerBoundaryIs><LinearRing><coordinates>80.2182151,6.0269211 80.218316,6.0269102 80.2182929,6.0266975 80.2183556,6.0266954 80.2183535,6.0266406 80.2183132,6.0266421 80.2183093,6.0265383 80.2181756,6.0265459 80.2181814,6.0266534 80.2182151,6.0269211</coordinates></LinearRing></outerBoundaryIs></Polygon></MultiGeometry>
  </Placemark>
  <Placemark id="buildings.881">
	<Style><LineStyle><color>ff0000ff</color></LineStyle><PolyStyle><fill>0</fill></PolyStyle></Style>
	<ExtendedData><SchemaData schemaUrl="#buildings">
		<SimpleData name="full_id">w633470381</SimpleData>
		<SimpleData name="osm_id">633470381</SimpleData>
		<SimpleData name="osm_type">way</SimpleData>
		<SimpleData name="building">yes</SimpleData>
	</SchemaData></ExtendedData>
      <MultiGeometry><Polygon><outerBoundaryIs><LinearRing><coordinates>80.2194961,6.0347703 80.2194567,6.0347354 80.2194077,6.03479 80.219464,6.03484 80.2194961,6.0347703</coordinates></LinearRing></outerBoundaryIs></Polygon></MultiGeometry>
  </Placemark>
  <Placemark id="buildings.882">
	<Style><LineStyle><color>ff0000ff</color></LineStyle><PolyStyle><fill>0</fill></PolyStyle></Style>
	<ExtendedData><SchemaData schemaUrl="#buildings">
		<SimpleData name="full_id">w398158898</SimpleData>
		<SimpleData name="osm_id">398158898</SimpleData>
		<SimpleData name="osm_type">way</SimpleData>
		<SimpleData name="building">yes</SimpleData>
	</SchemaData></ExtendedData>
      <MultiGeometry><Polygon><outerBoundaryIs><LinearRing><coordinates>80.2161291,6.0272048 80.2163838,6.0272675 80.2164114,6.0271792 80.2161582,6.0271011 80.2161291,6.0272048</coordinates></LinearRing></outerBoundaryIs></Polygon></MultiGeometry>
  </Placemark>
  <Placemark id="buildings.883">
	<Style><LineStyle><color>ff0000ff</color></LineStyle><PolyStyle><fill>0</fill></PolyStyle></Style>
	<ExtendedData><SchemaData schemaUrl="#buildings">
		<SimpleData name="full_id">w633469095</SimpleData>
		<SimpleData name="osm_id">633469095</SimpleData>
		<SimpleData name="osm_type">way</SimpleData>
		<SimpleData name="building">yes</SimpleData>
	</SchemaData></ExtendedData>
      <MultiGeometry><Polygon><outerBoundaryIs><LinearRing><coordinates>80.2195302,6.0352221 80.2193335,6.0350768 80.219278,6.0351505 80.2193996,6.0352409 80.2194384,6.0352916 80.2195302,6.0352221</coordinates></LinearRing></outerBoundaryIs></Polygon></MultiGeometry>
  </Placemark>
  <Placemark id="buildings.884">
	<Style><LineStyle><color>ff0000ff</color></LineStyle><PolyStyle><fill>0</fill></PolyStyle></Style>
	<ExtendedData><SchemaData schemaUrl="#buildings">
		<SimpleData name="full_id">w398158897</SimpleData>
		<SimpleData name="osm_id">398158897</SimpleData>
		<SimpleData name="osm_type">way</SimpleData>
		<SimpleData name="building">yes</SimpleData>
	</SchemaData></ExtendedData>
      <MultiGeometry><Polygon><outerBoundaryIs><LinearRing><coordinates>80.2163735,6.0276353 80.2164107,6.0274722 80.2161717,6.0274184 80.2161395,6.02756 80.2162084,6.0275755 80.2162239,6.0275077 80.2163005,6.027525 80.2162802,6.0276143 80.2163735,6.0276353</coordinates></LinearRing></outerBoundaryIs></Polygon></MultiGeometry>
  </Placemark>
  <Placemark id="buildings.885">
	<Style><LineStyle><color>ff0000ff</color></LineStyle><PolyStyle><fill>0</fill></PolyStyle></Style>
	<ExtendedData><SchemaData schemaUrl="#buildings">
		<SimpleData name="full_id">w398158896</SimpleData>
		<SimpleData name="osm_id">398158896</SimpleData>
		<SimpleData name="osm_type">way</SimpleData>
		<SimpleData name="building">yes</SimpleData>
	</SchemaData></ExtendedData>
      <MultiGeometry><Polygon><outerBoundaryIs><LinearRing><coordinates>80.2160552,6.027585 80.2161318,6.0275836 80.2161286,6.0274076 80.2159763,6.0274103 80.2159777,6.027491 80.2160535,6.0274897 80.2160552,6.027585</coordinates></LinearRing></outerBoundaryIs></Polygon></MultiGeometry>
  </Placemark>
  <Placemark id="buildings.886">
	<Style><LineStyle><color>ff0000ff</color></LineStyle><PolyStyle><fill>0</fill></PolyStyle></Style>
	<ExtendedData><SchemaData schemaUrl="#buildings">
		<SimpleData name="full_id">w398158895</SimpleData>
		<SimpleData name="osm_id">398158895</SimpleData>
		<SimpleData name="osm_type">way</SimpleData>
		<SimpleData name="building">yes</SimpleData>
	</SchemaData></ExtendedData>
      <MultiGeometry><Polygon><outerBoundaryIs><LinearRing><coordinates>80.2157595,6.0278121 80.2160366,6.0277361 80.2160152,6.027659 80.2157381,6.027735 80.2157595,6.0278121</coordinates></LinearRing></outerBoundaryIs></Polygon></MultiGeometry>
  </Placemark>
  <Placemark id="buildings.887">
	<Style><LineStyle><color>ff0000ff</color></LineStyle><PolyStyle><fill>0</fill></PolyStyle></Style>
	<ExtendedData><SchemaData schemaUrl="#buildings">
		<SimpleData name="full_id">w398158894</SimpleData>
		<SimpleData name="osm_id">398158894</SimpleData>
		<SimpleData name="osm_type">way</SimpleData>
		<SimpleData name="building">yes</SimpleData>
	</SchemaData></ExtendedData>
      <MultiGeometry><Polygon><outerBoundaryIs><LinearRing><coordinates>80.2158763,6.0275863 80.2157531,6.0274117 80.215634,6.0274948 80.2157572,6.0276694 80.2158763,6.0275863</coordinates></LinearRing></outerBoundaryIs></Polygon></MultiGeometry>
  </Placemark>
  <Placemark id="buildings.888">
	<Style><LineStyle><color>ff0000ff</color></LineStyle><PolyStyle><fill>0</fill></PolyStyle></Style>
	<ExtendedData><SchemaData schemaUrl="#buildings">
		<SimpleData name="full_id">w398158893</SimpleData>
		<SimpleData name="osm_id">398158893</SimpleData>
		<SimpleData name="osm_type">way</SimpleData>
		<SimpleData name="building">yes</SimpleData>
	</SchemaData></ExtendedData>
      <MultiGeometry><Polygon><outerBoundaryIs><LinearRing><coordinates>80.2162444,6.0279572 80.2162393,6.0277812 80.2160068,6.0277878 80.2160118,6.0279638 80.2162444,6.0279572</coordinates></LinearRing></outerBoundaryIs></Polygon></MultiGeometry>
  </Placemark>
  <Placemark id="buildings.889">
	<name>Magistrate Court (Malay Soilders' Barrack)</name>
	<Style><LineStyle><color>ff0000ff</color></LineStyle><PolyStyle><fill>0</fill></PolyStyle></Style>
	<ExtendedData><SchemaData schemaUrl="#buildings">
		<SimpleData name="full_id">w398158892</SimpleData>
		<SimpleData name="osm_id">398158892</SimpleData>
		<SimpleData name="osm_type">way</SimpleData>
		<SimpleData name="building">yes</SimpleData>
		<SimpleData name="historic">monument</SimpleData>
		<SimpleData name="denominati">methodist</SimpleData>
		<SimpleData name="addr_city">Galle</SimpleData>
		<SimpleData name="religion">christian</SimpleData>
		<SimpleData name="amenity">place_of_worship</SimpleData>
	</SchemaData></ExtendedData>
      <MultiGeometry><Polygon><outerBoundaryIs><LinearRing><coordinates>80.2162901,6.027787 80.216319,6.0276915 80.2161935,6.0276539 80.2162088,6.0276034 80.2161468,6.0275849 80.2161026,6.0277309 80.2162901,6.027787</coordinates></LinearRing></outerBoundaryIs></Polygon></MultiGeometry>
  </Placemark>
  <Placemark id="buildings.890">
	<Style><LineStyle><color>ff0000ff</color></LineStyle><PolyStyle><fill>0</fill></PolyStyle></Style>
	<ExtendedData><SchemaData schemaUrl="#buildings">
		<SimpleData name="full_id">w398157503</SimpleData>
		<SimpleData name="osm_id">398157503</SimpleData>
		<SimpleData name="osm_type">way</SimpleData>
		<SimpleData name="building">yes</SimpleData>
	</SchemaData></ExtendedData>
      <MultiGeometry><Polygon><outerBoundaryIs><LinearRing><coordinates>80.2172512,6.0263599 80.2174269,6.0264099 80.2174679,6.0262673 80.2172922,6.0262174 80.2172512,6.0263599</coordinates></LinearRing></outerBoundaryIs></Polygon></MultiGeometry>
  </Placemark>
  <Placemark id="buildings.891">
	<Style><LineStyle><color>ff0000ff</color></LineStyle><PolyStyle><fill>0</fill></PolyStyle></Style>
	<ExtendedData><SchemaData schemaUrl="#buildings">
		<SimpleData name="full_id">w433814096</SimpleData>
		<SimpleData name="osm_id">433814096</SimpleData>
		<SimpleData name="osm_type">way</SimpleData>
		<SimpleData name="building">yes</SimpleData>
	</SchemaData></ExtendedData>
      <MultiGeometry><Polygon><outerBoundaryIs><LinearRing><coordinates>80.2151522,6.0337271 80.2151847,6.0337241 80.2151775,6.0336483 80.2151297,6.0336528 80.2151308,6.033665 80.2151093,6.0336671 80.2151154,6.0337306 80.2151522,6.0337271</coordinates></LinearRing></outerBoundaryIs></Polygon></MultiGeometry>
  </Placemark>
  <Placemark id="buildings.892">
	<Style><LineStyle><color>ff0000ff</color></LineStyle><PolyStyle><fill>0</fill></PolyStyle></Style>
	<ExtendedData><SchemaData schemaUrl="#buildings">
		<SimpleData name="full_id">w433814095</SimpleData>
		<SimpleData name="osm_id">433814095</SimpleData>
		<SimpleData name="osm_type">way</SimpleData>
		<SimpleData name="building">yes</SimpleData>
	</SchemaData></ExtendedData>
      <MultiGeometry><Polygon><outerBoundaryIs><LinearRing><coordinates>80.214725,6.034261 80.2147719,6.034259 80.2147696,6.0342054 80.2147227,6.0342074 80.214725,6.034261</coordinates></LinearRing></outerBoundaryIs></Polygon></MultiGeometry>
  </Placemark>
  <Placemark id="buildings.893">
	<Style><LineStyle><color>ff0000ff</color></LineStyle><PolyStyle><fill>0</fill></PolyStyle></Style>
	<ExtendedData><SchemaData schemaUrl="#buildings">
		<SimpleData name="full_id">w433814094</SimpleData>
		<SimpleData name="osm_id">433814094</SimpleData>
		<SimpleData name="osm_type">way</SimpleData>
		<SimpleData name="building">yes</SimpleData>
	</SchemaData></ExtendedData>
      <MultiGeometry><Polygon><outerBoundaryIs><LinearRing><coordinates>80.2148638,6.0341243 80.2148886,6.0341243 80.2148886,6.0340582 80.2148638,6.0340582 80.2148638,6.0341243</coordinates></LinearRing></outerBoundaryIs></Polygon></MultiGeometry>
  </Placemark>
  <Placemark id="buildings.894">
	<Style><LineStyle><color>ff0000ff</color></LineStyle><PolyStyle><fill>0</fill></PolyStyle></Style>
	<ExtendedData><SchemaData schemaUrl="#buildings">
		<SimpleData name="full_id">w433814093</SimpleData>
		<SimpleData name="osm_id">433814093</SimpleData>
		<SimpleData name="osm_type">way</SimpleData>
		<SimpleData name="building">yes</SimpleData>
	</SchemaData></ExtendedData>
      <MultiGeometry><Polygon><outerBoundaryIs><LinearRing><coordinates>80.2148115,6.0339532 80.2148759,6.0339512 80.2148743,6.0339029 80.21481,6.0339049 80.2148115,6.0339532</coordinates></LinearRing></outerBoundaryIs></Polygon></MultiGeometry>
  </Placemark>
  <Placemark id="buildings.895">
	<Style><LineStyle><color>ff0000ff</color></LineStyle><PolyStyle><fill>0</fill></PolyStyle></Style>
	<ExtendedData><SchemaData schemaUrl="#buildings">
		<SimpleData name="full_id">w433814092</SimpleData>
		<SimpleData name="osm_id">433814092</SimpleData>
		<SimpleData name="osm_type">way</SimpleData>
		<SimpleData name="building">yes</SimpleData>
	</SchemaData></ExtendedData>
      <MultiGeometry><Polygon><outerBoundaryIs><LinearRing><coordinates>80.2147726,6.0338964 80.2148323,6.0339014 80.2148374,6.0338437 80.2147771,6.0338389 80.2147726,6.0338964</coordinates></LinearRing></outerBoundaryIs></Polygon></MultiGeometry>
  </Placemark>
  <Placemark id="buildings.896">
	<Style><LineStyle><color>ff0000ff</color></LineStyle><PolyStyle><fill>0</fill></PolyStyle></Style>
	<ExtendedData><SchemaData schemaUrl="#buildings">
		<SimpleData name="full_id">w433814091</SimpleData>
		<SimpleData name="osm_id">433814091</SimpleData>
		<SimpleData name="osm_type">way</SimpleData>
		<SimpleData name="building">yes</SimpleData>
	</SchemaData></ExtendedData>
      <MultiGeometry><Polygon><outerBoundaryIs><LinearRing><coordinates>80.2151494,6.0343323 80.2152903,6.034331 80.2152893,6.034235 80.2151485,6.0342363 80.2151494,6.0343323</coordinates></LinearRing></outerBoundaryIs></Polygon></MultiGeometry>
  </Placemark>
  <Placemark id="buildings.897">
	<Style><LineStyle><color>ff0000ff</color></LineStyle><PolyStyle><fill>0</fill></PolyStyle></Style>
	<ExtendedData><SchemaData schemaUrl="#buildings">
		<SimpleData name="full_id">w433814090</SimpleData>
		<SimpleData name="osm_id">433814090</SimpleData>
		<SimpleData name="osm_type">way</SimpleData>
		<SimpleData name="building">yes</SimpleData>
		<SimpleData name="addr_hou_1">42</SimpleData>
		<SimpleData name="addr_stree">Havelock Road</SimpleData>
	</SchemaData></ExtendedData>
      <MultiGeometry><Polygon><outerBoundaryIs><LinearRing><coordinates>80.2147243,6.0340316 80.2148826,6.0340276 80.2148809,6.0339625 80.2147227,6.0339665 80.2147243,6.0340316</coordinates></LinearRing></outerBoundaryIs></Polygon></MultiGeometry>
  </Placemark>
  <Placemark id="buildings.898">
	<Style><LineStyle><color>ff0000ff</color></LineStyle><PolyStyle><fill>0</fill></PolyStyle></Style>
	<ExtendedData><SchemaData schemaUrl="#buildings">
		<SimpleData name="full_id">w433814089</SimpleData>
		<SimpleData name="osm_id">433814089</SimpleData>
		<SimpleData name="osm_type">way</SimpleData>
		<SimpleData name="building">yes</SimpleData>
	</SchemaData></ExtendedData>
      <MultiGeometry><Polygon><outerBoundaryIs><LinearRing><coordinates>80.2147015,6.0341963 80.2147505,6.0341963 80.2147485,6.0341409 80.2146996,6.0341409 80.2147015,6.0341963</coordinates></LinearRing></outerBoundaryIs></Polygon></MultiGeometry>
  </Placemark>
  <Placemark id="buildings.899">
	<Style><LineStyle><color>ff0000ff</color></LineStyle><PolyStyle><fill>0</fill></PolyStyle></Style>
	<ExtendedData><SchemaData schemaUrl="#buildings">
		<SimpleData name="full_id">w437147624</SimpleData>
		<SimpleData name="osm_id">437147624</SimpleData>
		<SimpleData name="osm_type">way</SimpleData>
		<SimpleData name="building">yes</SimpleData>
	</SchemaData></ExtendedData>
      <MultiGeometry><Polygon><outerBoundaryIs><LinearRing><coordinates>80.2136821,6.0342501 80.2137581,6.0342105 80.2137238,6.0341454 80.2136478,6.0341849 80.2136821,6.0342501</coordinates></LinearRing></outerBoundaryIs></Polygon></MultiGeometry>
  </Placemark>
  <Placemark id="buildings.900">
	<Style><LineStyle><color>ff0000ff</color></LineStyle><PolyStyle><fill>0</fill></PolyStyle></Style>
	<ExtendedData><SchemaData schemaUrl="#buildings">
		<SimpleData name="full_id">w437147623</SimpleData>
		<SimpleData name="osm_id">437147623</SimpleData>
		<SimpleData name="osm_type">way</SimpleData>
		<SimpleData name="building">yes</SimpleData>
	</SchemaData></ExtendedData>
      <MultiGeometry><Polygon><outerBoundaryIs><LinearRing><coordinates>80.213552,6.0341954 80.213729,6.0341127 80.2136845,6.0340186 80.2135076,6.0341013 80.213552,6.0341954</coordinates></LinearRing></outerBoundaryIs></Polygon></MultiGeometry>
  </Placemark>
  <Placemark id="buildings.901">
	<name>District Secretariat Office - Galle</name>
	<Style><LineStyle><color>ff0000ff</color></LineStyle><PolyStyle><fill>0</fill></PolyStyle></Style>
	<ExtendedData><SchemaData schemaUrl="#buildings">
		<SimpleData name="full_id">w437147621</SimpleData>
		<SimpleData name="osm_id">437147621</SimpleData>
		<SimpleData name="osm_type">way</SimpleData>
		<SimpleData name="building">government_office</SimpleData>
	</SchemaData></ExtendedData>
      <MultiGeometry><Polygon><outerBoundaryIs><LinearRing><coordinates>80.2135504,6.033885 80.2134924,6.0337707 80.2134079,6.0338131 80.2135105,6.0340155 80.2135969,6.0339722 80.213572,6.033923 80.2136825,6.0338676 80.2137036,6.0339092 80.2137926,6.0338645 80.2136896,6.0336612 80.2136024,6.0337049 80.2136646,6.0338277 80.2135504,6.033885</coordinates></LinearRing></outerBoundaryIs></Polygon></MultiGeometry>
  </Placemark>
  <Placemark id="buildings.902">
	<name>District Secretariat Office - Galle</name>
	<Style><LineStyle><color>ff0000ff</color></LineStyle><PolyStyle><fill>0</fill></PolyStyle></Style>
	<ExtendedData><SchemaData schemaUrl="#buildings">
		<SimpleData name="full_id">w437147620</SimpleData>
		<SimpleData name="osm_id">437147620</SimpleData>
		<SimpleData name="osm_type">way</SimpleData>
		<SimpleData name="building">government_office</SimpleData>
		<SimpleData name="government">yes</SimpleData>
		<SimpleData name="phone">0912222233</SimpleData>
		<SimpleData name="website">http://www.galle.dist.gov.lk/index.php/en/</SimpleData>
		<SimpleData name="opening_ho">08:30-16:15</SimpleData>
		<SimpleData name="office">government</SimpleData>
	</SchemaData></ExtendedData>
      <MultiGeometry><Polygon><outerBoundaryIs><LinearRing><coordinates>80.2136627,6.0335659 80.2133124,6.0337298 80.213504,6.0340794 80.2137378,6.0339687 80.213829,6.0338927 80.2138303,6.0338647 80.2138263,6.0337673 80.2137847,6.0335819 80.2137552,6.0335259 80.2136627,6.0335659</coordinates></LinearRing></outerBoundaryIs></Polygon></MultiGeometry>
  </Placemark>
  <Placemark id="buildings.903">
	<Style><LineStyle><color>ff0000ff</color></LineStyle><PolyStyle><fill>0</fill></PolyStyle></Style>
	<ExtendedData><SchemaData schemaUrl="#buildings">
		<SimpleData name="full_id">w435112177</SimpleData>
		<SimpleData name="osm_id">435112177</SimpleData>
		<SimpleData name="osm_type">way</SimpleData>
		<SimpleData name="building">yes</SimpleData>
	</SchemaData></ExtendedData>
      <MultiGeometry><Polygon><outerBoundaryIs><LinearRing><coordinates>80.2161149,6.0333007 80.2160752,6.0333064 80.2160816,6.0333509 80.2161208,6.0333453 80.2161306,6.0334128 80.2162473,6.0333962 80.2162295,6.0332727 80.2161132,6.0332892 80.2161149,6.0333007</coordinates></LinearRing></outerBoundaryIs></Polygon></MultiGeometry>
  </Placemark>
  <Placemark id="buildings.904">
	<Style><LineStyle><color>ff0000ff</color></LineStyle><PolyStyle><fill>0</fill></PolyStyle></Style>
	<ExtendedData><SchemaData schemaUrl="#buildings">
		<SimpleData name="full_id">w435112176</SimpleData>
		<SimpleData name="osm_id">435112176</SimpleData>
		<SimpleData name="osm_type">way</SimpleData>
		<SimpleData name="building">yes</SimpleData>
	</SchemaData></ExtendedData>
      <MultiGeometry><Polygon><outerBoundaryIs><LinearRing><coordinates>80.2161989,6.0330777 80.2161876,6.0330802 80.216212,6.033188 80.2163343,6.0331607 80.2163248,6.0331184 80.216357,6.0331112 80.2163421,6.0330455 80.2163363,6.0330468 80.2163239,6.0329921 80.2161865,6.0330228 80.2161989,6.0330777</coordinates></LinearRing></outerBoundaryIs></Polygon></MultiGeometry>
  </Placemark>
  <Placemark id="buildings.905">
	<Style><LineStyle><color>ff0000ff</color></LineStyle><PolyStyle><fill>0</fill></PolyStyle></Style>
	<ExtendedData><SchemaData schemaUrl="#buildings">
		<SimpleData name="full_id">w433814098</SimpleData>
		<SimpleData name="osm_id">433814098</SimpleData>
		<SimpleData name="osm_type">way</SimpleData>
		<SimpleData name="building">yes</SimpleData>
	</SchemaData></ExtendedData>
      <MultiGeometry><Polygon><outerBoundaryIs><LinearRing><coordinates>80.2147421,6.0343695 80.2147678,6.0343698 80.214768,6.0343515 80.2148043,6.034352 80.2148046,6.0343311 80.2147679,6.0343306 80.2147679,6.0343298 80.2147427,6.0343295 80.2147421,6.0343695</coordinates></LinearRing></outerBoundaryIs></Polygon></MultiGeometry>
  </Placemark>
  <Placemark id="buildings.906">
	<Style><LineStyle><color>ff0000ff</color></LineStyle><PolyStyle><fill>0</fill></PolyStyle></Style>
	<ExtendedData><SchemaData schemaUrl="#buildings">
		<SimpleData name="full_id">w433814097</SimpleData>
		<SimpleData name="osm_id">433814097</SimpleData>
		<SimpleData name="osm_type">way</SimpleData>
		<SimpleData name="building">yes</SimpleData>
	</SchemaData></ExtendedData>
      <MultiGeometry><Polygon><outerBoundaryIs><LinearRing><coordinates>80.2148135,6.0343317 80.2148652,6.0343369 80.2148699,6.0342908 80.2148233,6.0342861 80.2148183,6.0342856 80.2147953,6.0342833 80.2147913,6.0343229 80.2148142,6.0343252 80.2148135,6.0343317</coordinates></LinearRing></outerBoundaryIs></Polygon></MultiGeometry>
  </Placemark>
  <Placemark id="buildings.907">
	<Style><LineStyle><color>ff0000ff</color></LineStyle><PolyStyle><fill>0</fill></PolyStyle></Style>
	<ExtendedData><SchemaData schemaUrl="#buildings">
		<SimpleData name="full_id">w437236219</SimpleData>
		<SimpleData name="osm_id">437236219</SimpleData>
		<SimpleData name="osm_type">way</SimpleData>
		<SimpleData name="building">yes</SimpleData>
		<SimpleData name="roof_shape">gabled</SimpleData>
		<SimpleData name="roof_heigh">2.31</SimpleData>
		<SimpleData name="height">9.34</SimpleData>
	</SchemaData></ExtendedData>
      <MultiGeometry><Polygon><outerBoundaryIs><LinearRing><coordinates>80.2183216,6.0251709 80.2184103,6.0251836 80.2184376,6.0249853 80.218456,6.0248511 80.2183657,6.024833 80.2183476,6.0249714 80.2183216,6.0251709</coordinates></LinearRing></outerBoundaryIs></Polygon></MultiGeometry>
  </Placemark>
  <Placemark id="buildings.908">
	<Style><LineStyle><color>ff0000ff</color></LineStyle><PolyStyle><fill>0</fill></PolyStyle></Style>
	<ExtendedData><SchemaData schemaUrl="#buildings">
		<SimpleData name="full_id">w437236218</SimpleData>
		<SimpleData name="osm_id">437236218</SimpleData>
		<SimpleData name="osm_type">way</SimpleData>
		<SimpleData name="building">yes</SimpleData>
		<SimpleData name="roof_shape">gabled</SimpleData>
		<SimpleData name="roof_heigh">1.99</SimpleData>
	</SchemaData></ExtendedData>
      <MultiGeometry><Polygon><outerBoundaryIs><LinearRing><coordinates>80.2173988,6.0244513 80.2177078,6.0245446 80.2177333,6.0244419 80.2174302,6.0243518 80.2173988,6.0244513</coordinates></LinearRing></outerBoundaryIs></Polygon></MultiGeometry>
  </Placemark>
  <Placemark id="buildings.909">
	<Style><LineStyle><color>ff0000ff</color></LineStyle><PolyStyle><fill>0</fill></PolyStyle></Style>
	<ExtendedData><SchemaData schemaUrl="#buildings">
		<SimpleData name="full_id">w437236217</SimpleData>
		<SimpleData name="osm_id">437236217</SimpleData>
		<SimpleData name="osm_type">way</SimpleData>
		<SimpleData name="building">yes</SimpleData>
		<SimpleData name="roof_shape">gabled</SimpleData>
		<SimpleData name="roof_heigh">1.53</SimpleData>
	</SchemaData></ExtendedData>
      <MultiGeometry><Polygon><outerBoundaryIs><LinearRing><coordinates>80.2180644,6.0250616 80.2182145,6.0250823 80.2183235,6.0250974 80.2183317,6.0250395 80.2182233,6.0250236 80.2180735,6.0250017 80.2180644,6.0250616</coordinates></LinearRing></outerBoundaryIs></Polygon></MultiGeometry>
  </Placemark>
  <Placemark id="buildings.910">
	<Style><LineStyle><color>ff0000ff</color></LineStyle><PolyStyle><fill>0</fill></PolyStyle></Style>
	<ExtendedData><SchemaData schemaUrl="#buildings">
		<SimpleData name="full_id">w437236213</SimpleData>
		<SimpleData name="osm_id">437236213</SimpleData>
		<SimpleData name="osm_type">way</SimpleData>
		<SimpleData name="building">yes</SimpleData>
		<SimpleData name="roof_shape">gabled</SimpleData>
		<SimpleData name="roof_heigh">1.52</SimpleData>
	</SchemaData></ExtendedData>
      <MultiGeometry><Polygon><outerBoundaryIs><LinearRing><coordinates>80.21802,6.0253272 80.2182601,6.02538 80.2182635,6.0253609 80.2182694,6.0253279 80.2183016,6.0253341 80.2184095,6.0253547 80.2184158,6.0252968 80.2183118,6.0252808 80.2181596,6.0252561 80.2180363,6.0252365 80.21802,6.0253272</coordinates></LinearRing></outerBoundaryIs></Polygon></MultiGeometry>
  </Placemark>
  <Placemark id="buildings.911">
	<Style><LineStyle><color>ff0000ff</color></LineStyle><PolyStyle><fill>0</fill></PolyStyle></Style>
	<ExtendedData><SchemaData schemaUrl="#buildings">
		<SimpleData name="full_id">w437236211</SimpleData>
		<SimpleData name="osm_id">437236211</SimpleData>
		<SimpleData name="osm_type">way</SimpleData>
		<SimpleData name="building">yes</SimpleData>
	</SchemaData></ExtendedData>
      <MultiGeometry><Polygon><outerBoundaryIs><LinearRing><coordinates>80.2189509,6.0252144 80.2193349,6.0252123 80.2193307,6.0251512 80.2189517,6.0251435 80.2189509,6.0252144</coordinates></LinearRing></outerBoundaryIs></Polygon></MultiGeometry>
  </Placemark>
  <Placemark id="buildings.912">
	<Style><LineStyle><color>ff0000ff</color></LineStyle><PolyStyle><fill>0</fill></PolyStyle></Style>
	<ExtendedData><SchemaData schemaUrl="#buildings">
		<SimpleData name="full_id">w437236209</SimpleData>
		<SimpleData name="osm_id">437236209</SimpleData>
		<SimpleData name="osm_type">way</SimpleData>
		<SimpleData name="building">yes</SimpleData>
		<SimpleData name="roof_shape">gabled</SimpleData>
		<SimpleData name="roof_heigh">1.76</SimpleData>
	</SchemaData></ExtendedData>
      <MultiGeometry><Polygon><outerBoundaryIs><LinearRing><coordinates>80.2180531,6.0251339 80.2182098,6.0251555 80.2183122,6.0251697 80.2183225,6.0251012 80.2182207,6.0250866 80.2180639,6.0250642 80.2180531,6.0251339</coordinates></LinearRing></outerBoundaryIs></Polygon></MultiGeometry>
  </Placemark>
  <Placemark id="buildings.913">
	<Style><LineStyle><color>ff0000ff</color></LineStyle><PolyStyle><fill>0</fill></PolyStyle></Style>
	<ExtendedData><SchemaData schemaUrl="#buildings">
		<SimpleData name="full_id">w437236208</SimpleData>
		<SimpleData name="osm_id">437236208</SimpleData>
		<SimpleData name="osm_type">way</SimpleData>
		<SimpleData name="building">yes</SimpleData>
		<SimpleData name="roof_colou">#800000</SimpleData>
		<SimpleData name="roof_shape">gabled</SimpleData>
		<SimpleData name="roof_heigh">2.00</SimpleData>
		<SimpleData name="height">5.19</SimpleData>
	</SchemaData></ExtendedData>
      <MultiGeometry><Polygon><outerBoundaryIs><LinearRing><coordinates>80.218951,6.0248945 80.2192755,6.0248828 80.2192615,6.0248209 80.2189522,6.024819 80.218951,6.0248945</coordinates></LinearRing></outerBoundaryIs></Polygon></MultiGeometry>
  </Placemark>
  <Placemark id="buildings.914">
	<Style><LineStyle><color>ff0000ff</color></LineStyle><PolyStyle><fill>0</fill></PolyStyle></Style>
	<ExtendedData><SchemaData schemaUrl="#buildings">
		<SimpleData name="full_id">w437147626</SimpleData>
		<SimpleData name="osm_id">437147626</SimpleData>
		<SimpleData name="osm_type">way</SimpleData>
		<SimpleData name="building">yes</SimpleData>
	</SchemaData></ExtendedData>
      <MultiGeometry><Polygon><outerBoundaryIs><LinearRing><coordinates>80.2139591,6.0339927 80.2138841,6.0339958 80.2139055,6.0345131 80.2139805,6.03451 80.2139591,6.0339927</coordinates></LinearRing></outerBoundaryIs></Polygon></MultiGeometry>
  </Placemark>
  <Placemark id="buildings.915">
	<Style><LineStyle><color>ff0000ff</color></LineStyle><PolyStyle><fill>0</fill></PolyStyle></Style>
	<ExtendedData><SchemaData schemaUrl="#buildings">
		<SimpleData name="full_id">w439269632</SimpleData>
		<SimpleData name="osm_id">439269632</SimpleData>
		<SimpleData name="osm_type">way</SimpleData>
		<SimpleData name="building">yes</SimpleData>
	</SchemaData></ExtendedData>
      <MultiGeometry><Polygon><outerBoundaryIs><LinearRing><coordinates>80.2149495,6.0352311 80.2150822,6.0352351 80.2150836,6.0351896 80.2149509,6.0351856 80.2149495,6.0352311</coordinates></LinearRing></outerBoundaryIs></Polygon></MultiGeometry>
  </Placemark>
  <Placemark id="buildings.916">
	<Style><LineStyle><color>ff0000ff</color></LineStyle><PolyStyle><fill>0</fill></PolyStyle></Style>
	<ExtendedData><SchemaData schemaUrl="#buildings">
		<SimpleData name="full_id">w439269631</SimpleData>
		<SimpleData name="osm_id">439269631</SimpleData>
		<SimpleData name="osm_type">way</SimpleData>
		<SimpleData name="building">yes</SimpleData>
	</SchemaData></ExtendedData>
      <MultiGeometry><Polygon><outerBoundaryIs><LinearRing><coordinates>80.2147189,6.0349079 80.2147839,6.0349127 80.2147885,6.0348504 80.2147235,6.0348457 80.2147189,6.0349079</coordinates></LinearRing></outerBoundaryIs></Polygon></MultiGeometry>
  </Placemark>
  <Placemark id="buildings.917">
	<Style><LineStyle><color>ff0000ff</color></LineStyle><PolyStyle><fill>0</fill></PolyStyle></Style>
	<ExtendedData><SchemaData schemaUrl="#buildings">
		<SimpleData name="full_id">w439269630</SimpleData>
		<SimpleData name="osm_id">439269630</SimpleData>
		<SimpleData name="osm_type">way</SimpleData>
		<SimpleData name="building">yes</SimpleData>
	</SchemaData></ExtendedData>
      <MultiGeometry><Polygon><outerBoundaryIs><LinearRing><coordinates>80.2151533,6.0354551 80.215278,6.0354725 80.2152981,6.0353296 80.2151734,6.0353122 80.2151533,6.0354551</coordinates></LinearRing></outerBoundaryIs></Polygon></MultiGeometry>
  </Placemark>
  <Placemark id="buildings.918">
	<Style><LineStyle><color>ff0000ff</color></LineStyle><PolyStyle><fill>0</fill></PolyStyle></Style>
	<ExtendedData><SchemaData schemaUrl="#buildings">
		<SimpleData name="full_id">w439269629</SimpleData>
		<SimpleData name="osm_id">439269629</SimpleData>
		<SimpleData name="osm_type">way</SimpleData>
		<SimpleData name="building">yes</SimpleData>
	</SchemaData></ExtendedData>
      <MultiGeometry><Polygon><outerBoundaryIs><LinearRing><coordinates>80.2165367,6.0346289 80.2166252,6.0346249 80.2166115,6.0343258 80.216523,6.0343298 80.2165367,6.0346289</coordinates></LinearRing></outerBoundaryIs></Polygon></MultiGeometry>
  </Placemark>
  <Placemark id="buildings.919">
	<Style><LineStyle><color>ff0000ff</color></LineStyle><PolyStyle><fill>0</fill></PolyStyle></Style>
	<ExtendedData><SchemaData schemaUrl="#buildings">
		<SimpleData name="full_id">w439269628</SimpleData>
		<SimpleData name="osm_id">439269628</SimpleData>
		<SimpleData name="osm_type">way</SimpleData>
		<SimpleData name="building">yes</SimpleData>
	</SchemaData></ExtendedData>
      <MultiGeometry><Polygon><outerBoundaryIs><LinearRing><coordinates>80.2164418,6.0347982 80.2164446,6.0347374 80.2163479,6.0347329 80.2163439,6.0348183 80.2163456,6.0348184 80.2163422,6.0348927 80.2166412,6.0349066 80.2166458,6.0348074 80.2166441,6.0348073 80.2166468,6.0347506 80.2165526,6.0347462 80.21655,6.0348032 80.2164418,6.0347982</coordinates></LinearRing></outerBoundaryIs></Polygon></MultiGeometry>
  </Placemark>
  <Placemark id="buildings.920">
	<Style><LineStyle><color>ff0000ff</color></LineStyle><PolyStyle><fill>0</fill></PolyStyle></Style>
	<ExtendedData><SchemaData schemaUrl="#buildings">
		<SimpleData name="full_id">w439269627</SimpleData>
		<SimpleData name="osm_id">439269627</SimpleData>
		<SimpleData name="osm_type">way</SimpleData>
		<SimpleData name="building">yes</SimpleData>
	</SchemaData></ExtendedData>
      <MultiGeometry><Polygon><outerBoundaryIs><LinearRing><coordinates>80.2149591,6.0344246 80.2148706,6.0344174 80.2148616,6.0345276 80.2149607,6.0345357 80.214962,6.0345196 80.2150423,6.0345261 80.2150442,6.0345029 80.2150833,6.0345061 80.2150898,6.0344264 80.2150526,6.0344234 80.215053,6.0344187 80.2149602,6.0344112 80.2149591,6.0344246</coordinates></LinearRing></outerBoundaryIs></Polygon></MultiGeometry>
  </Placemark>
  <Placemark id="buildings.921">
	<Style><LineStyle><color>ff0000ff</color></LineStyle><PolyStyle><fill>0</fill></PolyStyle></Style>
	<ExtendedData><SchemaData schemaUrl="#buildings">
		<SimpleData name="full_id">w437236225</SimpleData>
		<SimpleData name="osm_id">437236225</SimpleData>
		<SimpleData name="osm_type">way</SimpleData>
		<SimpleData name="building">yes</SimpleData>
		<SimpleData name="roof_shape">gabled</SimpleData>
		<SimpleData name="roof_heigh">1.98</SimpleData>
	</SchemaData></ExtendedData>
      <MultiGeometry><Polygon><outerBoundaryIs><LinearRing><coordinates>80.2180367,6.0252322 80.2184168,6.0252915 80.2184309,6.0251908 80.2180524,6.0251363 80.2180367,6.0252322</coordinates></LinearRing></outerBoundaryIs></Polygon></MultiGeometry>
  </Placemark>
  <Placemark id="buildings.922">
	<Style><LineStyle><color>ff0000ff</color></LineStyle><PolyStyle><fill>0</fill></PolyStyle></Style>
	<ExtendedData><SchemaData schemaUrl="#buildings">
		<SimpleData name="full_id">w437236223</SimpleData>
		<SimpleData name="osm_id">437236223</SimpleData>
		<SimpleData name="osm_type">way</SimpleData>
		<SimpleData name="building">yes</SimpleData>
		<SimpleData name="roof_colou">#800000</SimpleData>
		<SimpleData name="roof_shape">gabled</SimpleData>
		<SimpleData name="roof_heigh">1.83</SimpleData>
		<SimpleData name="image">https://photos.app.goo.gl/d6Fq5tPeUnSCnika9</SimpleData>
	</SchemaData></ExtendedData>
      <MultiGeometry><Polygon><outerBoundaryIs><LinearRing><coordinates>80.2181323,6.0246453 80.2184706,6.024713 80.2184838,6.0246478 80.2181455,6.0245801 80.2181323,6.0246453</coordinates></LinearRing></outerBoundaryIs></Polygon></MultiGeometry>
  </Placemark>
  <Placemark id="buildings.923">
	<Style><LineStyle><color>ff0000ff</color></LineStyle><PolyStyle><fill>0</fill></PolyStyle></Style>
	<ExtendedData><SchemaData schemaUrl="#buildings">
		<SimpleData name="full_id">w433808490</SimpleData>
		<SimpleData name="osm_id">433808490</SimpleData>
		<SimpleData name="osm_type">way</SimpleData>
		<SimpleData name="building">yes</SimpleData>
	</SchemaData></ExtendedData>
      <MultiGeometry><Polygon><outerBoundaryIs><LinearRing><coordinates>80.2153392,6.0337254 80.2154063,6.0337208 80.2154025,6.0336668 80.2153354,6.0336715 80.2153392,6.0337254</coordinates></LinearRing></outerBoundaryIs></Polygon></MultiGeometry>
  </Placemark>
  <Placemark id="buildings.924">
	<Style><LineStyle><color>ff0000ff</color></LineStyle><PolyStyle><fill>0</fill></PolyStyle></Style>
	<ExtendedData><SchemaData schemaUrl="#buildings">
		<SimpleData name="full_id">w433808489</SimpleData>
		<SimpleData name="osm_id">433808489</SimpleData>
		<SimpleData name="osm_type">way</SimpleData>
		<SimpleData name="building">yes</SimpleData>
	</SchemaData></ExtendedData>
      <MultiGeometry><Polygon><outerBoundaryIs><LinearRing><coordinates>80.2159308,6.0333454 80.2159736,6.0333303 80.2159656,6.0333077 80.2159227,6.0333227 80.2159308,6.0333454</coordinates></LinearRing></outerBoundaryIs></Polygon></MultiGeometry>
  </Placemark>
  <Placemark id="buildings.925">
	<Style><LineStyle><color>ff0000ff</color></LineStyle><PolyStyle><fill>0</fill></PolyStyle></Style>
	<ExtendedData><SchemaData schemaUrl="#buildings">
		<SimpleData name="full_id">w433808488</SimpleData>
		<SimpleData name="osm_id">433808488</SimpleData>
		<SimpleData name="osm_type">way</SimpleData>
		<SimpleData name="building">yes</SimpleData>
	</SchemaData></ExtendedData>
      <MultiGeometry><Polygon><outerBoundaryIs><LinearRing><coordinates>80.2156998,6.0336534 80.2157289,6.0336562 80.2157389,6.0335546 80.2157098,6.0335518 80.2156998,6.0336534</coordinates></LinearRing></outerBoundaryIs></Polygon></MultiGeometry>
  </Placemark>
  <Placemark id="buildings.926">
	<Style><LineStyle><color>ff0000ff</color></LineStyle><PolyStyle><fill>0</fill></PolyStyle></Style>
	<ExtendedData><SchemaData schemaUrl="#buildings">
		<SimpleData name="full_id">w433808487</SimpleData>
		<SimpleData name="osm_id">433808487</SimpleData>
		<SimpleData name="osm_type">way</SimpleData>
		<SimpleData name="building">yes</SimpleData>
	</SchemaData></ExtendedData>
      <MultiGeometry><Polygon><outerBoundaryIs><LinearRing><coordinates>80.2154351,6.0337228 80.215474,6.0337228 80.215474,6.0336948 80.2154351,6.0336948 80.2154351,6.0337228</coordinates></LinearRing></outerBoundaryIs></Polygon></MultiGeometry>
  </Placemark>
  <Placemark id="buildings.927">
	<name>Bank of Ceylon</name>
	<Style><LineStyle><color>ff0000ff</color></LineStyle><PolyStyle><fill>0</fill></PolyStyle></Style>
	<ExtendedData><SchemaData schemaUrl="#buildings">
		<SimpleData name="full_id">w433808486</SimpleData>
		<SimpleData name="osm_id">433808486</SimpleData>
		<SimpleData name="osm_type">way</SimpleData>
		<SimpleData name="building">yes</SimpleData>
		<SimpleData name="atm">yes</SimpleData>
		<SimpleData name="brand_wiki">en:Bank of Ceylon</SimpleData>
		<SimpleData name="brand_wi_1">Q2882652</SimpleData>
		<SimpleData name="brand">Bank of Ceylon</SimpleData>
		<SimpleData name="addr_postc">80000</SimpleData>
		<SimpleData name="alt_name">BoC</SimpleData>
		<SimpleData name="addr_stree">Sri Dewamiththa Mawatha</SimpleData>
		<SimpleData name="amenity">bank</SimpleData>
	</SchemaData></ExtendedData>
      <MultiGeometry><Polygon><outerBoundaryIs><LinearRing><coordinates>80.2158676,6.0336181 80.2159209,6.0336213 80.2159246,6.0335614 80.2158714,6.0335581 80.2158676,6.0336181</coordinates></LinearRing></outerBoundaryIs></Polygon></MultiGeometry>
  </Placemark>
  <Placemark id="buildings.928">
	<Style><LineStyle><color>ff0000ff</color></LineStyle><PolyStyle><fill>0</fill></PolyStyle></Style>
	<ExtendedData><SchemaData schemaUrl="#buildings">
		<SimpleData name="full_id">w433808485</SimpleData>
		<SimpleData name="osm_id">433808485</SimpleData>
		<SimpleData name="osm_type">way</SimpleData>
		<SimpleData name="building">yes</SimpleData>
	</SchemaData></ExtendedData>
      <MultiGeometry><Polygon><outerBoundaryIs><LinearRing><coordinates>80.2158388,6.0337001 80.2159089,6.0337044 80.2159112,6.0336668 80.2158411,6.0336624 80.2158388,6.0337001</coordinates></LinearRing></outerBoundaryIs></Polygon></MultiGeometry>
  </Placemark>
  <Placemark id="buildings.929">
	<Style><LineStyle><color>ff0000ff</color></LineStyle><PolyStyle><fill>0</fill></PolyStyle></Style>
	<ExtendedData><SchemaData schemaUrl="#buildings">
		<SimpleData name="full_id">w433808484</SimpleData>
		<SimpleData name="osm_id">433808484</SimpleData>
		<SimpleData name="osm_type">way</SimpleData>
		<SimpleData name="building">yes</SimpleData>
	</SchemaData></ExtendedData>
      <MultiGeometry><Polygon><outerBoundaryIs><LinearRing><coordinates>80.2154298,6.0338448 80.2155189,6.0338448 80.2155189,6.0337741 80.2154298,6.0337741 80.2154298,6.0338448</coordinates></LinearRing></outerBoundaryIs></Polygon></MultiGeometry>
  </Placemark>
  <Placemark id="buildings.930">
	<Style><LineStyle><color>ff0000ff</color></LineStyle><PolyStyle><fill>0</fill></PolyStyle></Style>
	<ExtendedData><SchemaData schemaUrl="#buildings">
		<SimpleData name="full_id">w433808483</SimpleData>
		<SimpleData name="osm_id">433808483</SimpleData>
		<SimpleData name="osm_type">way</SimpleData>
		<SimpleData name="building">yes</SimpleData>
	</SchemaData></ExtendedData>
      <MultiGeometry><Polygon><outerBoundaryIs><LinearRing><coordinates>80.2154531,6.0333824 80.2154461,6.033288 80.2153846,6.0332925 80.2153862,6.0333133 80.2152353,6.0333243 80.215243,6.0334284 80.2153144,6.0334232 80.2153229,6.0335392 80.2156112,6.0335153 80.2156009,6.0333751 80.2155837,6.0333764 80.2155811,6.0333402 80.2155249,6.0333444 80.2155273,6.0333768 80.2154531,6.0333824</coordinates></LinearRing></outerBoundaryIs></Polygon></MultiGeometry>
  </Placemark>
  <Placemark id="buildings.931">
	<Style><LineStyle><color>ff0000ff</color></LineStyle><PolyStyle><fill>0</fill></PolyStyle></Style>
	<ExtendedData><SchemaData schemaUrl="#buildings">
		<SimpleData name="full_id">w433814072</SimpleData>
		<SimpleData name="osm_id">433814072</SimpleData>
		<SimpleData name="osm_type">way</SimpleData>
		<SimpleData name="building">yes</SimpleData>
	</SchemaData></ExtendedData>
      <MultiGeometry><Polygon><outerBoundaryIs><LinearRing><coordinates>80.2151479,6.0338867 80.2151564,6.0338854 80.2151517,6.0338538 80.215144,6.0338549 80.2151433,6.0338504 80.2150022,6.0338716 80.2150116,6.0339341 80.2151301,6.0339165 80.2151285,6.0339058 80.2151503,6.0339026 80.2151479,6.0338867</coordinates></LinearRing></outerBoundaryIs></Polygon></MultiGeometry>
  </Placemark>
  <Placemark id="buildings.932">
	<Style><LineStyle><color>ff0000ff</color></LineStyle><PolyStyle><fill>0</fill></PolyStyle></Style>
	<ExtendedData><SchemaData schemaUrl="#buildings">
		<SimpleData name="full_id">w433812311</SimpleData>
		<SimpleData name="osm_id">433812311</SimpleData>
		<SimpleData name="osm_type">way</SimpleData>
		<SimpleData name="building">yes</SimpleData>
	</SchemaData></ExtendedData>
      <MultiGeometry><Polygon><outerBoundaryIs><LinearRing><coordinates>80.2141407,6.0336582 80.2142051,6.0336645 80.2142141,6.0335736 80.2141497,6.0335673 80.2141407,6.0336582</coordinates></LinearRing></outerBoundaryIs></Polygon></MultiGeometry>
  </Placemark>
  <Placemark id="buildings.933">
	<Style><LineStyle><color>ff0000ff</color></LineStyle><PolyStyle><fill>0</fill></PolyStyle></Style>
	<ExtendedData><SchemaData schemaUrl="#buildings">
		<SimpleData name="full_id">w433808496</SimpleData>
		<SimpleData name="osm_id">433808496</SimpleData>
		<SimpleData name="osm_type">way</SimpleData>
		<SimpleData name="building">yes</SimpleData>
	</SchemaData></ExtendedData>
      <MultiGeometry><Polygon><outerBoundaryIs><LinearRing><coordinates>80.2157276,6.0336915 80.2158305,6.0336978 80.2158332,6.0336545 80.2157441,6.033649 80.2157431,6.033666 80.2157292,6.0336651 80.2157276,6.0336915</coordinates></LinearRing></outerBoundaryIs></Polygon></MultiGeometry>
  </Placemark>
  <Placemark id="buildings.934">
	<Style><LineStyle><color>ff0000ff</color></LineStyle><PolyStyle><fill>0</fill></PolyStyle></Style>
	<ExtendedData><SchemaData schemaUrl="#buildings">
		<SimpleData name="full_id">w433808495</SimpleData>
		<SimpleData name="osm_id">433808495</SimpleData>
		<SimpleData name="osm_type">way</SimpleData>
		<SimpleData name="building">yes</SimpleData>
	</SchemaData></ExtendedData>
      <MultiGeometry><Polygon><outerBoundaryIs><LinearRing><coordinates>80.2150588,6.0336249 80.2150651,6.0336468 80.2152502,6.0335942 80.2151824,6.0333581 80.2151402,6.0333701 80.2151253,6.0333182 80.2149824,6.0333588 80.2150082,6.0334488 80.2149518,6.0333909 80.2149167,6.033463 80.214945,6.0334829 80.2149545,6.0335229 80.2149706,6.033639 80.2150588,6.0336249</coordinates></LinearRing></outerBoundaryIs></Polygon></MultiGeometry>
  </Placemark>
  <Placemark id="buildings.935">
	<Style><LineStyle><color>ff0000ff</color></LineStyle><PolyStyle><fill>0</fill></PolyStyle></Style>
	<ExtendedData><SchemaData schemaUrl="#buildings">
		<SimpleData name="full_id">w433808494</SimpleData>
		<SimpleData name="osm_id">433808494</SimpleData>
		<SimpleData name="osm_type">way</SimpleData>
		<SimpleData name="building">yes</SimpleData>
	</SchemaData></ExtendedData>
      <MultiGeometry><Polygon><outerBoundaryIs><LinearRing><coordinates>80.215819,6.0334737 80.2158753,6.0334664 80.2158702,6.0334271 80.2158138,6.0334345 80.215819,6.0334737</coordinates></LinearRing></outerBoundaryIs></Polygon></MultiGeometry>
  </Placemark>
  <Placemark id="buildings.936">
	<Style><LineStyle><color>ff0000ff</color></LineStyle><PolyStyle><fill>0</fill></PolyStyle></Style>
	<ExtendedData><SchemaData schemaUrl="#buildings">
		<SimpleData name="full_id">w433808493</SimpleData>
		<SimpleData name="osm_id">433808493</SimpleData>
		<SimpleData name="osm_type">way</SimpleData>
		<SimpleData name="building">yes</SimpleData>
	</SchemaData></ExtendedData>
      <MultiGeometry><Polygon><outerBoundaryIs><LinearRing><coordinates>80.2154827,6.0336554 80.2155337,6.0336581 80.2155364,6.0336071 80.2154854,6.0336045 80.2154827,6.0336554</coordinates></LinearRing></outerBoundaryIs></Polygon></MultiGeometry>
  </Placemark>
  <Placemark id="buildings.937">
	<Style><LineStyle><color>ff0000ff</color></LineStyle><PolyStyle><fill>0</fill></PolyStyle></Style>
	<ExtendedData><SchemaData schemaUrl="#buildings">
		<SimpleData name="full_id">w433808492</SimpleData>
		<SimpleData name="osm_id">433808492</SimpleData>
		<SimpleData name="osm_type">way</SimpleData>
		<SimpleData name="building">yes</SimpleData>
	</SchemaData></ExtendedData>
      <MultiGeometry><Polygon><outerBoundaryIs><LinearRing><coordinates>80.215417,6.0336568 80.2154701,6.0336619 80.2154747,6.0336154 80.2154216,6.0336103 80.215417,6.0336568</coordinates></LinearRing></outerBoundaryIs></Polygon></MultiGeometry>
  </Placemark>
  <Placemark id="buildings.938">
	<Style><LineStyle><color>ff0000ff</color></LineStyle><PolyStyle><fill>0</fill></PolyStyle></Style>
	<ExtendedData><SchemaData schemaUrl="#buildings">
		<SimpleData name="full_id">w433808491</SimpleData>
		<SimpleData name="osm_id">433808491</SimpleData>
		<SimpleData name="osm_type">way</SimpleData>
		<SimpleData name="building">yes</SimpleData>
	</SchemaData></ExtendedData>
      <MultiGeometry><Polygon><outerBoundaryIs><LinearRing><coordinates>80.2153714,6.0337761 80.2154298,6.0337741 80.2154282,6.0337301 80.2153699,6.0337321 80.2153714,6.0337761</coordinates></LinearRing></outerBoundaryIs></Polygon></MultiGeometry>
  </Placemark>
  <Placemark id="buildings.939">
	<Style><LineStyle><color>ff0000ff</color></LineStyle><PolyStyle><fill>0</fill></PolyStyle></Style>
	<ExtendedData><SchemaData schemaUrl="#buildings">
		<SimpleData name="full_id">w433814080</SimpleData>
		<SimpleData name="osm_id">433814080</SimpleData>
		<SimpleData name="osm_type">way</SimpleData>
		<SimpleData name="building">yes</SimpleData>
	</SchemaData></ExtendedData>
      <MultiGeometry><Polygon><outerBoundaryIs><LinearRing><coordinates>80.2148366,6.0338982 80.2149241,6.0338982 80.2149241,6.0338672 80.2148366,6.0338672 80.2148366,6.0338982</coordinates></LinearRing></outerBoundaryIs></Polygon></MultiGeometry>
  </Placemark>
  <Placemark id="buildings.940">
	<Style><LineStyle><color>ff0000ff</color></LineStyle><PolyStyle><fill>0</fill></PolyStyle></Style>
	<ExtendedData><SchemaData schemaUrl="#buildings">
		<SimpleData name="full_id">w433814079</SimpleData>
		<SimpleData name="osm_id">433814079</SimpleData>
		<SimpleData name="osm_type">way</SimpleData>
		<SimpleData name="building">yes</SimpleData>
	</SchemaData></ExtendedData>
      <MultiGeometry><Polygon><outerBoundaryIs><LinearRing><coordinates>80.2148624,6.0336209 80.2148607,6.0335202 80.2147835,6.0335214 80.2147851,6.0336222 80.2148624,6.0336209</coordinates></LinearRing></outerBoundaryIs></Polygon></MultiGeometry>
  </Placemark>
  <Placemark id="buildings.941">
	<Style><LineStyle><color>ff0000ff</color></LineStyle><PolyStyle><fill>0</fill></PolyStyle></Style>
	<ExtendedData><SchemaData schemaUrl="#buildings">
		<SimpleData name="full_id">w433814078</SimpleData>
		<SimpleData name="osm_id">433814078</SimpleData>
		<SimpleData name="osm_type">way</SimpleData>
		<SimpleData name="building">yes</SimpleData>
	</SchemaData></ExtendedData>
      <MultiGeometry><Polygon><outerBoundaryIs><LinearRing><coordinates>80.2149713,6.0337672 80.2150692,6.0337591 80.215065,6.0337088 80.2149671,6.0337169 80.2149713,6.0337672</coordinates></LinearRing></outerBoundaryIs></Polygon></MultiGeometry>
  </Placemark>
  <Placemark id="buildings.942">
	<Style><LineStyle><color>ff0000ff</color></LineStyle><PolyStyle><fill>0</fill></PolyStyle></Style>
	<ExtendedData><SchemaData schemaUrl="#buildings">
		<SimpleData name="full_id">w433814077</SimpleData>
		<SimpleData name="osm_id">433814077</SimpleData>
		<SimpleData name="osm_type">way</SimpleData>
		<SimpleData name="building">yes</SimpleData>
	</SchemaData></ExtendedData>
      <MultiGeometry><Polygon><outerBoundaryIs><LinearRing><coordinates>80.2147867,6.0342249 80.2148658,6.0342223 80.2148632,6.0341466 80.2147841,6.0341493 80.2147867,6.0342249</coordinates></LinearRing></outerBoundaryIs></Polygon></MultiGeometry>
  </Placemark>
  <Placemark id="buildings.943">
	<Style><LineStyle><color>ff0000ff</color></LineStyle><PolyStyle><fill>0</fill></PolyStyle></Style>
	<ExtendedData><SchemaData schemaUrl="#buildings">
		<SimpleData name="full_id">w433814076</SimpleData>
		<SimpleData name="osm_id">433814076</SimpleData>
		<SimpleData name="osm_type">way</SimpleData>
		<SimpleData name="building">yes</SimpleData>
	</SchemaData></ExtendedData>
      <MultiGeometry><Polygon><outerBoundaryIs><LinearRing><coordinates>80.2147814,6.0337847 80.2148419,6.0337895 80.2148467,6.0337293 80.2147862,6.0337245 80.2147814,6.0337847</coordinates></LinearRing></outerBoundaryIs></Polygon></MultiGeometry>
  </Placemark>
  <Placemark id="buildings.944">
	<Style><LineStyle><color>ff0000ff</color></LineStyle><PolyStyle><fill>0</fill></PolyStyle></Style>
	<ExtendedData><SchemaData schemaUrl="#buildings">
		<SimpleData name="full_id">w433814075</SimpleData>
		<SimpleData name="osm_id">433814075</SimpleData>
		<SimpleData name="osm_type">way</SimpleData>
		<SimpleData name="building">yes</SimpleData>
	</SchemaData></ExtendedData>
      <MultiGeometry><Polygon><outerBoundaryIs><LinearRing><coordinates>80.2147371,6.0339552 80.2148021,6.0339552 80.2148021,6.0339025 80.2147371,6.0339025 80.2147371,6.0339552</coordinates></LinearRing></outerBoundaryIs></Polygon></MultiGeometry>
  </Placemark>
  <Placemark id="buildings.945">
	<Style><LineStyle><color>ff0000ff</color></LineStyle><PolyStyle><fill>0</fill></PolyStyle></Style>
	<ExtendedData><SchemaData schemaUrl="#buildings">
		<SimpleData name="full_id">w433814074</SimpleData>
		<SimpleData name="osm_id">433814074</SimpleData>
		<SimpleData name="osm_type">way</SimpleData>
		<SimpleData name="building">yes</SimpleData>
	</SchemaData></ExtendedData>
      <MultiGeometry><Polygon><outerBoundaryIs><LinearRing><coordinates>80.2149436,6.0343536 80.2150314,6.0343583 80.2150353,6.0342865 80.2149474,6.0342818 80.2149436,6.0343536</coordinates></LinearRing></outerBoundaryIs></Polygon></MultiGeometry>
  </Placemark>
  <Placemark id="buildings.946">
	<Style><LineStyle><color>ff0000ff</color></LineStyle><PolyStyle><fill>0</fill></PolyStyle></Style>
	<ExtendedData><SchemaData schemaUrl="#buildings">
		<SimpleData name="full_id">w433814073</SimpleData>
		<SimpleData name="osm_id">433814073</SimpleData>
		<SimpleData name="osm_type">way</SimpleData>
		<SimpleData name="building">yes</SimpleData>
	</SchemaData></ExtendedData>
      <MultiGeometry><Polygon><outerBoundaryIs><LinearRing><coordinates>80.2147972,6.0335083 80.2148745,6.0335131 80.214881,6.0334085 80.2148038,6.0334038 80.2147972,6.0335083</coordinates></LinearRing></outerBoundaryIs></Polygon></MultiGeometry>
  </Placemark>
  <Placemark id="buildings.947">
	<Style><LineStyle><color>ff0000ff</color></LineStyle><PolyStyle><fill>0</fill></PolyStyle></Style>
	<ExtendedData><SchemaData schemaUrl="#buildings">
		<SimpleData name="full_id">w433814088</SimpleData>
		<SimpleData name="osm_id">433814088</SimpleData>
		<SimpleData name="osm_type">way</SimpleData>
		<SimpleData name="building">yes</SimpleData>
	</SchemaData></ExtendedData>
      <MultiGeometry><Polygon><outerBoundaryIs><LinearRing><coordinates>80.2146861,6.034435 80.2148041,6.034443 80.2148083,6.0343817 80.2146903,6.0343737 80.2146861,6.034435</coordinates></LinearRing></outerBoundaryIs></Polygon></MultiGeometry>
  </Placemark>
  <Placemark id="buildings.948">
	<Style><LineStyle><color>ff0000ff</color></LineStyle><PolyStyle><fill>0</fill></PolyStyle></Style>
	<ExtendedData><SchemaData schemaUrl="#buildings">
		<SimpleData name="full_id">w433814087</SimpleData>
		<SimpleData name="osm_id">433814087</SimpleData>
		<SimpleData name="osm_type">way</SimpleData>
		<SimpleData name="building">yes</SimpleData>
	</SchemaData></ExtendedData>
      <MultiGeometry><Polygon><outerBoundaryIs><LinearRing><coordinates>80.2151501,6.0344323 80.2152058,6.0344297 80.2152034,6.0343811 80.2151478,6.0343838 80.2151501,6.0344323</coordinates></LinearRing></outerBoundaryIs></Polygon></MultiGeometry>
  </Placemark>
  <Placemark id="buildings.949">
	<Style><LineStyle><color>ff0000ff</color></LineStyle><PolyStyle><fill>0</fill></PolyStyle></Style>
	<ExtendedData><SchemaData schemaUrl="#buildings">
		<SimpleData name="full_id">w433814086</SimpleData>
		<SimpleData name="osm_id">433814086</SimpleData>
		<SimpleData name="osm_type">way</SimpleData>
		<SimpleData name="building">yes</SimpleData>
	</SchemaData></ExtendedData>
      <MultiGeometry><Polygon><outerBoundaryIs><LinearRing><coordinates>80.214819,6.0337083 80.2149478,6.0337003 80.2149427,6.0336191 80.2148139,6.0336271 80.214819,6.0337083</coordinates></LinearRing></outerBoundaryIs></Polygon></MultiGeometry>
  </Placemark>
  <Placemark id="buildings.950">
	<Style><LineStyle><color>ff0000ff</color></LineStyle><PolyStyle><fill>0</fill></PolyStyle></Style>
	<ExtendedData><SchemaData schemaUrl="#buildings">
		<SimpleData name="full_id">w433814085</SimpleData>
		<SimpleData name="osm_id">433814085</SimpleData>
		<SimpleData name="osm_type">way</SimpleData>
		<SimpleData name="building">yes</SimpleData>
	</SchemaData></ExtendedData>
      <MultiGeometry><Polygon><outerBoundaryIs><LinearRing><coordinates>80.2151494,6.0343717 80.2152004,6.034369 80.2151988,6.0343386 80.2151478,6.0343413 80.2151494,6.0343717</coordinates></LinearRing></outerBoundaryIs></Polygon></MultiGeometry>
  </Placemark>
  <Placemark id="buildings.951">
	<Style><LineStyle><color>ff0000ff</color></LineStyle><PolyStyle><fill>0</fill></PolyStyle></Style>
	<ExtendedData><SchemaData schemaUrl="#buildings">
		<SimpleData name="full_id">w433814084</SimpleData>
		<SimpleData name="osm_id">433814084</SimpleData>
		<SimpleData name="osm_type">way</SimpleData>
		<SimpleData name="building">yes</SimpleData>
	</SchemaData></ExtendedData>
      <MultiGeometry><Polygon><outerBoundaryIs><LinearRing><coordinates>80.2147759,6.0342723 80.2148544,6.0342716 80.214854,6.0342257 80.2147756,6.0342263 80.2147759,6.0342723</coordinates></LinearRing></outerBoundaryIs></Polygon></MultiGeometry>
  </Placemark>
  <Placemark id="buildings.952">
	<Style><LineStyle><color>ff0000ff</color></LineStyle><PolyStyle><fill>0</fill></PolyStyle></Style>
	<ExtendedData><SchemaData schemaUrl="#buildings">
		<SimpleData name="full_id">w433814083</SimpleData>
		<SimpleData name="osm_id">433814083</SimpleData>
		<SimpleData name="osm_type">way</SimpleData>
		<SimpleData name="building">yes</SimpleData>
	</SchemaData></ExtendedData>
      <MultiGeometry><Polygon><outerBoundaryIs><LinearRing><coordinates>80.2151548,6.0337728 80.215193,6.0337708 80.2151916,6.0337447 80.2151534,6.0337467 80.2151548,6.0337728</coordinates></LinearRing></outerBoundaryIs></Polygon></MultiGeometry>
  </Placemark>
  <Placemark id="buildings.953">
	<Style><LineStyle><color>ff0000ff</color></LineStyle><PolyStyle><fill>0</fill></PolyStyle></Style>
	<ExtendedData><SchemaData schemaUrl="#buildings">
		<SimpleData name="full_id">w433814082</SimpleData>
		<SimpleData name="osm_id">433814082</SimpleData>
		<SimpleData name="osm_type">way</SimpleData>
		<SimpleData name="building">yes</SimpleData>
	</SchemaData></ExtendedData>
      <MultiGeometry><Polygon><outerBoundaryIs><LinearRing><coordinates>80.2147771,6.0338389 80.2148374,6.0338437 80.2148419,6.0337895 80.2147814,6.0337847 80.2147771,6.0338389</coordinates></LinearRing></outerBoundaryIs></Polygon></MultiGeometry>
  </Placemark>
  <Placemark id="buildings.954">
	<Style><LineStyle><color>ff0000ff</color></LineStyle><PolyStyle><fill>0</fill></PolyStyle></Style>
	<ExtendedData><SchemaData schemaUrl="#buildings">
		<SimpleData name="full_id">w433814081</SimpleData>
		<SimpleData name="osm_id">433814081</SimpleData>
		<SimpleData name="osm_type">way</SimpleData>
		<SimpleData name="building">yes</SimpleData>
	</SchemaData></ExtendedData>
      <MultiGeometry><Polygon><outerBoundaryIs><LinearRing><coordinates>80.2151602,6.0338195 80.2151944,6.0338182 80.2151928,6.0337788 80.2151586,6.0337801 80.2151602,6.0338195</coordinates></LinearRing></outerBoundaryIs></Polygon></MultiGeometry>
  </Placemark>
  <Placemark id="buildings.955">
	<Style><LineStyle><color>ff0000ff</color></LineStyle><PolyStyle><fill>0</fill></PolyStyle></Style>
	<ExtendedData><SchemaData schemaUrl="#buildings">
		<SimpleData name="full_id">w516537128</SimpleData>
		<SimpleData name="osm_id">516537128</SimpleData>
		<SimpleData name="osm_type">way</SimpleData>
		<SimpleData name="building">yes</SimpleData>
	</SchemaData></ExtendedData>
      <MultiGeometry><Polygon><outerBoundaryIs><LinearRing><coordinates>80.2157468,6.0261753 80.2156254,6.0261407 80.2156057,6.0262088 80.2157271,6.0262434 80.2157468,6.0261753</coordinates></LinearRing></outerBoundaryIs></Polygon></MultiGeometry>
  </Placemark>
  <Placemark id="buildings.956">
	<Style><LineStyle><color>ff0000ff</color></LineStyle><PolyStyle><fill>0</fill></PolyStyle></Style>
	<ExtendedData><SchemaData schemaUrl="#buildings">
		<SimpleData name="full_id">w516537127</SimpleData>
		<SimpleData name="osm_id">516537127</SimpleData>
		<SimpleData name="osm_type">way</SimpleData>
		<SimpleData name="building">yes</SimpleData>
		<SimpleData name="image">https://photos.app.goo.gl/ZmDqyfSgnoiuyFsd8</SimpleData>
	</SchemaData></ExtendedData>
      <MultiGeometry><Polygon><outerBoundaryIs><LinearRing><coordinates>80.2156466,6.0259042 80.2156255,6.0258973 80.2155732,6.0260541 80.2156253,6.0260713 80.2156594,6.0259691 80.215698,6.0259818 80.2157195,6.0259172 80.21565,6.0258942 80.2156466,6.0259042</coordinates></LinearRing></outerBoundaryIs></Polygon></MultiGeometry>
  </Placemark>
  <Placemark id="buildings.957">
	<Style><LineStyle><color>ff0000ff</color></LineStyle><PolyStyle><fill>0</fill></PolyStyle></Style>
	<ExtendedData><SchemaData schemaUrl="#buildings">
		<SimpleData name="full_id">w516537126</SimpleData>
		<SimpleData name="osm_id">516537126</SimpleData>
		<SimpleData name="osm_type">way</SimpleData>
		<SimpleData name="building">yes</SimpleData>
	</SchemaData></ExtendedData>
      <MultiGeometry><Polygon><outerBoundaryIs><LinearRing><coordinates>80.215443,6.0284406 80.2153505,6.0283506 80.2153009,6.028401 80.2153935,6.028491 80.215443,6.0284406</coordinates></LinearRing></outerBoundaryIs></Polygon></MultiGeometry>
  </Placemark>
  <Placemark id="buildings.958">
	<Style><LineStyle><color>ff0000ff</color></LineStyle><PolyStyle><fill>0</fill></PolyStyle></Style>
	<ExtendedData><SchemaData schemaUrl="#buildings">
		<SimpleData name="full_id">w516537125</SimpleData>
		<SimpleData name="osm_id">516537125</SimpleData>
		<SimpleData name="osm_type">way</SimpleData>
		<SimpleData name="building">yes</SimpleData>
	</SchemaData></ExtendedData>
      <MultiGeometry><Polygon><outerBoundaryIs><LinearRing><coordinates>80.2152975,6.0281872 80.2152304,6.0281252 80.2151893,6.0281692 80.2152563,6.0282313 80.2152975,6.0281872</coordinates></LinearRing></outerBoundaryIs></Polygon></MultiGeometry>
  </Placemark>
  <Placemark id="buildings.959">
	<Style><LineStyle><color>ff0000ff</color></LineStyle><PolyStyle><fill>0</fill></PolyStyle></Style>
	<ExtendedData><SchemaData schemaUrl="#buildings">
		<SimpleData name="full_id">w516537124</SimpleData>
		<SimpleData name="osm_id">516537124</SimpleData>
		<SimpleData name="osm_type">way</SimpleData>
		<SimpleData name="building">yes</SimpleData>
	</SchemaData></ExtendedData>
      <MultiGeometry><Polygon><outerBoundaryIs><LinearRing><coordinates>80.2155007,6.0283819 80.2154142,6.0283093 80.2153724,6.0283584 80.2154589,6.0284311 80.2155007,6.0283819</coordinates></LinearRing></outerBoundaryIs></Polygon></MultiGeometry>
  </Placemark>
  <Placemark id="buildings.960">
	<Style><LineStyle><color>ff0000ff</color></LineStyle><PolyStyle><fill>0</fill></PolyStyle></Style>
	<ExtendedData><SchemaData schemaUrl="#buildings">
		<SimpleData name="full_id">w516537123</SimpleData>
		<SimpleData name="osm_id">516537123</SimpleData>
		<SimpleData name="osm_type">way</SimpleData>
		<SimpleData name="building">yes</SimpleData>
	</SchemaData></ExtendedData>
      <MultiGeometry><Polygon><outerBoundaryIs><LinearRing><coordinates>80.2155966,6.0282966 80.2154678,6.0281919 80.2153931,6.0282827 80.2155219,6.0283874 80.2155966,6.0282966</coordinates></LinearRing></outerBoundaryIs></Polygon></MultiGeometry>
  </Placemark>
  <Placemark id="buildings.961">
	<Style><LineStyle><color>ff0000ff</color></LineStyle><PolyStyle><fill>0</fill></PolyStyle></Style>
	<ExtendedData><SchemaData schemaUrl="#buildings">
		<SimpleData name="full_id">w516537122</SimpleData>
		<SimpleData name="osm_id">516537122</SimpleData>
		<SimpleData name="osm_type">way</SimpleData>
		<SimpleData name="building">yes</SimpleData>
	</SchemaData></ExtendedData>
      <MultiGeometry><Polygon><outerBoundaryIs><LinearRing><coordinates>80.2155586,6.0279738 80.2154113,6.0281158 80.215541,6.0282488 80.2156883,6.0281068 80.2155586,6.0279738</coordinates></LinearRing></outerBoundaryIs></Polygon></MultiGeometry>
  </Placemark>
  <Placemark id="buildings.962">
	<Style><LineStyle><color>ff0000ff</color></LineStyle><PolyStyle><fill>0</fill></PolyStyle></Style>
	<ExtendedData><SchemaData schemaUrl="#buildings">
		<SimpleData name="full_id">w516537121</SimpleData>
		<SimpleData name="osm_id">516537121</SimpleData>
		<SimpleData name="osm_type">way</SimpleData>
		<SimpleData name="building">yes</SimpleData>
	</SchemaData></ExtendedData>
      <MultiGeometry><Polygon><outerBoundaryIs><LinearRing><coordinates>80.215449,6.0281672 80.2153847,6.0281005 80.2153503,6.0281333 80.2154147,6.0282 80.215449,6.0281672</coordinates></LinearRing></outerBoundaryIs></Polygon></MultiGeometry>
  </Placemark>
  <Placemark id="buildings.963">
	<Style><LineStyle><color>ff0000ff</color></LineStyle><PolyStyle><fill>0</fill></PolyStyle></Style>
	<ExtendedData><SchemaData schemaUrl="#buildings">
		<SimpleData name="full_id">w516537140</SimpleData>
		<SimpleData name="osm_id">516537140</SimpleData>
		<SimpleData name="osm_type">way</SimpleData>
		<SimpleData name="building">yes</SimpleData>
	</SchemaData></ExtendedData>
      <MultiGeometry><Polygon><outerBoundaryIs><LinearRing><coordinates>80.2161239,6.0262156 80.216053,6.0262156 80.2160239,6.0262156 80.2160239,6.026323 80.2161167,6.026323 80.2161239,6.0262156</coordinates></LinearRing></outerBoundaryIs></Polygon></MultiGeometry>
  </Placemark>
  <Placemark id="buildings.964">
	<Style><LineStyle><color>ff0000ff</color></LineStyle><PolyStyle><fill>0</fill></PolyStyle></Style>
	<ExtendedData><SchemaData schemaUrl="#buildings">
		<SimpleData name="full_id">w516537138</SimpleData>
		<SimpleData name="osm_id">516537138</SimpleData>
		<SimpleData name="osm_type">way</SimpleData>
		<SimpleData name="building">yes</SimpleData>
	</SchemaData></ExtendedData>
      <MultiGeometry><Polygon><outerBoundaryIs><LinearRing><coordinates>80.2161191,6.0263289 80.2160002,6.0263282 80.215999,6.026406 80.2161148,6.0264097 80.2161191,6.0263289</coordinates></LinearRing></outerBoundaryIs></Polygon></MultiGeometry>
  </Placemark>
  <Placemark id="buildings.965">
	<Style><LineStyle><color>ff0000ff</color></LineStyle><PolyStyle><fill>0</fill></PolyStyle></Style>
	<ExtendedData><SchemaData schemaUrl="#buildings">
		<SimpleData name="full_id">w516537137</SimpleData>
		<SimpleData name="osm_id">516537137</SimpleData>
		<SimpleData name="osm_type">way</SimpleData>
		<SimpleData name="building">yes</SimpleData>
	</SchemaData></ExtendedData>
      <MultiGeometry><Polygon><outerBoundaryIs><LinearRing><coordinates>80.2161109,6.0264321 80.2160485,6.0264294 80.216046,6.0264883 80.2161083,6.026491 80.2161109,6.0264321</coordinates></LinearRing></outerBoundaryIs></Polygon></MultiGeometry>
  </Placemark>
  <Placemark id="buildings.966">
	<Style><LineStyle><color>ff0000ff</color></LineStyle><PolyStyle><fill>0</fill></PolyStyle></Style>
	<ExtendedData><SchemaData schemaUrl="#buildings">
		<SimpleData name="full_id">w516537135</SimpleData>
		<SimpleData name="osm_id">516537135</SimpleData>
		<SimpleData name="osm_type">way</SimpleData>
		<SimpleData name="building">yes</SimpleData>
	</SchemaData></ExtendedData>
      <MultiGeometry><Polygon><outerBoundaryIs><LinearRing><coordinates>80.2161048,6.0265054 80.2160036,6.0265068 80.2160031,6.0266072 80.2160713,6.0266067 80.2161068,6.0266072 80.2161048,6.0265054</coordinates></LinearRing></outerBoundaryIs></Polygon></MultiGeometry>
  </Placemark>
  <Placemark id="buildings.967">
	<Style><LineStyle><color>ff0000ff</color></LineStyle><PolyStyle><fill>0</fill></PolyStyle></Style>
	<ExtendedData><SchemaData schemaUrl="#buildings">
		<SimpleData name="full_id">w516537133</SimpleData>
		<SimpleData name="osm_id">516537133</SimpleData>
		<SimpleData name="osm_type">way</SimpleData>
		<SimpleData name="building">yes</SimpleData>
	</SchemaData></ExtendedData>
      <MultiGeometry><Polygon><outerBoundaryIs><LinearRing><coordinates>80.2163395,6.0265101 80.2161612,6.0265154 80.216163,6.026576 80.2163414,6.0265707 80.2163395,6.0265101</coordinates></LinearRing></outerBoundaryIs></Polygon></MultiGeometry>
  </Placemark>
  <Placemark id="buildings.968">
	<Style><LineStyle><color>ff0000ff</color></LineStyle><PolyStyle><fill>0</fill></PolyStyle></Style>
	<ExtendedData><SchemaData schemaUrl="#buildings">
		<SimpleData name="full_id">w516537132</SimpleData>
		<SimpleData name="osm_id">516537132</SimpleData>
		<SimpleData name="osm_type">way</SimpleData>
		<SimpleData name="building">yes</SimpleData>
	</SchemaData></ExtendedData>
      <MultiGeometry><Polygon><outerBoundaryIs><LinearRing><coordinates>80.2159284,6.0259412 80.2158176,6.0259212 80.2157539,6.0261869 80.215804,6.0261969 80.2158376,6.0260547 80.2158706,6.0260597 80.215839,6.026204 80.215874,6.026211 80.2159092,6.0260205 80.2159284,6.0259412</coordinates></LinearRing></outerBoundaryIs></Polygon></MultiGeometry>
  </Placemark>
  <Placemark id="buildings.969">
	<Style><LineStyle><color>ff0000ff</color></LineStyle><PolyStyle><fill>0</fill></PolyStyle></Style>
	<ExtendedData><SchemaData schemaUrl="#buildings">
		<SimpleData name="full_id">w516537130</SimpleData>
		<SimpleData name="osm_id">516537130</SimpleData>
		<SimpleData name="osm_type">way</SimpleData>
		<SimpleData name="building">yes</SimpleData>
	</SchemaData></ExtendedData>
      <MultiGeometry><Polygon><outerBoundaryIs><LinearRing><coordinates>80.2157909,6.0260064 80.2158176,6.0259212 80.2157313,6.0259038 80.2157034,6.0259844 80.2157909,6.0260064</coordinates></LinearRing></outerBoundaryIs></Polygon></MultiGeometry>
  </Placemark>
  <Placemark id="buildings.970">
	<Style><LineStyle><color>ff0000ff</color></LineStyle><PolyStyle><fill>0</fill></PolyStyle></Style>
	<ExtendedData><SchemaData schemaUrl="#buildings">
		<SimpleData name="full_id">w516537129</SimpleData>
		<SimpleData name="osm_id">516537129</SimpleData>
		<SimpleData name="osm_type">way</SimpleData>
		<SimpleData name="building">yes</SimpleData>
	</SchemaData></ExtendedData>
      <MultiGeometry><Polygon><outerBoundaryIs><LinearRing><coordinates>80.215732,6.0260593 80.2156584,6.0260419 80.2156362,6.0261346 80.2157099,6.026152 80.215732,6.0260593</coordinates></LinearRing></outerBoundaryIs></Polygon></MultiGeometry>
  </Placemark>
  <Placemark id="buildings.971">
	<Style><LineStyle><color>ff0000ff</color></LineStyle><PolyStyle><fill>0</fill></PolyStyle></Style>
	<ExtendedData><SchemaData schemaUrl="#buildings">
		<SimpleData name="full_id">w516537149</SimpleData>
		<SimpleData name="osm_id">516537149</SimpleData>
		<SimpleData name="osm_type">way</SimpleData>
		<SimpleData name="building">yes</SimpleData>
	</SchemaData></ExtendedData>
      <MultiGeometry><Polygon><outerBoundaryIs><LinearRing><coordinates>80.2168903,6.025602 80.2167637,6.0255702 80.2167489,6.0256285 80.2168755,6.0256603 80.2168903,6.025602</coordinates></LinearRing></outerBoundaryIs></Polygon></MultiGeometry>
  </Placemark>
  <Placemark id="buildings.972">
	<Style><LineStyle><color>ff0000ff</color></LineStyle><PolyStyle><fill>0</fill></PolyStyle></Style>
	<ExtendedData><SchemaData schemaUrl="#buildings">
		<SimpleData name="full_id">w516537148</SimpleData>
		<SimpleData name="osm_id">516537148</SimpleData>
		<SimpleData name="osm_type">way</SimpleData>
		<SimpleData name="building">yes</SimpleData>
	</SchemaData></ExtendedData>
      <MultiGeometry><Polygon><outerBoundaryIs><LinearRing><coordinates>80.217175,6.0257566 80.2170745,6.0257372 80.2170623,6.0257998 80.2171629,6.0258191 80.217175,6.0257566</coordinates></LinearRing></outerBoundaryIs></Polygon></MultiGeometry>
  </Placemark>
  <Placemark id="buildings.973">
	<Style><LineStyle><color>ff0000ff</color></LineStyle><PolyStyle><fill>0</fill></PolyStyle></Style>
	<ExtendedData><SchemaData schemaUrl="#buildings">
		<SimpleData name="full_id">w516537147</SimpleData>
		<SimpleData name="osm_id">516537147</SimpleData>
		<SimpleData name="osm_type">way</SimpleData>
		<SimpleData name="building">yes</SimpleData>
	</SchemaData></ExtendedData>
      <MultiGeometry><Polygon><outerBoundaryIs><LinearRing><coordinates>80.2172635,6.0257519 80.2171878,6.0257379 80.2171781,6.0257896 80.2172539,6.0258036 80.2172635,6.0257519</coordinates></LinearRing></outerBoundaryIs></Polygon></MultiGeometry>
  </Placemark>
  <Placemark id="buildings.974">
	<Style><LineStyle><color>ff0000ff</color></LineStyle><PolyStyle><fill>0</fill></PolyStyle></Style>
	<ExtendedData><SchemaData schemaUrl="#buildings">
		<SimpleData name="full_id">w516537146</SimpleData>
		<SimpleData name="osm_id">516537146</SimpleData>
		<SimpleData name="osm_type">way</SimpleData>
		<SimpleData name="building">yes</SimpleData>
	</SchemaData></ExtendedData>
      <MultiGeometry><Polygon><outerBoundaryIs><LinearRing><coordinates>80.2172086,6.0254665 80.217122,6.025447 80.2170757,6.0256383 80.217161,6.0256579 80.2172086,6.0254665</coordinates></LinearRing></outerBoundaryIs></Polygon></MultiGeometry>
  </Placemark>
  <Placemark id="buildings.975">
	<Style><LineStyle><color>ff0000ff</color></LineStyle><PolyStyle><fill>0</fill></PolyStyle></Style>
	<ExtendedData><SchemaData schemaUrl="#buildings">
		<SimpleData name="full_id">w516537145</SimpleData>
		<SimpleData name="osm_id">516537145</SimpleData>
		<SimpleData name="osm_type">way</SimpleData>
		<SimpleData name="building">yes</SimpleData>
	</SchemaData></ExtendedData>
      <MultiGeometry><Polygon><outerBoundaryIs><LinearRing><coordinates>80.2174191,6.0256492 80.217407,6.0257083 80.2175224,6.0257317 80.2175345,6.0256725 80.2174191,6.0256492</coordinates></LinearRing></outerBoundaryIs></Polygon></MultiGeometry>
  </Placemark>
  <Placemark id="buildings.976">
	<Style><LineStyle><color>ff0000ff</color></LineStyle><PolyStyle><fill>0</fill></PolyStyle></Style>
	<ExtendedData><SchemaData schemaUrl="#buildings">
		<SimpleData name="full_id">w516537144</SimpleData>
		<SimpleData name="osm_id">516537144</SimpleData>
		<SimpleData name="osm_type">way</SimpleData>
		<SimpleData name="building">yes</SimpleData>
	</SchemaData></ExtendedData>
      <MultiGeometry><Polygon><outerBoundaryIs><LinearRing><coordinates>80.2175237,6.0257559 80.2174406,6.0257506 80.2174307,6.0258745 80.2175168,6.0258785 80.2175237,6.0257559</coordinates></LinearRing></outerBoundaryIs></Polygon></MultiGeometry>
  </Placemark>
  <Placemark id="buildings.977">
	<Style><LineStyle><color>ff0000ff</color></LineStyle><PolyStyle><fill>0</fill></PolyStyle></Style>
	<ExtendedData><SchemaData schemaUrl="#buildings">
		<SimpleData name="full_id">w516537143</SimpleData>
		<SimpleData name="osm_id">516537143</SimpleData>
		<SimpleData name="osm_type">way</SimpleData>
		<SimpleData name="building">yes</SimpleData>
	</SchemaData></ExtendedData>
      <MultiGeometry><Polygon><outerBoundaryIs><LinearRing><coordinates>80.2161289,6.0260634 80.2159973,6.0260536 80.2159919,6.0261415 80.2161256,6.0261387 80.2161289,6.0260634</coordinates></LinearRing></outerBoundaryIs></Polygon></MultiGeometry>
  </Placemark>
  <Placemark id="buildings.978">
	<name>Iffa House Galle</name>
	<Style><LineStyle><color>ff0000ff</color></LineStyle><PolyStyle><fill>0</fill></PolyStyle></Style>
	<ExtendedData><SchemaData schemaUrl="#buildings">
		<SimpleData name="full_id">w516537142</SimpleData>
		<SimpleData name="osm_id">516537142</SimpleData>
		<SimpleData name="osm_type">way</SimpleData>
		<SimpleData name="building">yes</SimpleData>
		<SimpleData name="tourism">hotel</SimpleData>
	</SchemaData></ExtendedData>
      <MultiGeometry><Polygon><outerBoundaryIs><LinearRing><coordinates>80.2161256,6.0261387 80.2160539,6.0261413 80.216053,6.0262156 80.2161239,6.0262156 80.2161256,6.0261387</coordinates></LinearRing></outerBoundaryIs></Polygon></MultiGeometry>
  </Placemark>
  <Placemark id="buildings.979">
	<Style><LineStyle><color>ff0000ff</color></LineStyle><PolyStyle><fill>0</fill></PolyStyle></Style>
	<ExtendedData><SchemaData schemaUrl="#buildings">
		<SimpleData name="full_id">w516537157</SimpleData>
		<SimpleData name="osm_id">516537157</SimpleData>
		<SimpleData name="osm_type">way</SimpleData>
		<SimpleData name="building">yes</SimpleData>
	</SchemaData></ExtendedData>
      <MultiGeometry><Polygon><outerBoundaryIs><LinearRing><coordinates>80.2163409,6.0257499 80.2162946,6.0257426 80.2162893,6.0257757 80.2163356,6.025783 80.2163409,6.0257499</coordinates></LinearRing></outerBoundaryIs></Polygon></MultiGeometry>
  </Placemark>
  <Placemark id="buildings.980">
	<Style><LineStyle><color>ff0000ff</color></LineStyle><PolyStyle><fill>0</fill></PolyStyle></Style>
	<ExtendedData><SchemaData schemaUrl="#buildings">
		<SimpleData name="full_id">w516537156</SimpleData>
		<SimpleData name="osm_id">516537156</SimpleData>
		<SimpleData name="osm_type">way</SimpleData>
		<SimpleData name="building">yes</SimpleData>
	</SchemaData></ExtendedData>
      <MultiGeometry><Polygon><outerBoundaryIs><LinearRing><coordinates>80.2163107,6.0257272 80.2163787,6.0257422 80.2163941,6.0256728 80.2163261,6.0256579 80.2163107,6.0257272</coordinates></LinearRing></outerBoundaryIs></Polygon></MultiGeometry>
  </Placemark>
  <Placemark id="buildings.981">
	<Style><LineStyle><color>ff0000ff</color></LineStyle><PolyStyle><fill>0</fill></PolyStyle></Style>
	<ExtendedData><SchemaData schemaUrl="#buildings">
		<SimpleData name="full_id">w516537155</SimpleData>
		<SimpleData name="osm_id">516537155</SimpleData>
		<SimpleData name="osm_type">way</SimpleData>
		<SimpleData name="building">yes</SimpleData>
	</SchemaData></ExtendedData>
      <MultiGeometry><Polygon><outerBoundaryIs><LinearRing><coordinates>80.2163013,6.0255765 80.2162758,6.0256572 80.2163153,6.0256695 80.2163408,6.0255888 80.2163013,6.0255765</coordinates></LinearRing></outerBoundaryIs></Polygon></MultiGeometry>
  </Placemark>
  <Placemark id="buildings.982">
	<Style><LineStyle><color>ff0000ff</color></LineStyle><PolyStyle><fill>0</fill></PolyStyle></Style>
	<ExtendedData><SchemaData schemaUrl="#buildings">
		<SimpleData name="full_id">w516537154</SimpleData>
		<SimpleData name="osm_id">516537154</SimpleData>
		<SimpleData name="osm_type">way</SimpleData>
		<SimpleData name="building">yes</SimpleData>
	</SchemaData></ExtendedData>
      <MultiGeometry><Polygon><outerBoundaryIs><LinearRing><coordinates>80.2164757,6.0256942 80.2164358,6.0256825 80.2164192,6.0257385 80.2164591,6.0257502 80.2164757,6.0256942</coordinates></LinearRing></outerBoundaryIs></Polygon></MultiGeometry>
  </Placemark>
  <Placemark id="buildings.983">
	<Style><LineStyle><color>ff0000ff</color></LineStyle><PolyStyle><fill>0</fill></PolyStyle></Style>
	<ExtendedData><SchemaData schemaUrl="#buildings">
		<SimpleData name="full_id">w516537153</SimpleData>
		<SimpleData name="osm_id">516537153</SimpleData>
		<SimpleData name="osm_type">way</SimpleData>
		<SimpleData name="building">yes</SimpleData>
	</SchemaData></ExtendedData>
      <MultiGeometry><Polygon><outerBoundaryIs><LinearRing><coordinates>80.2165749,6.0257106 80.2164891,6.0256879 80.2164712,6.0257547 80.216557,6.0257774 80.2165749,6.0257106</coordinates></LinearRing></outerBoundaryIs></Polygon></MultiGeometry>
  </Placemark>
  <Placemark id="buildings.984">
	<Style><LineStyle><color>ff0000ff</color></LineStyle><PolyStyle><fill>0</fill></PolyStyle></Style>
	<ExtendedData><SchemaData schemaUrl="#buildings">
		<SimpleData name="full_id">w516537152</SimpleData>
		<SimpleData name="osm_id">516537152</SimpleData>
		<SimpleData name="osm_type">way</SimpleData>
		<SimpleData name="building">yes</SimpleData>
	</SchemaData></ExtendedData>
      <MultiGeometry><Polygon><outerBoundaryIs><LinearRing><coordinates>80.2166118,6.0256339 80.2165394,6.0256159 80.2165267,6.0256662 80.2165991,6.0256842 80.2166118,6.0256339</coordinates></LinearRing></outerBoundaryIs></Polygon></MultiGeometry>
  </Placemark>
  <Placemark id="buildings.985">
	<Style><LineStyle><color>ff0000ff</color></LineStyle><PolyStyle><fill>0</fill></PolyStyle></Style>
	<ExtendedData><SchemaData schemaUrl="#buildings">
		<SimpleData name="full_id">w516537151</SimpleData>
		<SimpleData name="osm_id">516537151</SimpleData>
		<SimpleData name="osm_type">way</SimpleData>
		<SimpleData name="building">yes</SimpleData>
	</SchemaData></ExtendedData>
      <MultiGeometry><Polygon><outerBoundaryIs><LinearRing><coordinates>80.2164984,6.0255772 80.2164448,6.0255625 80.2164345,6.0255999 80.2164881,6.0256146 80.2164984,6.0255772</coordinates></LinearRing></outerBoundaryIs></Polygon></MultiGeometry>
  </Placemark>
  <Placemark id="buildings.986">
	<Style><LineStyle><color>ff0000ff</color></LineStyle><PolyStyle><fill>0</fill></PolyStyle></Style>
	<ExtendedData><SchemaData schemaUrl="#buildings">
		<SimpleData name="full_id">w516537150</SimpleData>
		<SimpleData name="osm_id">516537150</SimpleData>
		<SimpleData name="osm_type">way</SimpleData>
		<SimpleData name="building">yes</SimpleData>
	</SchemaData></ExtendedData>
      <MultiGeometry><Polygon><outerBoundaryIs><LinearRing><coordinates>80.2169088,6.0254705 80.2168029,6.0254458 80.2167817,6.0255359 80.2168876,6.0255605 80.2169088,6.0254705</coordinates></LinearRing></outerBoundaryIs></Polygon></MultiGeometry>
  </Placemark>
  <Placemark id="buildings.987">
	<Style><LineStyle><color>ff0000ff</color></LineStyle><PolyStyle><fill>0</fill></PolyStyle></Style>
	<ExtendedData><SchemaData schemaUrl="#buildings">
		<SimpleData name="full_id">w516537096</SimpleData>
		<SimpleData name="osm_id">516537096</SimpleData>
		<SimpleData name="osm_type">way</SimpleData>
		<SimpleData name="building">yes</SimpleData>
	</SchemaData></ExtendedData>
      <MultiGeometry><Polygon><outerBoundaryIs><LinearRing><coordinates>80.2158266,6.0272916 80.215877,6.0272876 80.2158696,6.0271975 80.2158192,6.0272016 80.2158266,6.0272916</coordinates></LinearRing></outerBoundaryIs></Polygon></MultiGeometry>
  </Placemark>
  <Placemark id="buildings.988">
	<Style><LineStyle><color>ff0000ff</color></LineStyle><PolyStyle><fill>0</fill></PolyStyle></Style>
	<ExtendedData><SchemaData schemaUrl="#buildings">
		<SimpleData name="full_id">w516537095</SimpleData>
		<SimpleData name="osm_id">516537095</SimpleData>
		<SimpleData name="osm_type">way</SimpleData>
		<SimpleData name="building">yes</SimpleData>
	</SchemaData></ExtendedData>
      <MultiGeometry><Polygon><outerBoundaryIs><LinearRing><coordinates>80.2159633,6.0273923 80.2158085,6.0274037 80.2158144,6.0274843 80.2159693,6.027473 80.2159633,6.0273923</coordinates></LinearRing></outerBoundaryIs></Polygon></MultiGeometry>
  </Placemark>
  <Placemark id="buildings.989">
	<Style><LineStyle><color>ff0000ff</color></LineStyle><PolyStyle><fill>0</fill></PolyStyle></Style>
	<ExtendedData><SchemaData schemaUrl="#buildings">
		<SimpleData name="full_id">w516537094</SimpleData>
		<SimpleData name="osm_id">516537094</SimpleData>
		<SimpleData name="osm_type">way</SimpleData>
		<SimpleData name="building">yes</SimpleData>
	</SchemaData></ExtendedData>
      <MultiGeometry><Polygon><outerBoundaryIs><LinearRing><coordinates>80.2163529,6.027441 80.2163648,6.0273839 80.216173,6.0273446 80.2161612,6.0274017 80.2163529,6.027441</coordinates></LinearRing></outerBoundaryIs></Polygon></MultiGeometry>
  </Placemark>
  <Placemark id="buildings.990">
	<Style><LineStyle><color>ff0000ff</color></LineStyle><PolyStyle><fill>0</fill></PolyStyle></Style>
	<ExtendedData><SchemaData schemaUrl="#buildings">
		<SimpleData name="full_id">w516537093</SimpleData>
		<SimpleData name="osm_id">516537093</SimpleData>
		<SimpleData name="osm_type">way</SimpleData>
		<SimpleData name="building">yes</SimpleData>
	</SchemaData></ExtendedData>
      <MultiGeometry><Polygon><outerBoundaryIs><LinearRing><coordinates>80.2161538,6.0274057 80.2161625,6.0273577 80.2160758,6.0273421 80.2160671,6.0273901 80.2161538,6.0274057</coordinates></LinearRing></outerBoundaryIs></Polygon></MultiGeometry>
  </Placemark>
  <Placemark id="buildings.991">
	<Style><LineStyle><color>ff0000ff</color></LineStyle><PolyStyle><fill>0</fill></PolyStyle></Style>
	<ExtendedData><SchemaData schemaUrl="#buildings">
		<SimpleData name="full_id">w516537092</SimpleData>
		<SimpleData name="osm_id">516537092</SimpleData>
		<SimpleData name="osm_type">way</SimpleData>
		<SimpleData name="building">yes</SimpleData>
	</SchemaData></ExtendedData>
      <MultiGeometry><Polygon><outerBoundaryIs><LinearRing><coordinates>80.2160686,6.0273357 80.2161632,6.0273503 80.2161745,6.0272784 80.2160799,6.0272637 80.2160686,6.0273357</coordinates></LinearRing></outerBoundaryIs></Polygon></MultiGeometry>
  </Placemark>
  <Placemark id="buildings.992">
	<Style><LineStyle><color>ff0000ff</color></LineStyle><PolyStyle><fill>0</fill></PolyStyle></Style>
	<ExtendedData><SchemaData schemaUrl="#buildings">
		<SimpleData name="full_id">w516537091</SimpleData>
		<SimpleData name="osm_id">516537091</SimpleData>
		<SimpleData name="osm_type">way</SimpleData>
		<SimpleData name="building">yes</SimpleData>
	</SchemaData></ExtendedData>
      <MultiGeometry><Polygon><outerBoundaryIs><LinearRing><coordinates>80.2159991,6.0272081 80.2158895,6.0272078 80.2158893,6.0272936 80.2158584,6.0272935 80.2158582,6.0273907 80.2159429,6.0273908 80.215943,6.0273341 80.2159698,6.0273342 80.2159697,6.0273728 80.2160601,6.027373 80.2160604,6.0272156 80.2159991,6.0272155 80.2159991,6.0272081</coordinates></LinearRing></outerBoundaryIs></Polygon></MultiGeometry>
  </Placemark>
  <Placemark id="buildings.993">
	<Style><LineStyle><color>ff0000ff</color></LineStyle><PolyStyle><fill>0</fill></PolyStyle></Style>
	<ExtendedData><SchemaData schemaUrl="#buildings">
		<SimpleData name="full_id">w516537090</SimpleData>
		<SimpleData name="osm_id">516537090</SimpleData>
		<SimpleData name="osm_type">way</SimpleData>
		<SimpleData name="building">yes</SimpleData>
	</SchemaData></ExtendedData>
      <MultiGeometry><Polygon><outerBoundaryIs><LinearRing><coordinates>80.2164743,6.0277111 80.2165446,6.027734 80.2165714,6.0276526 80.2165011,6.0276297 80.2164743,6.0277111</coordinates></LinearRing></outerBoundaryIs></Polygon></MultiGeometry>
  </Placemark>
  <Placemark id="buildings.994">
	<Style><LineStyle><color>ff0000ff</color></LineStyle><PolyStyle><fill>0</fill></PolyStyle></Style>
	<ExtendedData><SchemaData schemaUrl="#buildings">
		<SimpleData name="full_id">w516537089</SimpleData>
		<SimpleData name="osm_id">516537089</SimpleData>
		<SimpleData name="osm_type">way</SimpleData>
		<SimpleData name="building">yes</SimpleData>
	</SchemaData></ExtendedData>
      <MultiGeometry><Polygon><outerBoundaryIs><LinearRing><coordinates>80.2165212,6.0277471 80.2164439,6.0277232 80.2163983,6.0278693 80.2164757,6.0278931 80.2165212,6.0277471</coordinates></LinearRing></outerBoundaryIs></Polygon></MultiGeometry>
  </Placemark>
  <Placemark id="buildings.995">
	<Style><LineStyle><color>ff0000ff</color></LineStyle><PolyStyle><fill>0</fill></PolyStyle></Style>
	<ExtendedData><SchemaData schemaUrl="#buildings">
		<SimpleData name="full_id">w516537104</SimpleData>
		<SimpleData name="osm_id">516537104</SimpleData>
		<SimpleData name="osm_type">way</SimpleData>
		<SimpleData name="building">yes</SimpleData>
	</SchemaData></ExtendedData>
      <MultiGeometry><Polygon><outerBoundaryIs><LinearRing><coordinates>80.2154276,6.027263 80.2154793,6.0272665 80.2154866,6.0271591 80.215435,6.0271556 80.2154276,6.027263</coordinates></LinearRing></outerBoundaryIs></Polygon></MultiGeometry>
  </Placemark>
  <Placemark id="buildings.996">
	<Style><LineStyle><color>ff0000ff</color></LineStyle><PolyStyle><fill>0</fill></PolyStyle></Style>
	<ExtendedData><SchemaData schemaUrl="#buildings">
		<SimpleData name="full_id">w516537103</SimpleData>
		<SimpleData name="osm_id">516537103</SimpleData>
		<SimpleData name="osm_type">way</SimpleData>
		<SimpleData name="building">yes</SimpleData>
	</SchemaData></ExtendedData>
      <MultiGeometry><Polygon><outerBoundaryIs><LinearRing><coordinates>80.2154946,6.027279 80.2155704,6.027279 80.2155704,6.0271649 80.2154946,6.0271649 80.2154946,6.027279</coordinates></LinearRing></outerBoundaryIs></Polygon></MultiGeometry>
  </Placemark>
  <Placemark id="buildings.997">
	<name>Fort Dew</name>
	<Style><LineStyle><color>ff0000ff</color></LineStyle><PolyStyle><fill>0</fill></PolyStyle></Style>
	<ExtendedData><SchemaData schemaUrl="#buildings">
		<SimpleData name="full_id">w516537102</SimpleData>
		<SimpleData name="osm_id">516537102</SimpleData>
		<SimpleData name="osm_type">way</SimpleData>
		<SimpleData name="building">yes</SimpleData>
		<SimpleData name="tourism">guest_house</SimpleData>
		<SimpleData name="image">https://photos.app.goo.gl/swf69En99UUsmihT8</SimpleData>
	</SchemaData></ExtendedData>
      <MultiGeometry><Polygon><outerBoundaryIs><LinearRing><coordinates>80.215325,6.0271656 80.2152233,6.0271493 80.2152092,6.027236 80.2153109,6.0272523 80.215325,6.0271656</coordinates></LinearRing></outerBoundaryIs></Polygon></MultiGeometry>
  </Placemark>
  <Placemark id="buildings.998">
	<name>Captain's Lounge</name>
	<Style><LineStyle><color>ff0000ff</color></LineStyle><PolyStyle><fill>0</fill></PolyStyle></Style>
	<ExtendedData><SchemaData schemaUrl="#buildings">
		<SimpleData name="full_id">w516537101</SimpleData>
		<SimpleData name="osm_id">516537101</SimpleData>
		<SimpleData name="osm_type">way</SimpleData>
		<SimpleData name="building">yes</SimpleData>
		<SimpleData name="tourism">guest_house</SimpleData>
	</SchemaData></ExtendedData>
      <MultiGeometry><Polygon><outerBoundaryIs><LinearRing><coordinates>80.2156033,6.027321 80.2156932,6.0273214 80.2156938,6.0271927 80.2156039,6.0271923 80.2156033,6.027321</coordinates></LinearRing></outerBoundaryIs></Polygon></MultiGeometry>
  </Placemark>
  <Placemark id="buildings.999">
	<Style><LineStyle><color>ff0000ff</color></LineStyle><PolyStyle><fill>0</fill></PolyStyle></Style>
	<ExtendedData><SchemaData schemaUrl="#buildings">
		<SimpleData name="full_id">w516537100</SimpleData>
		<SimpleData name="osm_id">516537100</SimpleData>
		<SimpleData name="osm_type">way</SimpleData>
		<SimpleData name="building">yes</SimpleData>
	</SchemaData></ExtendedData>
      <MultiGeometry><Polygon><outerBoundaryIs><LinearRing><coordinates>80.2156924,6.0273357 80.2156301,6.0273383 80.2156319,6.0273814 80.2156943,6.0273788 80.2156924,6.0273357</coordinates></LinearRing></outerBoundaryIs></Polygon></MultiGeometry>
  </Placemark>
  <Placemark id="buildings.1000">
	<Style><LineStyle><color>ff0000ff</color></LineStyle><PolyStyle><fill>0</fill></PolyStyle></Style>
	<ExtendedData><SchemaData schemaUrl="#buildings">
		<SimpleData name="full_id">w516537099</SimpleData>
		<SimpleData name="osm_id">516537099</SimpleData>
		<SimpleData name="osm_type">way</SimpleData>
		<SimpleData name="building">yes</SimpleData>
	</SchemaData></ExtendedData>
      <MultiGeometry><Polygon><outerBoundaryIs><LinearRing><coordinates>80.215724,6.0273583 80.2157656,6.0273547 80.2157582,6.0272701 80.2157166,6.0272736 80.215724,6.0273583</coordinates></LinearRing></outerBoundaryIs></Polygon></MultiGeometry>
  </Placemark>
  <Placemark id="buildings.1001">
	<Style><LineStyle><color>ff0000ff</color></LineStyle><PolyStyle><fill>0</fill></PolyStyle></Style>
	<ExtendedData><SchemaData schemaUrl="#buildings">
		<SimpleData name="full_id">w516537098</SimpleData>
		<SimpleData name="osm_id">516537098</SimpleData>
		<SimpleData name="osm_type">way</SimpleData>
		<SimpleData name="building">yes</SimpleData>
	</SchemaData></ExtendedData>
      <MultiGeometry><Polygon><outerBoundaryIs><LinearRing><coordinates>80.2157655,6.027269 80.2158018,6.0272694 80.2158025,6.0272067 80.2157662,6.0272063 80.2157655,6.027269</coordinates></LinearRing></outerBoundaryIs></Polygon></MultiGeometry>
  </Placemark>
  <Placemark id="buildings.1002">
	<Style><LineStyle><color>ff0000ff</color></LineStyle><PolyStyle><fill>0</fill></PolyStyle></Style>
	<ExtendedData><SchemaData schemaUrl="#buildings">
		<SimpleData name="full_id">w516537097</SimpleData>
		<SimpleData name="osm_id">516537097</SimpleData>
		<SimpleData name="osm_type">way</SimpleData>
		<SimpleData name="building">yes</SimpleData>
	</SchemaData></ExtendedData>
      <MultiGeometry><Polygon><outerBoundaryIs><LinearRing><coordinates>80.2158198,6.0273843 80.2158078,6.0272823 80.2157703,6.0272867 80.2157823,6.0273887 80.2158198,6.0273843</coordinates></LinearRing></outerBoundaryIs></Polygon></MultiGeometry>
  </Placemark>
  <Placemark id="buildings.1003">
	<Style><LineStyle><color>ff0000ff</color></LineStyle><PolyStyle><fill>0</fill></PolyStyle></Style>
	<ExtendedData><SchemaData schemaUrl="#buildings">
		<SimpleData name="full_id">w516537112</SimpleData>
		<SimpleData name="osm_id">516537112</SimpleData>
		<SimpleData name="osm_type">way</SimpleData>
		<SimpleData name="building">yes</SimpleData>
	</SchemaData></ExtendedData>
      <MultiGeometry><Polygon><outerBoundaryIs><LinearRing><coordinates>80.2157105,6.0276484 80.2156287,6.0275577 80.2155704,6.0276098 80.2156522,6.0277005 80.2157105,6.0276484</coordinates></LinearRing></outerBoundaryIs></Polygon></MultiGeometry>
  </Placemark>
  <Placemark id="buildings.1004">
	<Style><LineStyle><color>ff0000ff</color></LineStyle><PolyStyle><fill>0</fill></PolyStyle></Style>
	<ExtendedData><SchemaData schemaUrl="#buildings">
		<SimpleData name="full_id">w516537111</SimpleData>
		<SimpleData name="osm_id">516537111</SimpleData>
		<SimpleData name="osm_type">way</SimpleData>
		<SimpleData name="building">yes</SimpleData>
	</SchemaData></ExtendedData>
      <MultiGeometry><Polygon><outerBoundaryIs><LinearRing><coordinates>80.2157548,6.0277044 80.2157132,6.0276597 80.215663,6.027706 80.2157045,6.0277507 80.2157548,6.0277044</coordinates></LinearRing></outerBoundaryIs></Polygon></MultiGeometry>
  </Placemark>
  <Placemark id="buildings.1005">
	<Style><LineStyle><color>ff0000ff</color></LineStyle><PolyStyle><fill>0</fill></PolyStyle></Style>
	<ExtendedData><SchemaData schemaUrl="#buildings">
		<SimpleData name="full_id">w516537110</SimpleData>
		<SimpleData name="osm_id">516537110</SimpleData>
		<SimpleData name="osm_type">way</SimpleData>
		<SimpleData name="building">yes</SimpleData>
	</SchemaData></ExtendedData>
      <MultiGeometry><Polygon><outerBoundaryIs><LinearRing><coordinates>80.215962,6.0277724 80.2157709,6.0278198 80.215789,6.0278921 80.2159801,6.0278448 80.215962,6.0277724</coordinates></LinearRing></outerBoundaryIs></Polygon></MultiGeometry>
  </Placemark>
  <Placemark id="buildings.1006">
	<Style><LineStyle><color>ff0000ff</color></LineStyle><PolyStyle><fill>0</fill></PolyStyle></Style>
	<ExtendedData><SchemaData schemaUrl="#buildings">
		<SimpleData name="full_id">w516537109</SimpleData>
		<SimpleData name="osm_id">516537109</SimpleData>
		<SimpleData name="osm_type">way</SimpleData>
		<SimpleData name="building">yes</SimpleData>
	</SchemaData></ExtendedData>
      <MultiGeometry><Polygon><outerBoundaryIs><LinearRing><coordinates>80.2159754,6.0278771 80.2158366,6.0279198 80.2158901,6.0280335 80.2160128,6.0279975 80.2159754,6.0278771</coordinates></LinearRing></outerBoundaryIs></Polygon></MultiGeometry>
  </Placemark>
  <Placemark id="buildings.1007">
	<Style><LineStyle><color>ff0000ff</color></LineStyle><PolyStyle><fill>0</fill></PolyStyle></Style>
	<ExtendedData><SchemaData schemaUrl="#buildings">
		<SimpleData name="full_id">w516537108</SimpleData>
		<SimpleData name="osm_id">516537108</SimpleData>
		<SimpleData name="osm_type">way</SimpleData>
		<SimpleData name="building">yes</SimpleData>
	</SchemaData></ExtendedData>
      <MultiGeometry><Polygon><outerBoundaryIs><LinearRing><coordinates>80.2157293,6.0277944 80.215556,6.0276072 80.215557,6.0276057 80.2155506,6.0276014 80.2155503,6.0276011 80.2155502,6.0276011 80.2154162,6.0275104 80.2154057,6.0275257 80.2153577,6.0274933 80.2152928,6.0275884 80.2153867,6.0276517 80.2154006,6.0276313 80.2154794,6.0276847 80.2156491,6.0278679 80.2157293,6.0277944</coordinates></LinearRing></outerBoundaryIs></Polygon></MultiGeometry>
  </Placemark>
  <Placemark id="buildings.1008">
	<Style><LineStyle><color>ff0000ff</color></LineStyle><PolyStyle><fill>0</fill></PolyStyle></Style>
	<ExtendedData><SchemaData schemaUrl="#buildings">
		<SimpleData name="full_id">w516537107</SimpleData>
		<SimpleData name="osm_id">516537107</SimpleData>
		<SimpleData name="osm_type">way</SimpleData>
		<SimpleData name="building">yes</SimpleData>
	</SchemaData></ExtendedData>
      <MultiGeometry><Polygon><outerBoundaryIs><LinearRing><coordinates>80.2154419,6.0273913 80.215532,6.027415 80.2155416,6.027379 80.2154979,6.0273675 80.2154993,6.027333 80.2154148,6.0273297 80.2154124,6.0273901 80.2154419,6.0273913</coordinates></LinearRing></outerBoundaryIs></Polygon></MultiGeometry>
  </Placemark>
  <Placemark id="buildings.1009">
	<Style><LineStyle><color>ff0000ff</color></LineStyle><PolyStyle><fill>0</fill></PolyStyle></Style>
	<ExtendedData><SchemaData schemaUrl="#buildings">
		<SimpleData name="full_id">w516537106</SimpleData>
		<SimpleData name="osm_id">516537106</SimpleData>
		<SimpleData name="osm_type">way</SimpleData>
		<SimpleData name="building">yes</SimpleData>
	</SchemaData></ExtendedData>
      <MultiGeometry><Polygon><outerBoundaryIs><LinearRing><coordinates>80.2154061,6.0272516 80.2153231,6.0272413 80.215309,6.0273526 80.215392,6.027363 80.2154061,6.0272516</coordinates></LinearRing></outerBoundaryIs></Polygon></MultiGeometry>
  </Placemark>
  <Placemark id="buildings.1010">
	<Style><LineStyle><color>ff0000ff</color></LineStyle><PolyStyle><fill>0</fill></PolyStyle></Style>
	<ExtendedData><SchemaData schemaUrl="#buildings">
		<SimpleData name="full_id">w516537105</SimpleData>
		<SimpleData name="osm_id">516537105</SimpleData>
		<SimpleData name="osm_type">way</SimpleData>
		<SimpleData name="building">yes</SimpleData>
	</SchemaData></ExtendedData>
      <MultiGeometry><Polygon><outerBoundaryIs><LinearRing><coordinates>80.2154249,6.0271549 80.2153478,6.0271463 80.2153382,6.0272308 80.2154153,6.0272395 80.2154249,6.0271549</coordinates></LinearRing></outerBoundaryIs></Polygon></MultiGeometry>
  </Placemark>
  <Placemark id="buildings.1011">
	<Style><LineStyle><color>ff0000ff</color></LineStyle><PolyStyle><fill>0</fill></PolyStyle></Style>
	<ExtendedData><SchemaData schemaUrl="#buildings">
		<SimpleData name="full_id">w516537120</SimpleData>
		<SimpleData name="osm_id">516537120</SimpleData>
		<SimpleData name="osm_type">way</SimpleData>
		<SimpleData name="building">yes</SimpleData>
	</SchemaData></ExtendedData>
      <MultiGeometry><Polygon><outerBoundaryIs><LinearRing><coordinates>80.2157649,6.0280358 80.2156334,6.0279038 80.2155692,6.0279671 80.2157006,6.0280991 80.2157649,6.0280358</coordinates></LinearRing></outerBoundaryIs></Polygon></MultiGeometry>
  </Placemark>
  <Placemark id="buildings.1012">
	<Style><LineStyle><color>ff0000ff</color></LineStyle><PolyStyle><fill>0</fill></PolyStyle></Style>
	<ExtendedData><SchemaData schemaUrl="#buildings">
		<SimpleData name="full_id">w516537119</SimpleData>
		<SimpleData name="osm_id">516537119</SimpleData>
		<SimpleData name="osm_type">way</SimpleData>
		<SimpleData name="building">yes</SimpleData>
	</SchemaData></ExtendedData>
      <MultiGeometry><Polygon><outerBoundaryIs><LinearRing><coordinates>80.215848,6.0279685 80.2157119,6.0278145 80.2156344,6.0278822 80.2157705,6.0280362 80.215848,6.0279685</coordinates></LinearRing></outerBoundaryIs></Polygon></MultiGeometry>
  </Placemark>
  <Placemark id="buildings.1013">
	<Style><LineStyle><color>ff0000ff</color></LineStyle><PolyStyle><fill>0</fill></PolyStyle></Style>
	<ExtendedData><SchemaData schemaUrl="#buildings">
		<SimpleData name="full_id">w516537118</SimpleData>
		<SimpleData name="osm_id">516537118</SimpleData>
		<SimpleData name="osm_type">way</SimpleData>
		<SimpleData name="building">yes</SimpleData>
	</SchemaData></ExtendedData>
      <MultiGeometry><Polygon><outerBoundaryIs><LinearRing><coordinates>80.2154236,6.0280265 80.2151962,6.0278118 80.2150972,6.0279155 80.2153245,6.0281302 80.2154236,6.0280265</coordinates></LinearRing></outerBoundaryIs></Polygon></MultiGeometry>
  </Placemark>
  <Placemark id="buildings.1014">
	<Style><LineStyle><color>ff0000ff</color></LineStyle><PolyStyle><fill>0</fill></PolyStyle></Style>
	<ExtendedData><SchemaData schemaUrl="#buildings">
		<SimpleData name="full_id">w516537117</SimpleData>
		<SimpleData name="osm_id">516537117</SimpleData>
		<SimpleData name="osm_type">way</SimpleData>
		<SimpleData name="building">yes</SimpleData>
	</SchemaData></ExtendedData>
      <MultiGeometry><Polygon><outerBoundaryIs><LinearRing><coordinates>80.215203,6.0282957 80.2151984,6.0283007 80.2152949,6.0283885 80.215386,6.0282895 80.2152898,6.028202 80.2152555,6.0282394 80.2151813,6.0281718 80.2151291,6.0282285 80.215203,6.0282957</coordinates></LinearRing></outerBoundaryIs></Polygon></MultiGeometry>
  </Placemark>
  <Placemark id="buildings.1015">
	<Style><LineStyle><color>ff0000ff</color></LineStyle><PolyStyle><fill>0</fill></PolyStyle></Style>
	<ExtendedData><SchemaData schemaUrl="#buildings">
		<SimpleData name="full_id">w516537116</SimpleData>
		<SimpleData name="osm_id">516537116</SimpleData>
		<SimpleData name="osm_type">way</SimpleData>
		<SimpleData name="building">yes</SimpleData>
	</SchemaData></ExtendedData>
      <MultiGeometry><Polygon><outerBoundaryIs><LinearRing><coordinates>80.2152336,6.0280771 80.2151105,6.0279985 80.2151068,6.0280043 80.2150324,6.0279568 80.214985,6.0280301 80.2150558,6.0280753 80.2150505,6.0280836 80.2151772,6.0281645 80.2152336,6.0280771</coordinates></LinearRing></outerBoundaryIs></Polygon></MultiGeometry>
  </Placemark>
  <Placemark id="buildings.1016">
	<Style><LineStyle><color>ff0000ff</color></LineStyle><PolyStyle><fill>0</fill></PolyStyle></Style>
	<ExtendedData><SchemaData schemaUrl="#buildings">
		<SimpleData name="full_id">w516537115</SimpleData>
		<SimpleData name="osm_id">516537115</SimpleData>
		<SimpleData name="osm_type">way</SimpleData>
		<SimpleData name="building">yes</SimpleData>
	</SchemaData></ExtendedData>
      <MultiGeometry><Polygon><outerBoundaryIs><LinearRing><coordinates>80.2156274,6.0278771 80.2154229,6.0276771 80.2153181,6.0277831 80.2155226,6.0279831 80.2156274,6.0278771</coordinates></LinearRing></outerBoundaryIs></Polygon></MultiGeometry>
  </Placemark>
  <Placemark id="buildings.1017">
	<Style><LineStyle><color>ff0000ff</color></LineStyle><PolyStyle><fill>0</fill></PolyStyle></Style>
	<ExtendedData><SchemaData schemaUrl="#buildings">
		<SimpleData name="full_id">w516537114</SimpleData>
		<SimpleData name="osm_id">516537114</SimpleData>
		<SimpleData name="osm_type">way</SimpleData>
		<SimpleData name="building">yes</SimpleData>
	</SchemaData></ExtendedData>
      <MultiGeometry><Polygon><outerBoundaryIs><LinearRing><coordinates>80.2154772,6.0280418 80.2154447,6.0280107 80.215382,6.0280754 80.2154145,6.0281065 80.2154772,6.0280418</coordinates></LinearRing></outerBoundaryIs></Polygon></MultiGeometry>
  </Placemark>
  <Placemark id="buildings.1018">
	<Style><LineStyle><color>ff0000ff</color></LineStyle><PolyStyle><fill>0</fill></PolyStyle></Style>
	<ExtendedData><SchemaData schemaUrl="#buildings">
		<SimpleData name="full_id">w516537113</SimpleData>
		<SimpleData name="osm_id">516537113</SimpleData>
		<SimpleData name="osm_type">way</SimpleData>
		<SimpleData name="building">yes</SimpleData>
	</SchemaData></ExtendedData>
      <MultiGeometry><Polygon><outerBoundaryIs><LinearRing><coordinates>80.2153867,6.0276737 80.2152961,6.0276111 80.2152474,6.0276807 80.2153379,6.0277434 80.2153867,6.0276737</coordinates></LinearRing></outerBoundaryIs></Polygon></MultiGeometry>
  </Placemark>
  <Placemark id="buildings.1019">
	<Style><LineStyle><color>ff0000ff</color></LineStyle><PolyStyle><fill>0</fill></PolyStyle></Style>
	<ExtendedData><SchemaData schemaUrl="#buildings">
		<SimpleData name="full_id">w516540114</SimpleData>
		<SimpleData name="osm_id">516540114</SimpleData>
		<SimpleData name="osm_type">way</SimpleData>
		<SimpleData name="building">yes</SimpleData>
	</SchemaData></ExtendedData>
      <MultiGeometry><Polygon><outerBoundaryIs><LinearRing><coordinates>80.217867,6.0355625 80.2180217,6.0356009 80.2180552,6.0354675 80.2179006,6.0354291 80.217867,6.0355625</coordinates></LinearRing></outerBoundaryIs></Polygon></MultiGeometry>
  </Placemark>
  <Placemark id="buildings.1020">
	<Style><LineStyle><color>ff0000ff</color></LineStyle><PolyStyle><fill>0</fill></PolyStyle></Style>
	<ExtendedData><SchemaData schemaUrl="#buildings">
		<SimpleData name="full_id">w516540113</SimpleData>
		<SimpleData name="osm_id">516540113</SimpleData>
		<SimpleData name="osm_type">way</SimpleData>
		<SimpleData name="building">yes</SimpleData>
	</SchemaData></ExtendedData>
      <MultiGeometry><Polygon><outerBoundaryIs><LinearRing><coordinates>80.2181151,6.0355051 80.2181718,6.0355092 80.2181798,6.0353985 80.2181232,6.0353944 80.2181151,6.0355051</coordinates></LinearRing></outerBoundaryIs></Polygon></MultiGeometry>
  </Placemark>
  <Placemark id="buildings.1021">
	<Style><LineStyle><color>ff0000ff</color></LineStyle><PolyStyle><fill>0</fill></PolyStyle></Style>
	<ExtendedData><SchemaData schemaUrl="#buildings">
		<SimpleData name="full_id">w516540112</SimpleData>
		<SimpleData name="osm_id">516540112</SimpleData>
		<SimpleData name="osm_type">way</SimpleData>
		<SimpleData name="building">yes</SimpleData>
	</SchemaData></ExtendedData>
      <MultiGeometry><Polygon><outerBoundaryIs><LinearRing><coordinates>80.2182694,6.0357092 80.2183777,6.0357166 80.2184155,6.0354599 80.2183978,6.0354258 80.2182895,6.0354184 80.2182694,6.0357092</coordinates></LinearRing></outerBoundaryIs></Polygon></MultiGeometry>
  </Placemark>
</Folder>
</Document></kml>
